,1,2,3,4,5,6,7,8,9,10,11,12,13,14,15,16,17,18,19,20,21,22,23,24
bAccGen1,0.07816872,0.18371957,0.70605935,0.00302401,0.00168289,0.00364888,0.00089096,0.00013371,8.34e-06,0.00012671,0.00010504,0.01324975,0.00011704,7.703e-05,0.00462087,0.00012538,1.867e-05,4.568e-05,2.134e-05,5.068e-05,0.0,1.734e-05,0.00143114,5.34e-06
bAnaAcu1,0.143519,0.13503767,0.666207,0.04138933,0.00811267,0.001961,0.00062033,0.000111,4.67e-06,6.33e-06,0.000187,3.867e-05,2.067e-05,5.67e-06,3.833e-05,1.567e-05,1.033e-05,4.67e-06,1.1e-05,3.3e-07,2.067e-05,1.1e-05,2.333e-05,2.67e-06
bAnsBra1,0.12367022,0.18596069,0.67275683,0.00901432,0.00386709,0.00134577,0.00062825,0.00022085,0.0,6.33e-06,2.132e-05,8.33e-06,3.131e-05,3.098e-05,7.662e-05,1.499e-05,5e-06,6.362e-05,4.73e-05,3e-06,1.332e-05,5.33e-06,1.832e-05,5e-06
bCinCin1,0.10925292,0.27391903,0.59629623,0.00621526,0.00758247,0.00130223,0.00101333,0.00013162,2.066e-05,5e-06,7.797e-05,2.166e-05,0.00012063,0.00010696,0.00016328,1.066e-05,1e-05,0.00026225,1.633e-05,5.33e-06,4.33e-06,5.165e-05,2.166e-05,1.4e-05
bClaHye2,0.11849583,0.15589063,0.69173158,0.02296932,0.00495065,0.00167589,0.00075625,0.00040113,0.0,3.33e-06,0.0001077,6e-06,1e-05,3.168e-05,3.67e-06,6.7e-07,3.3e-07,1.33e-06,2e-06,4e-06,4e-06,2.768e-05,4.568e-05,1.33e-06
bFriCoe1,0.17148568,0.3167505,0.49148434,0.00767788,0.0036459,0.00120686,0.00469487,0.00011226,3.897e-05,1.166e-05,2.632e-05,6.33e-06,0.00040073,2.798e-05,9.694e-05,9.66e-06,2.199e-05,7.528e-05,5e-06,3.198e-05,5.53e-05,3.931e-05,5.696e-05,6.7e-07
bLarFus1,0.05039446,0.17788696,0.75464888,0.00778826,0.00320874,0.0026899,0.00052684,0.00016772,1.867e-05,2.601e-05,2.968e-05,3.001e-05,3.134e-05,1.4e-05,5.635e-05,0.00010804,1.967e-05,2.501e-05,2.267e-05,1.334e-05,2.501e-05,5.67e-06,5.002e-05,1.167e-05
bPhaCar2,0.10673909,0.14069444,0.73725691,0.0042096,0.00282706,0.00433222,0.00078874,9.63e-05,1.33e-06,6.031e-05,7.797e-05,0.00026558,2.67e-06,4.33e-06,8.797e-05,4.932e-05,1.166e-05,1.2e-05,0.0,2e-06,1.1e-05,4.33e-06,4.998e-05,2.499e-05
bTetUro1,0.13095002,0.12942586,0.7184052,0.01291669,0.00201766,0.00256548,0.00125292,0.00027258,0.0,4.065e-05,8.564e-05,2.732e-05,4.67e-06,2.33e-06,7.66e-06,1e-05,1.366e-05,6e-06,8e-06,4.67e-06,1.67e-06,3.932e-05,1.33e-06,3.266e-05
daAjuCham1,0.19118294,0.3255948,0.05952116,0.33351416,0.07069777,0.00153582,0.00195935,0.00012129,1.533e-05,4.399e-05,8.83e-05,8.33e-06,0.00033256,1.1e-05,1.866e-05,1.599e-05,2.166e-05,9.13e-05,2e-06,1.066e-05,2.333e-05,1.5e-05,7.531e-05,3.3e-07
daArcMinu1,0.09317549,0.21134732,0.00642258,0.36985581,0.26187346,0.00280952,0.00090543,9.557e-05,3.03e-05,7.093e-05,0.00266167,1.798e-05,0.0002634,3.23e-05,0.00011655,6.727e-05,6.99e-06,1.698e-05,1.199e-05,0.00011555,0.00011522,4.895e-05,4.33e-06,0.00035398
daBalNigr1,0.17911196,0.14944752,0.01069843,0.43754115,0.20591903,0.00189337,0.0009117,0.0004022,3.67e-06,1.733e-05,0.00044219,9e-06,0.0001083,1.433e-05,3.799e-05,2.699e-05,5.931e-05,5.66e-06,2.67e-06,3.33e-06,2.333e-05,1.566e-05,4.332e-05,2.33e-06
daLigVulg1,0.11839867,0.229521,0.02175433,0.403196,0.20145767,0.00216567,0.00188533,0.000229,3.3e-07,1.767e-05,0.001379,6.67e-06,0.00017633,1.933e-05,2.367e-05,3.67e-06,4.367e-05,3.67e-06,1e-06,1.1e-05,2.7e-05,1.867e-05,1e-05,4.33e-06
daLinVulg1,0.13037633,0.286414,0.00241367,0.41840833,0.14895133,0.00253533,0.000582,0.000238,5.33e-06,1.167e-05,0.00134,1.667e-05,0.00016033,1.33e-06,6.933e-05,4.133e-05,4.067e-05,2.7e-05,1.067e-05,3.2e-05,4e-06,6e-06,0.000133,7.2e-05
daMisOron1,0.25381561,0.38074892,0.09646916,0.24828343,0.00648016,0.00284128,0.00303034,0.00042948,1.1e-05,3.33e-06,0.00011304,3.068e-05,0.00010704,0.00038046,0.00016606,4e-06,6.002e-05,9.203e-05,2.901e-05,3.368e-05,1e-06,1.2e-05,0.00010537,1.734e-05
daPseLute1,0.24745621,0.20165867,0.05653513,0.41964635,0.04900699,0.00175724,0.00249284,0.00026807,1.598e-05,4.995e-05,0.0052644,0.00020313,0.00018615,3.363e-05,2.964e-05,2e-06,7.193e-05,4.795e-05,6.76e-05,1e-06,7.959e-05,1.532e-05,4.962e-05,6.26e-05
daPulDyse1,0.26001868,0.23794229,0.02122582,0.37474249,0.09511374,0.00178586,0.00104103,8.406e-05,0.0,5.304e-05,0.00012475,9.01e-06,0.00016411,0.00018679,7.238e-05,1.001e-05,7.67e-06,1.301e-05,3.502e-05,1.968e-05,3.269e-05,8.005e-05,1.234e-05,6.7e-07
daScuGale1,0.208894,0.22601967,0.05561467,0.425643,0.052517,0.001023,0.00112933,0.00019,3.67e-06,5.33e-06,1.233e-05,1e-05,4.6e-05,3.433e-05,5e-06,4.67e-06,2.5e-05,0.0,3.833e-05,4.833e-05,1.467e-05,8.667e-05,0.00017967,9.767e-05
daScuMino1,0.24059253,0.20289463,0.03386962,0.38182661,0.07598399,0.00283995,0.0012114,0.0001027,0.00016239,9.036e-05,2.301e-05,0.00049783,0.00017973,1.767e-05,2.734e-05,8.603e-05,0.00010804,4.001e-05,7.202e-05,5.67e-06,2e-06,0.00033411,0.00013571,0.0002114
daSolDulc1,0.12821046,0.30054745,0.14643523,0.21248485,0.17440493,0.01137562,0.00262704,0.01077689,1.67e-06,5.328e-05,0.00207959,2.33e-06,0.0002331,0.00025608,1.332e-05,1.499e-05,1.465e-05,0.00019447,0.0,4.33e-06,1.099e-05,0.00025308,1.33e-06,1.532e-05
daVerOffi1,0.12632278,0.42626649,0.140995,0.2896539,0.00672418,0.00168854,0.00547268,0.00015956,1.33e-06,3.631e-05,0.00011126,2.265e-05,0.0002022,7.595e-05,3.531e-05,6.7e-07,4.33e-06,5e-06,5.896e-05,6.729e-05,1e-06,3.33e-06,7.66e-06,1.266e-05
dcAgrGith1,0.30546185,0.33465078,0.03412896,0.2984935,0.01414795,0.0017854,0.00148117,0.00035288,2.67e-06,4.665e-05,0.00021526,1.1e-05,1.5e-05,6.498e-05,1.5e-05,6.7e-07,1.633e-05,9e-06,0.00010863,8e-06,7.398e-05,3.699e-05,2.233e-05,3.466e-05
dcCheAlbu1,0.60903401,0.1454945,0.08981227,0.09875192,0.00473124,0.00137813,0.03619873,0.00078293,4e-06,1e-05,3.334e-05,0.00014605,3.001e-05,0.00012471,2.134e-05,1e-06,3.468e-05,1.234e-05,4.135e-05,4.335e-05,1.2e-05,1.501e-05,8e-06,8e-06
dcPolAvic1,0.30847216,0.34020273,0.08635078,0.10593031,0.00667489,0.00240847,0.02374125,0.00022708,6.7e-07,3.134e-05,9.703e-05,9.34e-06,0.00013371,0.00100734,0.00022774,9.036e-05,1.2e-05,0.00011404,0.00021207,0.00020073,6.135e-05,9.136e-05,0.00018773,0.00071524
dcSpeBocc1,0.29216622,0.12243471,0.029999,0.21938641,0.00906596,0.05194937,0.00198035,0.00029547,0.0,0.06005363,6.862e-05,0.00012492,3.631e-05,1.932e-05,0.00012891,9.56e-05,1.466e-05,1.399e-05,6.7e-07,2.532e-05,5e-06,0.00011992,0.00012292,2.965e-05
ddBarVulg1,0.06901734,0.19435457,0.17415644,0.10719313,0.01514476,0.02092995,0.00397298,0.00018512,1e-06,0.00046664,0.39438092,1.501e-05,0.00017378,4.67e-05,4.136e-05,5.437e-05,1.568e-05,0.00038159,2e-06,7e-06,0.0,0.00010574,9.306e-05,1.734e-05
ddEupLath1,0.12787571,0.23649117,0.17526558,0.03014029,0.01701866,0.00406698,0.00287904,0.00061446,4.67e-06,0.00010097,0.00584772,0.00016161,0.384001,0.0028857,6.831e-05,6.66e-06,3.765e-05,1e-06,8.33e-06,4e-06,1.766e-05,7.864e-05,0.00015795,1.266e-05
ddEupPepu3,0.06703366,0.24946085,0.02335222,0.37711763,0.05801899,0.01094369,0.00108131,0.00042419,2.67e-06,0.00051383,0.00035388,5.198e-05,0.00068577,4.132e-05,0.0001013,2.67e-06,9e-06,3e-06,4.732e-05,7.864e-05,0.00222026,2.67e-06,2.632e-05,0.19206298
ddPopNigr1,0.244996,0.32588841,0.00378581,0.28020353,0.00281213,0.01240806,0.12049734,0.00060759,6.7e-07,0.00027382,5.363e-05,0.00026382,0.00010859,1.33e-06,2.398e-05,3.3e-07,0.00015723,6e-06,5.33e-06,6.962e-05,1.33e-06,5.63e-05,9.66e-06,0.0
ddPriVeri1,0.07807797,0.46300433,0.01273009,0.28109164,0.14949517,0.00247318,0.00215128,0.00036288,3.33e-06,4.565e-05,0.00157714,3.332e-05,0.00024525,6e-06,3.199e-05,5.065e-05,0.00016661,9.597e-05,3.33e-06,3e-06,3.3e-07,1.333e-05,4.698e-05,2.399e-05
ddSalCapr1,0.43238087,0.09962546,0.0244002,0.25068211,0.00824992,0.0011033,0.12178241,0.0006008,1.33e-06,2.499e-05,2.899e-05,0.00029457,0.00016794,0.0001956,0.00014162,1.866e-05,3.066e-05,6.231e-05,5e-06,0.00016994,0.0,8.497e-05,7.098e-05,0.00022359
ddVioOdor1,0.06410313,0.16318696,0.08099235,0.28437858,0.05237591,0.00397871,0.0019654,0.00027112,2.861e-05,4.125e-05,0.00011776,0.00165037,0.01592216,1.863e-05,8.65e-06,2e-06,5.289e-05,7.718e-05,5.223e-05,5.389e-05,0.000166,0.00029973,7.98e-06,0.00028277
dhAlnGlut1,0.26993696,0.20736591,0.07051935,0.42900367,0.00326918,0.01300834,0.00188893,0.00066344,3e-06,2.568e-05,8.773e-05,2.568e-05,2.769e-05,6.671e-05,8.439e-05,5e-06,8.506e-05,1.935e-05,1.268e-05,7.34e-06,2.33e-06,6.237e-05,1.067e-05,9.34e-06
dmBerVulg1,0.21383722,0.22340794,0.01907372,0.46947265,0.06184456,0.00244596,0.00093529,0.00093129,1.634e-05,1.434e-05,5.404e-05,2.101e-05,4.34e-06,3.569e-05,1.768e-05,9.34e-06,7.972e-05,0.0,3.169e-05,8.67e-06,3.34e-06,2.235e-05,1.334e-05,2.702e-05
drAilAlti1,0.0598499,0.43822115,0.00191261,0.4513449,0.0027495,0.03419046,0.00137859,0.00032688,1e-06,2.969e-05,6.604e-05,1.301e-05,1.201e-05,2.668e-05,3.636e-05,4.67e-06,1.268e-05,7.071e-05,2.67e-06,1.101e-05,1.001e-05,4.37e-05,2.67e-06,1.001e-05
drAstGlyc1,0.16601,0.20318073,0.0398046,0.37369323,0.0137099,0.0051057,0.00103601,0.00029076,3.33e-06,3e-06,0.0008923,1.701e-05,0.00053618,0.0147936,0.00945782,0.00015172,1.701e-05,0.00092031,5.235e-05,4.502e-05,0.00018439,9.303e-05,6.102e-05,0.00027342
drBuxSemp1,0.16404299,0.23803799,0.15207764,0.40391203,0.00460613,0.00164112,0.02998401,0.00033456,1.67e-06,2.866e-05,0.00015095,4.365e-05,4.365e-05,5.265e-05,3.466e-05,4.67e-06,1.699e-05,2.932e-05,2.299e-05,6e-06,3.999e-05,4.399e-05,7.66e-06,8.53e-05
drChaAngu1,0.25297467,0.193379,0.00550167,0.32113533,0.20034433,0.00235633,0.000592,0.00011367,1.67e-06,3.167e-05,0.00413,2.767e-05,0.00015567,3.133e-05,1.833e-05,7.433e-05,1.667e-05,5.67e-06,1.067e-05,1.33e-06,5.33e-06,2.8e-05,0.00111267,2.5e-05
drCraLaev2,0.10748233,0.300708,0.00585733,0.573527,0.00262567,0.00456867,0.001088,0.00034267,0.0,1.3e-05,9.4e-05,2.067e-05,1.9e-05,7.67e-06,2.9e-05,4.67e-06,1.6e-05,2.533e-05,6e-06,2.033e-05,3.133e-05,2.733e-05,7e-06,2.4e-05
drEroMari8,0.05816767,0.15053933,0.00352033,0.015556,0.00468833,0.01925533,0.000604,0.001021,0.0,0.71772633,0.000339,2.533e-05,6.533e-05,2.433e-05,2.067e-05,8.33e-06,8.933e-05,1.833e-05,3e-06,8.67e-06,9.33e-06,0.00014567,3.933e-05,2e-06
drFilUlma1,0.2294905,0.39272724,0.01131144,0.32646182,0.02796199,0.00111404,0.0014955,0.00013271,3.3e-07,2.868e-05,6.869e-05,8e-06,6.502e-05,0.00019006,6.669e-05,1.267e-05,3.468e-05,3.935e-05,7.67e-06,1.3e-05,1.67e-06,4.835e-05,1.134e-05,0.0002044
drGeuUrba1,0.11546704,0.20136119,0.0031781,0.61019308,0.05765746,0.00516811,0.00062916,0.0001265,5.66e-06,3.329e-05,0.00090812,1.465e-05,7.956e-05,3.3e-07,1.565e-05,1.997e-05,3.229e-05,2e-06,1.33e-06,4.294e-05,4.161e-05,2.43e-05,2e-06,1.365e-05
drHedHeli1,0.19432578,0.29440847,0.00653685,0.40506536,0.09129543,0.00122741,0.00110637,0.00021641,8e-06,2.534e-05,7.436e-05,3.835e-05,3.468e-05,7.936e-05,8.536e-05,2.234e-05,1.801e-05,5.468e-05,1.601e-05,4e-06,9e-06,7.34e-06,8.67e-06,3.501e-05
drIleAqui2,0.12927876,0.296014,0.00610737,0.463014,0.09484762,0.00212104,0.00132711,0.0001954,1.33e-06,3.401e-05,3.301e-05,3.101e-05,7.169e-05,3.101e-05,8.136e-05,2.901e-05,1.734e-05,1.434e-05,5.67e-06,1.33e-06,4e-06,5.002e-05,1.267e-05,1.801e-05
drMalDome5,0.1210964,0.24292662,0.00374416,0.61831888,0.00414209,0.00485891,0.00182155,0.00021848,1.67e-06,3.169e-05,9.873e-05,1.534e-05,2.368e-05,3.702e-05,1.734e-05,1.434e-05,5.67e-06,7.34e-06,1.968e-05,0.0,5e-06,6.771e-05,1.134e-05,3.769e-05
drMalDome10,0.12140147,0.24120407,0.00345282,0.62009703,0.0035872,0.00515572,0.00164155,0.00028043,2.67e-06,8.436e-05,0.0001097,3.701e-05,8.403e-05,4.535e-05,2.267e-05,1.701e-05,2.067e-05,3.801e-05,1.534e-05,1.33e-06,3.068e-05,2.67e-06,4.602e-05,2.768e-05
drMalDome11,0.123761,0.24734633,0.00350267,0.61226367,0.00321933,0.00506967,0.00149867,0.00022833,1.4e-05,7.933e-05,3.6e-05,1.433e-05,6.167e-05,1.667e-05,2.533e-05,1.367e-05,1.467e-05,5.2e-05,2.67e-06,2.833e-05,1.7e-05,8.633e-05,1e-05,2.033e-05
drMalRobu1,0.1554028,0.25748216,0.00406636,0.57195398,0.00334445,0.00291597,0.00166722,0.00026009,1e-06,2.301e-05,3.768e-05,1.601e-05,8.703e-05,4.835e-05,2.601e-05,3.234e-05,3.134e-05,2.701e-05,1.2e-05,8e-06,7e-06,2.134e-05,1.334e-05,1.967e-05
drMalSylv7,0.12892702,0.23432056,0.00360713,0.62014229,0.00415162,0.00465345,0.00120926,0.00016095,3e-06,2.033e-05,8.231e-05,2.966e-05,6.498e-05,6.7e-07,1.066e-05,3.466e-05,2.799e-05,2.033e-05,1.5e-05,3.67e-06,6.7e-07,2.166e-05,7.66e-06,4e-06
drMedArab1,0.50006538,0.06751034,0.01562442,0.16320814,0.00312942,0.00475684,0.00108306,0.00011241,2.969e-05,0.00018312,0.00021981,7.505e-05,0.00438392,0.00051568,0.02140927,0.00016144,1.568e-05,0.0001014,3.34e-06,3.502e-05,1e-06,0.00010974,0.00015877,0.0163072
drMedLupu1,0.18287979,0.17340593,0.05959008,0.35355578,0.01442158,0.00250083,0.00109857,9.391e-05,6.7e-07,3.463e-05,8.492e-05,3e-06,3.097e-05,4.562e-05,0.04110057,5.861e-05,1.565e-05,6.593e-05,7.925e-05,4.33e-06,5.927e-05,9.391e-05,1.832e-05,2.298e-05
drParJuda1,0.36268344,0.23906831,0.05872909,0.31233422,0.01263212,0.00126924,0.00442153,0.00019693,3.67e-06,3.032e-05,0.00055482,3.232e-05,4.665e-05,2.532e-05,0.00030723,1.166e-05,1.5e-05,1e-06,3.732e-05,3.366e-05,2.466e-05,5.865e-05,7e-06,1.433e-05
drPotAnse1,0.23615905,0.32655152,0.00267789,0.41080027,0.01545215,0.00347049,0.00134111,0.00019707,4.67e-06,4.201e-05,0.00036379,4.401e-05,2.234e-05,5.702e-05,9e-06,2.868e-05,9.34e-06,1.501e-05,3.468e-05,6.7e-07,6e-06,1.501e-05,2.501e-05,2.834e-05
drPotSter1,0.09565734,0.29164635,0.00355678,0.48230803,0.08821778,0.00241725,0.00103996,0.0001049,8.99e-06,1.931e-05,0.00010123,2.564e-05,2e-06,6.161e-05,1.432e-05,1.632e-05,9.457e-05,1.798e-05,1.265e-05,3.896e-05,7.99e-06,2.431e-05,8.492e-05,5.99e-06
drPruPadu1,0.24726477,0.26349983,0.11905776,0.35205743,0.00948047,0.00233122,0.000799,0.00034624,2.638e-05,4.975e-05,0.00010017,9.35e-06,4.741e-05,0.00019132,1.703e-05,1e-06,6.745e-05,2.003e-05,2e-06,6.7e-07,7.68e-06,1.269e-05,1.703e-05,2.738e-05
drPyrComm1,0.14292197,0.32446549,0.0364148,0.48728143,0.00237879,0.00153551,0.00254852,0.00012437,7e-06,9.036e-05,9.47e-05,3.801e-05,1.3e-05,2.968e-05,6.869e-05,2.33e-06,1.767e-05,4.935e-05,6.7e-07,7e-06,3.33e-06,4.068e-05,3.201e-05,3.368e-05
drTriFrag1,0.205447,0.26302667,0.02129433,0.47450967,0.022601,0.00158667,0.000744,0.00016167,5.567e-05,8.33e-06,6.2e-05,3.367e-05,4e-06,2.267e-05,6.2e-05,1.333e-05,4.3e-05,3.567e-05,6.467e-05,2e-05,4.5e-05,8e-06,9.633e-05,1.067e-05
drTriSubt1,0.25595661,0.1763231,0.05447463,0.08768024,0.01004806,0.0048982,0.00653438,0.00012483,1e-06,3.405e-05,0.00023765,0.02509446,0.0355237,0.00164152,0.31749032,9.947e-05,6.68e-06,0.00015754,2.103e-05,2.103e-05,3.34e-06,0.00029339,0.00044159,8.044e-05
drUmbRupe1,0.24798968,0.3647237,0.10995972,0.03787883,0.00473236,0.00138615,0.15756491,0.00015812,1e-06,3.129e-05,0.00012284,0.00025333,0.00049301,0.00510919,0.000253,0.00011618,4.028e-05,8.023e-05,0.00010919,0.00014847,3.995e-05,0.00018309,0.00012716,4.66e-06
drUrtUren1,0.34225267,0.28883578,0.00295494,0.33944226,0.01088151,0.00334446,0.00361282,0.00109713,1.802e-05,1.068e-05,0.00032143,8.945e-05,5.941e-05,4.406e-05,0.00011615,7.01e-06,9.513e-05,2.837e-05,1.469e-05,5.01e-06,2.003e-05,1.268e-05,3.772e-05,7.34e-06
eaLuiSars1,0.55847999,0.19752468,0.15129553,0.03324116,0.01595831,0.01327485,0.00907538,0.00014343,8.01e-06,5.037e-05,0.00124049,5.237e-05,8.01e-06,2.735e-05,5.57e-05,5.103e-05,6.805e-05,1.134e-05,2.335e-05,2.67e-06,5.537e-05,1.501e-05,0.00042462,8.01e-06
eaMarGlac1,0.53327058,0.16368444,0.1990993,0.06402732,0.01323992,0.0022889,0.01587837,0.00034455,1.966e-05,2.266e-05,2.999e-05,3.432e-05,1.4e-05,2.699e-05,8.364e-05,3.865e-05,9.33e-06,0.0,0.0,6e-06,1.33e-06,2.333e-05,3.499e-05,2.433e-05
ecAntBifi1,0.41956089,0.30369903,0.05205939,0.15644545,0.02272472,0.00640741,0.00785586,0.00063797,1.67e-06,2.002e-05,0.01462829,3.67e-06,3.036e-05,2.436e-05,6.01e-06,1.201e-05,2.569e-05,4e-06,4.071e-05,3.537e-05,8.68e-06,1.034e-05,4.471e-05,8.01e-06
fAbrBra2,0.47621981,0.09475884,0.35015677,0.02776284,0.04365043,0.00097265,0.00245097,0.00051501,0.0,7.67e-06,0.00013509,0.00012075,2.068e-05,1.734e-05,2.068e-05,4.34e-06,6.971e-05,2.835e-05,2.235e-05,3.3e-07,5.67e-06,1.167e-05,1.368e-05,3.34e-06
fAciRut3,0.28477023,0.16723477,0.40771795,0.05313986,0.07818115,0.00230769,0.00096237,0.0001382,9.99e-06,9.66e-06,6.627e-05,1e-06,2.93e-05,1.432e-05,6.394e-05,3.996e-05,2.264e-05,1.299e-05,4.66e-06,7.99e-06,4.33e-06,2.964e-05,2e-06,2.964e-05
fBarBab1,0.42157305,0.11941795,0.33993829,0.0117565,0.08727652,0.00071681,0.01347131,0.00010607,1.67e-06,1.067e-05,3.536e-05,2.168e-05,5.34e-06,3.34e-06,9.01e-06,3.34e-06,3.769e-05,1.601e-05,9.67e-06,1.034e-05,6.871e-05,2.935e-05,1.935e-05,5.34e-06
fBarBar1,0.60627667,0.119116,0.24881767,0.00290167,0.006304,0.00104133,0.008915,5.633e-05,6.7e-07,2.3e-05,6.7e-05,2e-05,0.00031167,0.000214,9.2e-05,5.67e-06,5.833e-05,6e-06,1.533e-05,2.1e-05,0.00062433,6.633e-05,4.233e-05,5.533e-05
fBleOce1,0.32602433,0.24747151,0.31512463,0.00952416,0.04573276,0.00083039,0.00538687,0.00014329,2.099e-05,1.833e-05,0.0001083,0.00017028,0.00028191,2.33e-06,1.633e-05,1.599e-05,0.00391236,3.299e-05,1.33e-06,6e-06,8.33e-06,0.00124925,1.233e-05,8e-06
fCarCar2,0.45286462,0.1196112,0.37272724,0.01045915,0.02939613,0.00285028,0.00110437,0.00188863,1e-06,2.367e-05,0.00033678,2.167e-05,1.067e-05,6.869e-05,4.035e-05,9e-06,3.935e-05,7.34e-06,6.402e-05,2e-06,7e-06,1.434e-05,3.535e-05,4.33e-06
fCheLab1,0.29944867,0.305697,0.34617767,0.03861933,0.00487367,0.000916,0.001729,7.8e-05,5.67e-06,1e-05,2.3e-05,2.533e-05,1.867e-05,1.3e-05,7.8e-05,1.9e-05,1.467e-05,2e-05,2.833e-05,1.733e-05,6.767e-05,0.00036367,4.333e-05,2.133e-05
fConCon1,0.1738,0.29460633,0.41948267,0.02158567,0.04747367,0.00187,0.00114167,0.00019833,4.133e-05,9e-06,7.7e-05,1.333e-05,6.533e-05,0.00013667,6.933e-05,1.6e-05,2.233e-05,0.00032267,0.00084133,0.00027,0.000167,0.00016933,0.00099,0.000634
fCycLum2,0.38334133,0.29867067,0.28414367,0.00973767,0.01032667,0.004421,0.00119867,0.00242233,2.1e-05,0.000102,7.867e-05,0.00047567,7e-05,9.733e-05,4.67e-06,0.00013367,3.767e-05,2.133e-05,4.8e-05,1.67e-06,1.33e-06,6.67e-06,0.000145,7.267e-05
fDanRer4,0.53803033,0.07345367,0.260419,0.03334933,0.00313867,0.08530867,0.00209233,6.967e-05,0.0,0.00080533,3.8e-05,1e-05,4.1e-05,9e-06,2.033e-05,5.867e-05,7.67e-06,1.1e-05,7.67e-06,2e-06,7.2e-05,1.8e-05,3.8e-05,2.167e-05
fEchVip8,0.37328896,0.24992226,0.30725425,0.01376243,0.00961295,0.02770604,0.00443677,9.643e-05,2.102e-05,2.002e-05,8.208e-05,6.34e-06,2.469e-05,0.00030764,0.00151685,9.34e-06,6.406e-05,4.471e-05,1.468e-05,3.3e-07,1.435e-05,2.803e-05,5.105e-05,2.936e-05
fEutGur1,0.40578378,0.2136987,0.3373707,0.00901068,0.00354521,0.01802302,0.00612112,0.00015449,1.335e-05,1.969e-05,5.405e-05,6.01e-06,3.337e-05,7.841e-05,0.00011345,1.201e-05,0.00024224,1.068e-05,5.706e-05,4.705e-05,1.468e-05,3.036e-05,5.506e-05,1.702e-05
fGobGob1,0.58083728,0.05133711,0.31117506,0.00440447,0.04552017,0.00147949,0.00120907,0.00010337,6.34e-06,2.534e-05,6.002e-05,2.768e-05,5.769e-05,3.034e-05,1.034e-05,1.034e-05,4.235e-05,9e-06,3.701e-05,5e-06,2.668e-05,2.634e-05,2.134e-05,3.33e-06
fGobNig1,0.48382894,0.22357452,0.26094598,0.01511437,0.0065045,0.00247249,0.00359653,9.236e-05,2e-06,2.901e-05,6.902e-05,2.668e-05,1.3e-05,1.034e-05,9.47e-05,1e-05,1.334e-05,7.503e-05,5.34e-06,1.3e-05,8.269e-05,0.00017406,1.767e-05,9e-06
fHypImm3,0.40705172,0.21445078,0.3479366,0.00988355,0.00951685,0.00193026,0.00295863,0.00182015,1.702e-05,8.68e-06,5.038e-05,0.00012546,4.071e-05,5.105e-05,3.937e-05,1.67e-06,2.269e-05,3.871e-05,5.67e-06,1.902e-05,2.34e-06,6.01e-06,9.01e-06,1.802e-05
fLabBer1,0.25622774,0.2808953,0.42116005,0.02416439,0.01132844,0.00133911,0.00193598,0.00011237,3.434e-05,4.135e-05,6.602e-05,5.635e-05,2.668e-05,6.67e-06,3.201e-05,6e-06,2.101e-05,4.33e-06,4e-06,2.33e-06,1.501e-05,0.00047983,3.67e-06,9.503e-05
fLabMix1,0.25195501,0.25552083,0.43275175,0.0247904,0.02857547,0.00137687,0.00186405,0.00033489,6.7e-07,9.33e-06,9.097e-05,4.499e-05,7.098e-05,2.599e-05,1.733e-05,0.00010363,1.1e-05,2.966e-05,1.733e-05,2.999e-05,3.232e-05,9.66e-06,1.733e-05,2.832e-05
fLipPho2,0.35435897,0.24773427,0.35088478,0.01923144,0.01430902,0.00322311,0.00062671,0.0001705,2.33e-06,3.13e-05,0.00014952,0.00015651,0.00021578,0.00033333,6.127e-05,2.364e-05,1.565e-05,5.261e-05,3e-06,3.596e-05,2.997e-05,0.00023743,8.059e-05,2.098e-05
fMicPou1,0.18534567,0.34248167,0.43430133,0.01687733,0.01070433,0.003835,0.00058767,0.000126,2.967e-05,2.9e-05,7.667e-05,5.5e-05,3.667e-05,1.867e-05,3.233e-05,1.033e-05,9.467e-05,1.67e-06,7.367e-05,3.133e-05,1e-06,1.4e-05,2e-05,0.000362
fMicVar1,0.43185072,0.16164545,0.35924092,0.01441819,0.00972709,0.0103069,0.00257581,9.397e-05,3.166e-05,4.399e-05,0.00013762,3.099e-05,4.232e-05,0.00013029,8.66e-06,2.33e-06,0.00023259,7.731e-05,6.098e-05,1.233e-05,1.666e-05,0.00012629,7.664e-05,5.465e-05
fPhoGun1,0.33435864,0.2707003,0.36801199,0.00891575,0.01025108,0.00176823,0.00229371,0.00014319,1e-06,1.565e-05,6.627e-05,8.33e-06,8.425e-05,1.665e-05,1.931e-05,2.897e-05,2.93e-05,2.264e-05,2.431e-05,3.497e-05,1.698e-05,0.00028805,1.066e-05,5.295e-05
fPhoPho1,0.66817661,0.06357148,0.24054149,0.00431023,0.0155898,0.00261313,0.00237188,0.00010863,3.3e-07,5.798e-05,9.197e-05,6.398e-05,2.333e-05,3.199e-05,6e-06,2.233e-05,3.765e-05,6.33e-06,1.566e-05,4e-06,1.4e-05,0.0001113,2.433e-05,3.3e-07
fPlaFle2,0.48293933,0.199707,0.28707,0.00299033,0.010313,0.00163367,0.006609,0.00014167,3.167e-05,1.567e-05,0.00013267,8.33e-06,1.267e-05,0.00078633,0.00026733,1.7e-05,5.567e-05,0.00019567,1.567e-05,2.67e-06,3.7e-05,1.867e-05,0.00011767,0.00012167
fPlePla1,0.40327206,0.29788944,0.26518648,0.00603996,0.01142791,0.00197636,0.00631535,0.00016217,2.33e-06,2.597e-05,0.00049317,1.199e-05,1.032e-05,0.00043923,0.00010023,4.329e-05,2.33e-06,1.066e-05,1.399e-05,3.929e-05,6.7e-07,7.826e-05,0.00010656,2.664e-05
fPolPol2,0.36560167,0.31776167,0.29826733,0.003747,0.005953,0.001957,0.001691,0.00031067,1.2e-05,4.33e-06,9.4e-05,3.867e-05,2.933e-05,3.2e-05,2.3e-05,9.533e-05,3.467e-05,4.667e-05,3.8e-05,1.833e-05,3.3e-07,2.67e-06,4.967e-05,7.167e-05
fPunPun2,0.31467222,0.31144803,0.23824517,0.00323384,0.00445536,0.09422718,0.00275583,0.00011126,3e-06,0.00012925,0.00031979,2.298e-05,4.097e-05,0.00017422,0.00614357,1.399e-05,2.265e-05,0.00069654,7.928e-05,0.00016689,5.73e-05,6.829e-05,0.00038474,5.496e-05
fRutRut2,0.60296099,0.06884628,0.29476092,0.00787763,0.01565388,0.00101901,0.00413171,0.00018973,3.33e-06,9e-06,3.334e-05,0.00083961,7.67e-06,1.1e-05,4e-06,0.0,4.101e-05,1.67e-06,2.67e-06,6.34e-06,7e-06,0.00011771,2.001e-05,5e-06
fScoMax1,0.37347981,0.30316116,0.30190991,0.00437204,0.00462729,0.00216683,0.0020981,0.00022256,1.67e-06,0.00011712,0.00013213,0.00351752,4.137e-05,7.174e-05,0.00018118,1.735e-05,5.138e-05,9.643e-05,1.134e-05,9.34e-06,9.01e-06,6.34e-06,0.00014815,4.571e-05
fScoSco1,0.34552967,0.26609333,0.300817,0.05362433,0.00989867,0.00226733,0.00724967,0.000345,5.33e-06,5.67e-06,0.00015433,6.333e-05,2.1e-05,0.000205,0.00030333,5e-06,2.067e-05,0.00011667,1.433e-05,1.7e-05,1.867e-05,4.5e-05,2.933e-05,2.333e-05
fSprSpr1,0.42419653,0.22909042,0.28804271,0.00367301,0.03835602,0.00521755,0.00261662,0.00147514,1.735e-05,2.503e-05,0.00012079,9.243e-05,3.67e-06,6.673e-05,3.504e-05,1.268e-05,0.0001695,1.702e-05,3.47e-05,1.535e-05,2.34e-06,2.536e-05,4.34e-06,5.906e-05
fSquCep2,0.53707298,0.07251549,0.3209017,0.01237321,0.05095735,0.00092303,0.00177474,0.00016328,5.33e-06,2e-06,6.231e-05,4.032e-05,2.599e-05,2.67e-06,1.599e-05,8e-06,1.599e-05,3.3e-07,1.566e-05,3e-06,1.266e-05,3.765e-05,2.399e-05,3.565e-05
fSymMel2,0.37505068,0.22437112,0.36644048,0.01915905,0.00763955,0.00182728,0.00180794,0.00026576,0.0,3.234e-05,3.501e-05,7.169e-05,3.434e-05,1.167e-05,2.467e-05,6e-06,5.935e-05,7.136e-05,2.801e-05,2.167e-05,1.434e-05,7.903e-05,3.001e-05,1.334e-05
fSynAcu2,0.29691,0.30039033,0.23485833,0.015289,0.00621167,0.005599,0.019855,0.00383,0.0,3.767e-05,0.00021267,0.00017167,4.433e-05,3.33e-06,0.00021633,0.0,5.667e-05,0.00016167,8e-06,7.367e-05,0.00011133,0.10083833,0.000182,0.00042967
fTauBub2,0.36662788,0.33214171,0.25598933,0.02529743,0.00416739,0.00614805,0.00555085,0.00021574,5.34e-06,0.00082127,1.934e-05,4.568e-05,1.801e-05,3.33e-06,7.102e-05,4.33e-06,1.801e-05,2.801e-05,1.267e-05,7.34e-06,1.767e-05,3.068e-05,4.67e-06,3e-06
fTelBon1,0.33093873,0.21305661,0.38597502,0.01135531,0.03393007,0.00232601,0.00175325,0.0001988,6.99e-06,1.132e-05,0.00011988,2.398e-05,2.664e-05,3.63e-05,2.797e-05,5.33e-06,0.0006014,1.33e-06,8.492e-05,3.663e-05,4.33e-06,2.231e-05,1.67e-06,3.563e-05
fThuMac1,0.27708891,0.18347353,0.43766633,0.08102897,0.00241825,0.00588811,0.00297436,0.00024176,4e-06,1.33e-06,0.00027672,3.463e-05,5.828e-05,2.531e-05,6.427e-05,1.798e-05,4.229e-05,9.724e-05,4.529e-05,1.832e-05,1.166e-05,0.0001039,1.232e-05,1e-06
fTraTra1,0.31917172,0.28564855,0.3368913,0.04183194,0.00366656,0.00525742,0.00170223,0.00024875,8.67e-06,6.67e-06,0.00023474,1.234e-05,3.234e-05,5.002e-05,0.00011837,1.1e-05,1.234e-05,3.334e-05,5e-06,1.067e-05,1.934e-05,1.267e-05,1e-06,5.902e-05
fZeuFab8,0.464194,0.179338,0.293636,0.00473833,0.00396633,0.00261467,0.00416467,0.00044233,8.33e-06,4.367e-05,7.333e-05,0.032804,0.00029033,7.933e-05,0.00028767,4.33e-06,0.00581667,8.633e-05,1.233e-05,2.7e-05,1.167e-05,7.133e-05,0.00014767,8.33e-06
gfAgaBisp1,0.26216939,0.48532511,0.01825609,0.18023508,0.00373758,0.00956952,0.00552851,0.00027743,3.33e-06,0.00227576,2.001e-05,6.669e-05,1.967e-05,4.168e-05,4e-06,2.568e-05,1.3e-05,7.34e-06,4e-06,3e-06,3.33e-06,2.101e-05,1.667e-05,1.034e-05
gfClaFumo1,0.12445418,0.15712562,0.25110996,0.35228157,0.00211796,0.00607764,0.00156148,0.00123026,6.7e-07,8e-06,0.00096501,8.66e-06,1.366e-05,0.00017394,0.00031756,3.399e-05,1.966e-05,0.00130556,0.0001976,1.966e-05,9e-06,0.00040553,0.0002006,0.00011596
gfLaeSulp1,0.10579246,0.61644011,0.12118418,0.01794061,0.00524525,0.03241074,0.08200467,0.00034768,3.3e-07,0.01061628,6.874e-05,0.00022022,0.000332,5.305e-05,1.301e-05,2.002e-05,8.342e-05,2.402e-05,4.67e-06,8.675e-05,4.34e-06,1.101e-05,1.568e-05,3.27e-05
gfPleOstr1,0.14260233,0.575119,0.005703,0.23400633,0.01107833,0.00368133,0.00264267,0.00012633,6.33e-06,0.006512,7.1e-05,3.067e-05,3.467e-05,4.567e-05,3.133e-05,1.8e-05,8e-06,0.00018,0.0,1.233e-05,0.0,0.000319,0.00013433,4.8e-05
gfPorCaly1,0.040746,0.087642,0.255674,0.595274,0.002781,0.00750533,0.00039067,3.567e-05,3.333e-05,0.000165,3.433e-05,5.33e-06,2.633e-05,6.7e-07,1.233e-05,2.4e-05,1e-05,0.00055767,1.433e-05,6.33e-06,2.433e-05,0.00050033,2.5e-05,5.67e-06
gsMetZobe1,0.44991328,0.39814209,0.00213776,0.05725484,0.00587425,0.02348432,0.00203169,0.0001461,4.34e-06,0.00963542,3.736e-05,2.435e-05,5.37e-05,0.00013442,7.438e-05,2.33e-06,4.303e-05,1.634e-05,1.701e-05,1.33e-06,8.01e-06,0.00010907,4.77e-05,0.00014209
icPteNige1,0.49815428,0.30315162,0.00138154,0.0025135,0.13732489,0.00576075,0.0013872,0.00064912,0.0,1.166e-05,0.0006118,1.633e-05,1.066e-05,6.33e-06,5.398e-05,1.4e-05,4.232e-05,4.33e-06,1.799e-05,3.899e-05,1.599e-05,4.932e-05,9.03e-05,1e-06
iHemFuc2,0.76481427,0.21181427,0.00162254,0.00369223,0.00722808,0.00486929,0.00101267,0.00041747,2.934e-05,3.401e-05,0.00018573,8e-06,9e-06,4.101e-05,4.135e-05,7.34e-06,3.668e-05,1.834e-05,1e-06,1.167e-05,0.0,1.1e-05,0.00010504,7.34e-06
icAdaBipu1,0.49039753,0.23525325,0.00740553,0.00650916,0.01929157,0.23555548,0.0014022,0.00019494,3.3e-07,4.065e-05,0.00015561,2.233e-05,2.732e-05,3.932e-05,2.333e-05,5.065e-05,5.165e-05,7.997e-05,1.466e-05,1.566e-05,0.0,5.865e-05,7.731e-05,1.666e-05
icAdaBipu6,0.511994,0.22151667,0.00519267,0.00541933,0.014746,0.23599167,0.00154633,0.000315,3.433e-05,4.833e-05,9e-05,1e-05,3.33e-06,3.1e-05,3.2e-05,1.933e-05,5.267e-05,4.433e-05,4.533e-05,1.4e-05,6.767e-05,1.3e-05,2.833e-05,5.633e-05
icAdaBipu9,0.51481094,0.21885729,0.00499,0.00486829,0.01651784,0.23485862,0.00131611,0.00024108,4e-06,0.00010504,0.00012171,5.702e-05,3.234e-05,2.534e-05,1.567e-05,1.2e-05,3.768e-05,4.468e-05,5.168e-05,0.0,8e-06,4.568e-05,1.034e-05,2.034e-05
icAdaBipu15,0.510337,0.217381,0.00496233,0.00561333,0.01724,0.23847467,0.00151933,0.00023933,1.67e-06,3.6e-05,0.00012633,2.567e-05,4.67e-06,8.767e-05,5.533e-05,4.833e-05,1.567e-05,2.733e-05,1.967e-05,2.133e-05,2.967e-05,3.267e-05,1.467e-05,5e-06
icAdaBipu20,0.48767667,0.23736667,0.00703267,0.00675767,0.02049933,0.234764,0.00176,0.00012667,9.67e-06,8.967e-05,5.2e-05,5.7e-05,8.33e-06,6.433e-05,3.5e-05,5e-06,3.433e-05,2.67e-06,2.7e-05,3.3e-07,5.33e-06,4.1e-05,5.67e-06,4.733e-05
icAdaBipu28,0.51285023,0.219,0.00539693,0.0052435,0.0159553,0.236004,0.0014513,0.00018779,7.34e-06,7.038e-05,5.57e-05,9.473e-05,5.504e-05,4.34e-06,8.672e-05,2.735e-05,2.902e-05,5.07e-05,6.938e-05,4.67e-06,2.902e-05,4.636e-05,3.436e-05,9.673e-05
icAdaBipu29,0.511389,0.22303933,0.00506267,0.005663,0.01464333,0.234862,0.00153933,0.00023567,9.33e-06,0.00010067,6.5e-05,1.267e-05,2.167e-05,4.533e-05,9.33e-06,7.933e-05,4.233e-05,1.6e-05,2.367e-05,7.67e-06,3.1e-05,4.733e-05,1e-05,2e-06
icAdaBipu31,0.51700067,0.21745951,0.00511829,0.00547817,0.01455581,0.23457314,0.00154382,0.00018327,0.0,7.897e-05,7.997e-05,1e-05,3.399e-05,5.365e-05,5.798e-05,2.699e-05,4.432e-05,0.0001133,2.233e-05,1.633e-05,2.266e-05,5.098e-05,4.332e-05,3.399e-05
icAdaBipu32,0.49398867,0.232808,0.00557033,0.00608267,0.019846,0.23645833,0.00142133,0.00027933,1.633e-05,1.9e-05,0.00010033,7.7e-05,2.233e-05,7.3e-05,3.367e-05,1.933e-05,1.633e-05,1.367e-05,2.133e-05,2.467e-05,2.433e-05,6.467e-05,2.833e-05,4.833e-05
icAdaBipu33,0.49846349,0.22867256,0.00586562,0.00654652,0.01982594,0.2351854,0.00127476,0.00034912,9e-06,1.867e-05,0.00010904,5.435e-05,5.268e-05,2.601e-05,6.936e-05,1.2e-05,3.168e-05,3.33e-06,1.1e-05,4e-06,1.601e-05,4.935e-05,6e-06,2.334e-05
icAdaBipu34,0.50888459,0.22184656,0.00465877,0.00604003,0.01726918,0.23579019,0.00151568,0.00023482,1.568e-05,0.00012141,0.00020947,2.835e-05,5.103e-05,2.435e-05,5.771e-05,4.736e-05,3.903e-05,7.538e-05,5.137e-05,1.034e-05,2.602e-05,3.069e-05,4.903e-05,5.737e-05
icAdaBipu36,0.5139087,0.21878974,0.00488104,0.00538354,0.01586738,0.23574742,0.00128557,0.0002899,1.999e-05,5.498e-05,0.00016594,6e-06,6e-06,3.066e-05,0.00011963,6.33e-06,3.232e-05,1.233e-05,3.999e-05,1.699e-05,4.67e-06,9e-06,4.67e-06,3.33e-06
icAgoFuli1,0.50107428,0.25476482,0.00124084,0.00223018,0.15878648,0.02709327,0.00154497,0.00026616,1.133e-05,1.865e-05,0.0008481,1.133e-05,7.328e-05,5e-06,2.665e-05,2.065e-05,0.00021985,4.963e-05,6.762e-05,6.196e-05,6.66e-06,8.228e-05,2.33e-06,6.962e-05
icAgrCyan1,0.47127085,0.47011875,0.00062842,0.00156237,0.00607038,0.02152902,0.00119446,0.00032989,4.903e-05,6.571e-05,0.00071081,1.067e-05,2.468e-05,5.34e-06,1.401e-05,5.17e-05,3.002e-05,5.47e-05,9.34e-05,1.334e-05,9.01e-06,3.069e-05,0.00010841,1e-06
icAgrMuri1,0.08727543,0.67037479,0.02087296,0.03409637,0.11883528,0.05194698,0.00112371,0.00021507,2.601e-05,6.34e-06,0.00014238,1.501e-05,4.602e-05,3.201e-05,5.535e-05,5.67e-06,1.2e-05,3.401e-05,4.33e-06,9e-06,1.634e-05,7.136e-05,7.67e-06,6.569e-05
icAnaMacu3,0.311032,0.26690967,0.00104033,0.00287833,0.00492933,0.39021733,0.003144,0.00014833,0.0,0.000863,5.3e-05,0.00010633,9e-06,1.133e-05,6.33e-06,2.133e-05,0.000652,3e-06,1.067e-05,1.33e-06,1.667e-05,9.33e-06,2.33e-06,2.767e-05
icApoCory1,0.15279214,0.82047035,0.00201233,0.00194171,0.01043771,0.00367622,0.00127881,0.00012492,2.365e-05,9.33e-06,0.00042771,3.331e-05,8.961e-05,0.00010493,0.00014357,5.363e-05,1.832e-05,2.998e-05,6.629e-05,2.898e-05,1.233e-05,5.13e-05,4.197e-05,6.063e-05
icCanRust1,0.14732001,0.43486913,0.00708258,0.03834332,0.0412704,0.07735897,0.00181585,0.00022045,3.863e-05,2.631e-05,0.00168665,1.798e-05,0.00012754,0.00035298,0.00040027,2.33e-06,1.965e-05,0.00142624,0.00030769,2.165e-05,7.33e-06,0.00028039,0.00029371,8.791e-05
icCanRust3,0.18222833,0.42578967,0.00556667,0.02566367,0.03733367,0.07154,0.001464,0.00039033,1.967e-05,1.8e-05,0.001825,2.467e-05,9.4e-05,0.00023333,0.00051767,1.267e-05,2.7e-05,0.00151333,0.00029133,3.3e-07,2.33e-06,0.000225,0.00034767,0.00011867
icCetAura1,0.05428781,0.90841406,0.00141006,0.00333411,0.00446436,0.00456396,0.00106696,0.0002052,2.598e-05,1.666e-05,0.00011626,8.33e-06,7.662e-05,2.065e-05,7.662e-05,1e-06,1.999e-05,4.264e-05,0.00011925,5.43e-05,2.132e-05,1.765e-05,7.362e-05,0.00020486
icChrOric1,0.52015333,0.088152,0.00756167,0.01456767,0.03798167,0.11952067,0.00238367,0.00031767,2e-06,3.2e-05,0.00044633,1.233e-05,6.5e-05,4.133e-05,2.433e-05,2.333e-05,0.20376333,6.67e-06,1.67e-06,2.67e-06,3.033e-05,0.00010133,1.867e-05,5.33e-06
icCocSept1,0.42635833,0.35942133,0.00699867,0.011223,0.014605,0.17506967,0.000999,0.00023767,4.567e-05,3.733e-05,0.00012867,1.733e-05,1.933e-05,6.933e-05,4.5e-05,3.833e-05,2.533e-05,4e-05,2e-06,1.33e-06,6.033e-05,3.9e-05,1e-05,1.833e-05
icCryMora2,0.35363855,0.59141714,0.00112638,0.00262821,0.01108936,0.02862721,0.00254652,0.00039547,7.34e-06,0.00024808,0.00026409,1.901e-05,3.33e-06,8.369e-05,5.802e-05,0.0001117,1.701e-05,9.537e-05,6.7e-07,5e-06,2.601e-05,4.535e-05,0.00011837,2.034e-05
icElmAene2,0.43843967,0.41307367,0.00338233,0.00763833,0.006071,0.122001,0.002488,0.00021333,7.33e-06,9.33e-06,0.00017767,0.000117,8e-05,1.567e-05,2.933e-05,2.633e-05,0.00031667,2.467e-05,9.67e-06,6.67e-06,3.133e-05,5.33e-06,2.167e-05,0.0
icHalSede1,0.77792843,0.15304993,0.00855959,0.00453162,0.02175732,0.02573668,0.00153262,0.00016079,7.32e-06,6.924e-05,0.00016445,2.164e-05,2.33e-05,6.824e-05,9.188e-05,5.33e-06,2.996e-05,7.157e-05,0.00019674,1.465e-05,0.0001255,1.964e-05,0.00010553,9.987e-05
icHarAxyr1,0.47549434,0.26180346,0.01088508,0.01438674,0.03038641,0.20073118,0.00149634,0.00013757,4.33e-06,3.264e-05,2.965e-05,4.264e-05,2.665e-05,1.699e-05,2.232e-05,2.632e-05,5.363e-05,3.531e-05,3.997e-05,6.33e-06,7.662e-05,1.266e-05,8.33e-06,4.564e-05
icLagHirt1,0.29629119,0.27150267,0.00113376,0.0018519,0.00940727,0.17780287,0.0037485,0.00022015,1.568e-05,2.368e-05,0.00159206,2.802e-05,1.801e-05,0.00037492,0.00047632,0.0009056,3.102e-05,0.00151134,0.00027018,1.334e-05,2.735e-05,0.00022181,0.00080454,0.00013042
icLeiSpin1,0.66453484,0.16982894,0.00110037,0.00203768,0.05855585,0.00289797,0.00126876,0.00040647,3.3e-07,1.901e-05,0.00081094,5e-06,1.801e-05,7.402e-05,0.00012404,2.401e-05,2.267e-05,0.00022374,9.87e-05,5.935e-05,4e-06,0.00011404,0.0001027,5.935e-05
icLepMacu1,0.21674441,0.60455856,0.0219683,0.05560794,0.07102936,0.00311345,0.00173006,0.0015629,1e-06,2.135e-05,0.00043143,6.67e-06,0.00014648,8.642e-05,3.704e-05,1.67e-06,3.604e-05,3.203e-05,1.67e-06,6.7e-07,1.068e-05,3.704e-05,1.368e-05,4e-06
icLocCapr1,0.41315003,0.33861577,0.00408483,0.01305888,0.08120226,0.14015136,0.00186693,0.0003014,2.33e-06,0.00017465,0.0001314,1.098e-05,1.863e-05,7.385e-05,5.389e-05,1.53e-05,1.397e-05,1.929e-05,4.624e-05,2.33e-06,8.98e-06,5.955e-05,4.225e-05,9.98e-05
icLocCrat2,0.50552533,0.24417767,0.002024,0.005668,0.09409133,0.13757867,0.001244,0.00033133,3.33e-06,0.00022233,0.000191,4.4e-05,0.0001,3.267e-05,3.5e-05,0.00021167,2.467e-05,5.533e-05,1.2e-05,1.3e-05,4.267e-05,7.67e-06,2.633e-05,0.00016933
icMalBipu1,0.33506962,0.5359557,0.00323418,0.00638441,0.08930213,0.01820386,0.00153797,0.00015456,1.133e-05,4.53e-05,0.00093504,9.33e-06,0.00013957,0.00013791,5.829e-05,1.765e-05,9.427e-05,1.466e-05,3.66e-06,0.0,1.099e-05,0.00013524,1.066e-05,1.133e-05
icMelMelo1,0.22374325,0.6453938,0.00246749,0.00787462,0.09191264,0.00349983,0.00084095,0.00017239,1.667e-05,1.1e-05,0.00070023,1.501e-05,3.234e-05,3.201e-05,0.00010403,3.3e-07,3.101e-05,1.634e-05,1e-05,5e-06,3.334e-05,8.603e-05,9.236e-05,2.968e-05
icNebBrev1,0.71727861,0.13877411,0.00299766,0.00789323,0.09628662,0.00149716,0.00150918,0.0002339,0.0,6.7e-07,4.671e-05,6.273e-05,3.3e-07,2.369e-05,1.435e-05,6.67e-06,2.536e-05,0.00010244,6.74e-05,3.34e-06,6.67e-06,0.00011144,2.269e-05,7.074e-05
icNebSali1,0.68772224,0.23024708,0.00216706,0.00465188,0.04653251,0.00216005,0.00118139,0.00044248,1.33e-06,9e-06,0.00013338,5.202e-05,3.67e-06,1e-06,9e-06,3.968e-05,3.768e-05,0.00016539,2.534e-05,3.568e-05,9.34e-06,2.601e-05,9.67e-06,8.636e-05
icOcyOlen1,0.51046816,0.42876325,0.00660087,0.03218106,0.00547249,0.01057886,0.00111204,4.635e-05,7.67e-06,0.00012938,0.00016739,9e-06,2.568e-05,5.67e-06,1e-06,1.067e-05,4.568e-05,0.00010003,1.167e-05,7.67e-06,1.2e-05,0.0001087,2.334e-05,1.367e-05
icOphArdo1,0.39291097,0.48971224,0.00231544,0.00506702,0.09832077,0.0017896,0.00105735,0.00015405,1.767e-05,2.534e-05,1.534e-05,1.467e-05,5.202e-05,2.367e-05,3.501e-05,2.634e-05,1.067e-05,2.768e-05,6.936e-05,6.769e-05,0.00013471,1.867e-05,1.934e-05,3.268e-05
icPhiCogn1,0.56564622,0.31338246,0.00243448,0.00903301,0.00419473,0.09510203,0.00612237,0.00015072,2e-06,5.235e-05,6.302e-05,1.701e-05,1.934e-05,1.067e-05,6.135e-05,9e-06,1.1e-05,8.34e-06,0.0,6.7e-07,3.3e-07,3.635e-05,2e-06,1.4e-05
icPodAlpi1,0.31894231,0.5195982,0.00464421,0.04268256,0.08094298,0.01504335,0.00139647,0.00015072,3.001e-05,1.834e-05,0.00055285,2.501e-05,5.969e-05,1e-05,9.17e-05,5.67e-06,3.568e-05,4.835e-05,0.0,1.067e-05,2.167e-05,0.00026009,1.901e-05,2.234e-05
icPolCerv1,0.35477804,0.42810915,0.00658411,0.01783144,0.02200968,0.16029439,0.00478037,0.0004002,1.235e-05,5.007e-05,0.00014953,7.577e-05,0.00012884,8.912e-05,1.335e-05,9.01e-06,0.00011949,2.67e-06,1.836e-05,2.971e-05,6.01e-06,2.437e-05,3.672e-05,4.01e-06
icPteMadi1,0.42121086,0.359502,0.00187308,0.00272152,0.14821019,0.00269487,0.00135909,0.0006982,3.598e-05,1.399e-05,0.00043371,6e-06,7e-06,2.831e-05,2.565e-05,4.697e-05,5.163e-05,3.364e-05,3.897e-05,8.66e-06,8.33e-06,7.528e-05,6.895e-05,2.065e-05
icPteMadi3,0.43762712,0.34907264,0.00185338,0.00207697,0.14358047,0.00314828,0.00154782,0.00064479,6.7e-07,5.66e-06,0.00052916,8.66e-06,2.099e-05,6.065e-05,3.632e-05,1.67e-06,8.097e-05,3.3e-07,5.33e-06,9e-06,2.33e-06,5.698e-05,7.997e-05,5.365e-05
icPyrSerr1,0.18801835,0.49977518,0.00168512,0.00263242,0.00490427,0.0954573,0.01767412,0.00090727,1.801e-05,2.368e-05,0.00132922,7e-06,3.402e-05,0.00019813,0.00066111,1.067e-05,2.568e-05,0.00136291,0.00020247,1.801e-05,1.67e-06,0.00011608,0.00032722,0.00018379
icRhaFulv1,0.15868633,0.390559,0.013095,0.06288767,0.03075567,0.036564,0.00184933,0.00064467,2.233e-05,1.9e-05,0.00214733,2.333e-05,3.867e-05,0.000478,0.00067433,3.3e-07,1.367e-05,0.00232067,0.000417,2.8e-05,2.33e-06,0.00038867,0.000405,0.000187
icSilAtra2,0.44266556,0.47344171,0.00138674,0.00273684,0.05267955,0.01143005,0.00078215,6.063e-05,3.3e-07,6.096e-05,0.00116189,6.33e-06,2.831e-05,2.931e-05,3.897e-05,9.99e-06,1.266e-05,3.3e-07,0.00011659,2.831e-05,5.663e-05,3.897e-05,8.66e-06,4.43e-05
idAcrOrbc1,0.29177492,0.63829076,0.00935612,0.01513404,0.02026842,0.00232844,0.00414071,0.0001117,1.667e-05,2.701e-05,8.269e-05,5.569e-05,1.034e-05,0.00011037,0.00011604,2.134e-05,1.834e-05,0.00013071,4.335e-05,3e-06,3.33e-06,4.035e-05,5.468e-05,5.802e-05
idBacElon1,0.65956571,0.28910307,0.00386124,0.00538192,0.01609173,0.01224817,0.00535724,0.00060707,1.301e-05,5.37e-05,9.173e-05,3.569e-05,3.602e-05,8.205e-05,3.302e-05,8.34e-06,9.039e-05,1.634e-05,3.3e-07,2.235e-05,2.201e-05,4.403e-05,3.569e-05,5.203e-05
idBelPand1,0.3734321,0.47433133,0.00107774,0.00203704,0.11578212,0.01848749,0.00343977,0.0001972,2.67e-06,0.00011778,0.00081481,2.402e-05,0.00012246,4e-06,1.068e-05,3.103e-05,1.835e-05,4e-06,2.803e-05,1.201e-05,4.004e-05,1.468e-05,6.707e-05,3.036e-05
idBerChal2,0.51601067,0.39651684,0.00167322,0.00277859,0.05501667,0.00619907,0.00354818,0.00044315,9.67e-06,7.169e-05,9.87e-05,7.603e-05,1e-06,2.33e-06,6.502e-05,0.0001007,2.401e-05,1.801e-05,4.768e-05,8.703e-05,0.0,8e-06,6.269e-05,6.402e-05
idBibMarc1,0.340959,0.39539433,0.002891,0.00472967,0.23088433,0.004747,0.001031,0.00028433,4.33e-06,2.7e-05,2.267e-05,3e-05,2.9e-05,5.367e-05,5.167e-05,5e-06,1.4e-05,1e-06,5.367e-05,1.67e-06,0.00017133,9.867e-05,4.3e-05,7.767e-05
idBleFall4,0.35258128,0.58978248,0.00214657,0.00472452,0.02620586,0.01052632,0.00151965,0.00014823,7.99e-06,7.262e-05,0.00015889,1.865e-05,5.13e-05,8.994e-05,3.031e-05,5.33e-06,0.00016722,0.00018754,8.128e-05,1.233e-05,4.364e-05,5.163e-05,3.66e-06,0.00013191
idBomDisc1,0.43846069,0.35816289,0.00144704,0.00223185,0.0116952,0.03516789,0.0090996,0.13098235,2.33e-06,1.099e-05,5.73e-05,2.765e-05,3.831e-05,2.398e-05,7.761e-05,1.932e-05,0.0002002,7.662e-05,3.66e-06,1.466e-05,7.195e-05,2.099e-05,9.66e-06,8.594e-05
idBomMajo1,0.47552765,0.36971519,0.00355296,0.00952998,0.01692405,0.02735743,0.00421086,0.08523484,2.199e-05,2.565e-05,7.362e-05,5.13e-05,2.232e-05,1.066e-05,4.697e-05,7.328e-05,2.665e-05,2.132e-05,1.299e-05,6.7e-07,2.332e-05,2.598e-05,4.863e-05,2.598e-05
idBraLaph1,0.28141767,0.65554933,0.00777667,0.02382333,0.02041233,0.003249,0.001476,0.00020467,1e-06,5.067e-05,6.1e-05,1.067e-05,4.167e-05,5.8e-05,1.5e-05,1.2e-05,0.000243,2e-05,1.567e-05,1.33e-06,8.567e-05,5e-06,2.433e-05,8.033e-05
idCalVomi1,0.55953284,0.3362114,0.00183194,0.00220674,0.08602201,0.00331044,0.00166889,0.00065922,1.267e-05,3.935e-05,0.00013038,1.834e-05,4.101e-05,2.33e-06,3.234e-05,2.267e-05,4.001e-05,3.268e-05,0.0002104,2.201e-05,2.568e-05,6.34e-06,5e-06,7.536e-05
idCheImpr3,0.451994,0.50257867,0.00455367,0.007184,0.01685,0.006782,0.00383233,0.00016833,1e-06,7.933e-05,7.833e-05,9.533e-05,4.967e-05,2.7e-05,3.233e-05,6.67e-06,0.00010033,4.33e-06,3.467e-05,3.3e-07,9.667e-05,2e-05,1.933e-05,3.167e-05
idChePaga1,0.51581233,0.43173333,0.008275,0.010894,0.015863,0.00793,0.00348,0.000135,4.33e-06,1.267e-05,0.00010533,4.633e-05,4.333e-05,4.2e-05,1.533e-05,3.033e-05,0.00014467,1.133e-05,5.933e-05,1.67e-06,6.967e-05,9.33e-06,3.4e-05,6e-05
idCheUrba1,0.52822751,0.42823718,0.00391606,0.00701166,0.02103664,0.00095003,0.00506462,0.00031979,1.099e-05,4.66e-06,7.162e-05,0.0001046,7.229e-05,1.666e-05,6.196e-05,7.33e-06,5.496e-05,3.264e-05,2.065e-05,6.33e-06,2.465e-05,4.197e-05,5.66e-06,2.265e-05
idCheVern2,0.49755619,0.43049016,0.00465589,0.01272791,0.04151484,0.00150717,0.00513171,0.00014371,1.33e-06,2.201e-05,6.536e-05,2e-06,3.234e-05,1.967e-05,3.668e-05,6e-06,3.334e-05,4.935e-05,3.3e-07,9.34e-06,4.67e-06,2.301e-05,4e-06,2.668e-05
idCheVulp2,0.44363125,0.52517655,0.00214823,0.00330979,0.01667055,0.00138041,0.0030936,0.00025716,6.7e-07,6e-06,4.031e-05,2.598e-05,2e-06,4.664e-05,5.097e-05,4.93e-05,4.53e-05,1.166e-05,5.33e-06,4.33e-06,2.765e-05,2.698e-05,7.628e-05,3.864e-05
idChrBici1,0.35888155,0.59595896,0.00334835,0.00786587,0.0130337,0.01065332,0.00324591,0.00011979,2.703e-05,1.802e-05,0.0001635,3.871e-05,9.576e-05,4.471e-05,4.071e-05,4e-06,5.172e-05,2.269e-05,3.57e-05,0.0,2e-06,3.003e-05,5.67e-06,3.3e-07
idCisGlob1,0.59933589,0.35663046,0.00162779,0.00293869,0.00869543,0.01520793,0.00508297,0.00068444,0.0,0.00012296,5.798e-05,3.699e-05,3.132e-05,3.865e-05,3.632e-05,9.064e-05,0.00016495,3.466e-05,1e-05,4.67e-06,6.898e-05,6.33e-06,1.933e-05,2.766e-05
idCluTigr1,0.29986229,0.54497499,0.0057139,0.00611771,0.12999967,0.00070257,0.00097766,0.00044415,3.33e-06,2.401e-05,0.00017639,6.069e-05,8.936e-05,1.034e-05,2.001e-05,7.34e-06,1.701e-05,1.67e-06,1.567e-05,5e-06,8e-06,6.936e-05,7.102e-05,7.236e-05
idCoePili4,0.31349784,0.34988878,0.01495072,0.00830636,0.19091908,0.00291542,0.00071762,0.00043723,3.596e-05,8.33e-06,0.00024908,8.258e-05,2.098e-05,0.00011022,1.132e-05,2.897e-05,2.464e-05,0.00035298,0.00031502,0.00012721,3.3e-07,5.99e-06,0.00109957,0.00041292
idCorMarg1,0.67203232,0.25305598,0.00119494,0.00205865,0.05393635,0.00376375,0.003987,0.00029623,6.7e-07,2.033e-05,2.766e-05,6.33e-06,3.799e-05,7e-06,2.732e-05,7e-06,6.031e-05,1.833e-05,5.465e-05,1e-05,2.632e-05,2.632e-05,5.731e-05,5.198e-05
idCriBerb1,0.40193164,0.55038346,0.00443114,0.00958553,0.01530544,0.0083898,0.00312237,0.00028976,8.34e-06,4.335e-05,2.668e-05,5.569e-05,9.436e-05,3.735e-05,1.33e-06,6.67e-06,0.00095432,1.801e-05,6.34e-06,3e-06,1.801e-05,4e-06,2.167e-05,1e-06
idDasAlbo1,0.619632,0.34345233,0.00429,0.00522667,0.014602,0.001288,0.00406667,0.00030967,1.1e-05,1.033e-05,3.1e-05,0.00023633,2.1e-05,5.2e-05,8.33e-06,2.633e-05,6.033e-05,4.067e-05,0.00011867,1.2e-05,4.2e-05,1.3e-05,1.67e-06,3.167e-05
idEpiBalt1,0.61204268,0.33552584,0.00422841,0.00524141,0.01499133,0.01082494,0.0087019,0.00031811,9.67e-06,7.736e-05,3.468e-05,0.00010103,1.767e-05,6.369e-05,2.434e-05,2.134e-05,3.568e-05,6.035e-05,0.00011704,4.968e-05,1.067e-05,0.00013638,5.268e-05,2.834e-05
idEpiEuco1,0.57256914,0.37445185,0.00384172,0.00758047,0.01164545,0.01711096,0.00561779,0.0003872,1e-06,1.699e-05,5.165e-05,5.132e-05,5.132e-05,4e-06,2.832e-05,2.966e-05,4.232e-05,3.899e-05,3.432e-05,4.67e-06,0.0,5.865e-05,3.266e-05,2.366e-05
idEpiGros1,0.597481,0.37066067,0.00317567,0.00452033,0.01050867,0.002029,0.00599067,0.00062367,0.0,1.6e-05,0.000189,3e-06,8.33e-06,4.2e-05,3.333e-05,1.267e-05,0.00010367,1.933e-05,1.4e-05,8.67e-06,4.4e-05,4.5e-05,2.5e-05,6.33e-06
idEpiSucc1,0.210499,0.74411274,0.00254103,0.00384089,0.02343596,0.00131888,0.00368412,0.00025917,4.67e-06,2.235e-05,2.402e-05,5.203e-05,1.334e-05,8.67e-06,2.602e-05,2.735e-05,3.736e-05,6e-06,1.034e-05,0.0,6.271e-05,6.34e-06,6.738e-05,1.668e-05
idEriArbu1,0.35378222,0.52241858,0.00202198,0.00419913,0.07433999,0.01525042,0.00221245,0.00014319,2.33e-06,9.491e-05,4.962e-05,4.229e-05,1.199e-05,2.964e-05,0.00016517,8.66e-06,3.064e-05,0.00015551,5.162e-05,0.0,1.432e-05,4.462e-05,2.697e-05,2.498e-05
idEriPert2,0.25544119,0.5618947,0.00186538,0.00372343,0.12941886,0.01846385,0.00124192,0.00021926,1.67e-06,5.332e-05,0.00023292,2.932e-05,2.399e-05,4.399e-05,0.00015595,3.166e-05,2.433e-05,5.598e-05,3.965e-05,9.66e-06,3.166e-05,0.00022293,7e-06,4.399e-05
idEriSepu1,0.40424975,0.51108103,0.00463588,0.00546616,0.04027643,0.01342814,0.00272124,0.0001894,3.3e-07,2.034e-05,0.00013671,9.203e-05,4.935e-05,3.33e-06,2.968e-05,4.67e-06,0.00034345,3.034e-05,3.3e-07,1.334e-05,1.234e-05,4.635e-05,2.601e-05,9e-06
idEriTena2,0.3433713,0.50024908,0.00230902,0.0045045,0.12550749,0.00638595,0.00131136,0.00014153,2.364e-05,4.962e-05,4.995e-05,4.163e-05,6.56e-05,1.332e-05,7.99e-06,6.827e-05,6.027e-05,4.429e-05,2.697e-05,3.3e-07,1.199e-05,0.00010689,5.66e-06,2.065e-05
idEupCoro1,0.53465057,0.40907229,0.00526949,0.00698867,0.0154024,0.0183531,0.00393804,0.00022285,2.33e-06,2.798e-05,2.865e-05,3.298e-05,8.33e-06,7.761e-05,3.698e-05,9.66e-06,5.496e-05,1.865e-05,2.199e-05,2.732e-05,2.33e-06,2.099e-05,1.099e-05,2.831e-05
idEupLati1,0.45921374,0.49863221,0.00320674,0.00588863,0.01437046,0.00677359,0.00625175,0.00020507,3.801e-05,6.269e-05,8.87e-05,5.34e-06,6.002e-05,5.34e-06,3.535e-05,4.33e-06,1.967e-05,2.067e-05,1.267e-05,1.034e-05,3.068e-05,7.34e-06,4.67e-06,2.201e-05
idGymRotn1,0.51232557,0.45488149,0.00184421,0.00350832,0.00887683,0.00961385,0.00425899,0.00026598,1.132e-05,4.694e-05,7.057e-05,0.00011451,3.495e-05,1.065e-05,3.395e-05,6.66e-06,6.558e-05,5.06e-05,2.53e-05,2.264e-05,9.321e-05,3e-06,6.99e-06,3.495e-05
idLeuLate1,0.49915739,0.46175692,0.00490363,0.00390964,0.01101767,0.00139613,0.01136245,0.00025342,1.67e-06,9.34e-06,3.568e-05,0.00013938,1.767e-05,1.434e-05,4.301e-05,3.3e-07,0.00043715,1.867e-05,4.301e-05,2.601e-05,6.636e-05,3.234e-05,1.567e-05,2.734e-05
idLypDubi1,0.47034767,0.50063033,0.001166,0.00150533,0.01714033,0.000949,0.00288067,8.767e-05,5.67e-06,2.333e-05,5.467e-05,6.667e-05,8.33e-06,4.67e-06,2.067e-05,7.067e-05,6e-06,8.67e-06,6.767e-05,2.533e-05,6.367e-05,3.33e-06,0.000119,3.067e-05
idMacAtri3,0.3470477,0.59796197,0.00116244,0.00197999,0.01119613,0.00100334,0.02389426,0.00083989,1e-06,7e-06,3.035e-05,4.736e-05,0.00012075,7.305e-05,4.77e-05,4.636e-05,6.67e-06,4.803e-05,5.47e-05,9.039e-05,1.901e-05,1.701e-05,1.67e-06,1.368e-05
idMelAuri2,0.56103831,0.38960626,0.00585976,0.00756795,0.01571219,0.00854497,0.00454797,0.00018488,7.66e-06,3.098e-05,3.797e-05,2.065e-05,5.496e-05,4.297e-05,7.928e-05,1.499e-05,7.695e-05,7.33e-06,2.132e-05,1.399e-05,3.764e-05,0.00012725,5e-06,7.99e-06
idMelMell2,0.57988304,0.36492902,0.00306664,0.0046871,0.02763179,0.00134988,0.0034895,0.00017827,4.33e-06,1.133e-05,6.764e-05,0.00015428,1.599e-05,1.799e-05,6.964e-05,1e-05,7.131e-05,0.00010363,6.198e-05,1e-06,0.00012163,4.132e-05,2.599e-05,4.698e-05
idMyaFlor2,0.27630867,0.585934,0.00434467,0.01065067,0.08034133,0.01599333,0.00140767,0.00014933,1.467e-05,6.067e-05,0.00011733,2.133e-05,7.767e-05,4.033e-05,8.033e-05,8.67e-06,4.233e-05,8.3e-05,7.167e-05,6.7e-07,7.33e-06,5.4e-05,2.67e-06,1.967e-05
idMyoTess1,0.30609807,0.65341461,0.00098232,0.00115777,0.02305103,0.0043946,0.00167078,0.00088059,3.3e-07,2.302e-05,5.103e-05,3e-06,2.33e-06,5.34e-06,2.135e-05,8.606e-05,1.968e-05,0.00010073,0.00012675,0.00013776,2.135e-05,1.434e-05,0.00013709,0.00085524
idNemNigr1,0.35647354,0.59058702,0.00179135,0.00346722,0.03242895,0.00157704,0.00326256,8.286e-05,0.0,3e-06,7.155e-05,5.757e-05,3.99e-06,3e-06,4.99e-06,7.65e-06,1.83e-05,2.829e-05,4.692e-05,6.7e-07,1.73e-05,8.32e-06,2.962e-05,4.66e-06
idNeoCyan1,0.41229324,0.55956848,0.0009027,0.00168477,0.01352116,0.00165212,0.00557614,0.00025925,2.67e-06,2.932e-05,7.664e-05,1.866e-05,3.132e-05,1.999e-05,7e-06,1e-06,1.666e-05,2.199e-05,1.933e-05,3.199e-05,0.00010996,1.766e-05,1.699e-05,3.232e-05
idNeoInte1,0.55324334,0.41324068,0.00198835,0.00312483,0.01097071,0.00441911,0.00369174,0.00022337,7.66e-06,5.326e-05,7.99e-06,1.931e-05,1.498e-05,1.431e-05,1.931e-05,4.095e-05,0.00205326,7.324e-05,1.831e-05,1.731e-05,4.99e-06,8.99e-06,3.429e-05,8.99e-06
idNepAppe1,0.38269923,0.47826275,0.00337112,0.00795165,0.09135445,0.00227276,0.00149183,0.0004985,3.67e-06,1.734e-05,0.00026209,4.535e-05,4.168e-05,5.202e-05,5.002e-05,8.67e-06,4.135e-05,4.735e-05,1.334e-05,7.669e-05,6.402e-05,1.67e-06,0.0001017,3.935e-05
idNepFlae1,0.29380646,0.53907628,0.00279447,0.00576815,0.11748534,0.00309161,0.00128981,0.00033811,1.432e-05,1.033e-05,0.00027015,3.897e-05,1.466e-05,2.398e-05,8.927e-05,6.362e-05,1.932e-05,1.832e-05,9.33e-06,4.33e-06,3e-06,1e-06,0.00011259,3.33e-06
idNepScut1,0.63517988,0.30848334,0.0030543,0.00517988,0.03580946,0.0028954,0.00316889,0.00012258,1e-06,1.133e-05,0.00037275,3.764e-05,0.00010027,4.53e-05,6.163e-05,2.398e-05,5.263e-05,2.66e-06,3.66e-06,1.67e-06,2.732e-05,1.299e-05,7.828e-05,5.463e-05
idNowFero1,0.20678159,0.73641981,0.002996,0.00401734,0.03999333,0.00155952,0.00278393,0.00025175,2.201e-05,4.335e-05,0.00014271,3.568e-05,1.667e-05,2.634e-05,1.967e-05,2.501e-05,1.4e-05,1.434e-05,3.301e-05,3.3e-07,6.67e-06,5.035e-05,4.67e-06,6e-06
idPheCory1,0.56063876,0.38851801,0.00326951,0.00544897,0.02973649,0.00203569,0.00481721,0.00019646,1.234e-05,9.01e-06,6.271e-05,2.935e-05,1.301e-05,5e-06,1.768e-05,3.34e-06,6.471e-05,3.836e-05,1.167e-05,2.402e-05,3.702e-05,1e-06,3.269e-05,4e-06
idPhyMeln1,0.62061146,0.33067378,0.00165212,0.00294035,0.01902333,0.00990403,0.00482273,0.00032056,9.33e-06,4.465e-05,9.197e-05,5.531e-05,4.165e-05,1.1e-05,2.199e-05,3.399e-05,4.132e-05,4.798e-05,1.699e-05,0.0,2.366e-05,4.365e-05,3.732e-05,4.299e-05
idPlaAlba1,0.55679807,0.39305765,0.00874808,0.01077907,0.01567677,0.0028094,0.00482806,0.00027124,1.3e-05,9.66e-06,2.133e-05,5.165e-05,2.399e-05,2.199e-05,3.066e-05,1.233e-05,6.531e-05,2.832e-05,1.899e-05,3.332e-05,3e-06,2.732e-05,2.566e-05,3.3e-07
idPlaAlba3,0.48970547,0.30691127,0.04538926,0.01645264,0.06920013,0.0073439,0.00272515,0.00083522,1.868e-05,1.334e-05,0.00072949,4.203e-05,1.234e-05,0.00013642,2.602e-05,2.235e-05,4.27e-05,0.00077952,0.00068212,4.736e-05,5.237e-05,0.00047965,9.907e-05,0.00095864
idPlaAlba4,0.57540579,0.37610885,0.00667044,0.00915113,0.01824434,0.00340712,0.00432024,0.0002753,8.66e-06,4.99e-06,8.921e-05,0.00017077,2.563e-05,5.559e-05,2.563e-05,2.097e-05,3.895e-05,4.294e-05,1.498e-05,1.66e-06,7.32e-06,7.66e-06,1.565e-05,2.031e-05
idPoeNobi2,0.12865201,0.80574925,0.0018285,0.00225974,0.02668665,0.00347519,0.00274192,0.00088778,3.66e-06,2.065e-05,0.00015052,2.331e-05,3e-06,7.126e-05,2.631e-05,2.997e-05,6.926e-05,3.33e-05,9.66e-06,2.198e-05,0.0,2.93e-05,1.132e-05,1.865e-05
idPolAmen1,0.69701265,0.23827872,0.00137962,0.00213886,0.04818848,0.0011958,0.00460273,0.00013353,0.0,3.263e-05,0.00019114,5.961e-05,2.564e-05,8.99e-06,3.164e-05,0.00014918,0.00011588,1.099e-05,4.529e-05,1.665e-05,3.83e-05,1.698e-05,3.03e-05,2.33e-06
idPolAngu1,0.70445618,0.22295501,0.00186171,0.00262846,0.05485305,0.00101966,0.00473042,0.00013129,3e-06,8.66e-06,5.465e-05,4.365e-05,3.799e-05,1.733e-05,9e-06,2.932e-05,0.00036021,9e-06,1.966e-05,1e-05,3.499e-05,5.032e-05,1.966e-05,1.833e-05
idPolDomi1,0.46384449,0.29496737,0.00142158,0.00258974,0.21868665,0.00109224,0.00181285,0.00017816,2.33e-06,2.631e-05,9.257e-05,1.732e-05,2.364e-05,6.127e-05,7.592e-05,8.891e-05,3.064e-05,1.532e-05,1.299e-05,6.66e-06,5.628e-05,3.33e-05,1.132e-05,8.691e-05
idProAzur1,0.34580653,0.53127006,0.00212821,0.00422344,0.10288911,0.00140293,0.00479654,0.0007679,0.0,2.165e-05,4.762e-05,3.83e-05,7.892e-05,8.66e-06,2.964e-05,6.33e-06,1.099e-05,3.064e-05,1.365e-05,2.33e-06,3.3e-07,1.67e-06,1.066e-05,4.928e-05
idRhiCamp1,0.71523508,0.2188106,0.00346582,0.00375525,0.04811771,0.00102534,0.00337646,0.00010804,1.167e-05,6.34e-06,3.101e-05,2.768e-05,7e-06,1.634e-05,2.768e-05,3.268e-05,0.00031544,5.67e-06,4.33e-06,3.301e-05,8.236e-05,4.768e-05,1.801e-05,1.467e-05
idSarCaer1,0.32798633,0.5208873,0.00361254,0.0055872,0.11459353,0.01113171,0.00097466,0.00027976,4.33e-06,5.002e-05,0.0001127,1.134e-05,7.636e-05,2.568e-05,2.201e-05,5.869e-05,1.867e-05,3.67e-06,1.434e-05,2.134e-05,6.302e-05,6.67e-06,3.468e-05,4.101e-05
idSarRose1,0.29498533,0.55116806,0.00480127,0.0055902,0.12838513,0.00228843,0.00244548,0.0003918,3e-06,2.234e-05,6.936e-05,4e-06,5.335e-05,2.001e-05,3.601e-05,1.33e-06,2.801e-05,2e-06,5.802e-05,1.334e-05,1.134e-05,6.169e-05,9.34e-06,2.334e-05
idSarSubv1,0.32545797,0.51919313,0.00363142,0.00830787,0.12934857,0.00216611,0.00196998,0.00046464,2.67e-06,3.469e-05,6.004e-05,2.302e-05,1.634e-05,4e-06,3.702e-05,1.868e-05,1.901e-05,1.101e-05,3.3e-07,1.901e-05,3.769e-05,5.34e-06,3.67e-06,3.502e-05
idSarVari1,0.31204433,0.540353,0.00398167,0.00603167,0.123522,0.00303967,0.001406,0.000469,2.2e-05,4.3e-05,0.000105,5.33e-06,3.833e-05,2.733e-05,2.967e-05,2.33e-06,1.533e-05,8e-06,4.6e-05,1.233e-05,6.8e-05,2.067e-05,1.3e-05,3.133e-05
idScaPyra1,0.50453033,0.443165,0.008083,0.008897,0.017197,0.00682433,0.00446467,0.00044967,3.067e-05,1.433e-05,8.133e-05,5.5e-05,2.233e-05,3.833e-05,1.4e-05,3.3e-07,7.733e-05,6.933e-05,2.167e-05,5.567e-05,3.167e-05,0.000278,4.67e-06,3.733e-05
idSicFerr1,0.31835467,0.62878,0.003387,0.00497867,0.01588067,0.00684967,0.00195667,0.00027867,3e-06,2.967e-05,0.000341,0.00011133,1.433e-05,3.933e-05,3.433e-05,1.33e-06,4.433e-05,4.1e-05,3.967e-05,8.467e-05,2.633e-05,4.067e-05,1.167e-05,0.00014933
idSphTaen1,0.58278455,0.36179354,0.01204895,0.01019247,0.02075258,0.00116384,0.00356011,0.00021146,1.265e-05,6.99e-06,5.128e-05,0.0002987,6.027e-05,2.298e-05,2.031e-05,1.232e-05,0.00049617,3.763e-05,2.864e-05,2.098e-05,3.43e-05,2.764e-05,4.096e-05,1.132e-05
idStoLuna1,0.62444167,0.32869,0.00248567,0.00404933,0.02618933,0.002439,0.006563,0.00039167,3e-06,1.9e-05,3.733e-05,0.000128,2.633e-05,2.4e-05,1.033e-05,8e-06,7.9e-05,1.767e-05,3.3e-07,1e-06,3e-06,3.567e-05,1.267e-05,4.67e-06
idSuiVari3,0.85692095,0.07128619,0.00070547,0.00148699,0.03634823,0.01115877,0.00328786,0.00347665,0.0,7e-06,5.304e-05,2.835e-05,3.34e-06,1.835e-05,7.34e-06,2.969e-05,6.604e-05,1.835e-05,3.336e-05,1.801e-05,2.33e-06,1.167e-05,5.27e-05,3.169e-05
idSyrPipi1,0.33938167,0.629353,0.002162,0.00395267,0.01027,0.00703333,0.00255367,0.00024333,5e-06,8.6e-05,6.1e-05,1.367e-05,8e-06,1.433e-05,1.8e-05,3.33e-06,3e-05,2.233e-05,2.833e-05,7.67e-06,2.7e-05,8.133e-05,1.433e-05,2.233e-05
idSyrPipi2,0.34617233,0.620724,0.00194633,0.00344067,0.010092,0.007622,0.00247767,0.00012667,1.67e-06,4.1e-05,7e-05,4.33e-06,3.367e-05,7.367e-05,4.033e-05,4e-06,8.067e-05,1.967e-05,1.4e-05,1.567e-05,9.33e-06,1.1e-05,1.667e-05,4.6e-05
idSyrPipi5,0.35122692,0.61586338,0.00198267,0.00341186,0.01036421,0.00733622,0.00233755,0.00020493,2.33e-06,1.333e-05,4.165e-05,1.066e-05,2.566e-05,8.164e-05,2e-06,2.133e-05,1.933e-05,5.33e-06,3.67e-06,2.266e-05,0.00010497,3.199e-05,6.365e-05,4.532e-05
idSyrPipi6,0.34873582,0.61819313,0.00217245,0.00358839,0.01022415,0.00758306,0.0024523,0.0001541,1.501e-05,3.369e-05,6.771e-05,1.201e-05,1.001e-05,1.201e-05,3.369e-05,2.635e-05,1.201e-05,2.135e-05,4.036e-05,9.67e-06,3.002e-05,5.904e-05,4.87e-05,1.401e-05
idSyrPipi7,0.34820107,0.61733745,0.00213038,0.00398133,0.009989,0.00796666,0.00264321,0.00023841,1.234e-05,2.001e-05,6.702e-05,2.134e-05,2.601e-05,3.568e-05,5.635e-05,6.7e-07,4.068e-05,5.869e-05,2.868e-05,1.67e-06,5.135e-05,1.501e-05,4.802e-05,5.002e-05
idSyrPipi8,0.346911,0.62027233,0.001991,0.00370033,0.01022833,0.00711,0.00261967,0.00018133,3.3e-07,4.967e-05,5.767e-05,8.67e-06,6.033e-05,1.833e-05,6.867e-05,4.933e-05,4e-05,3.533e-05,1.3e-05,2.9e-05,2.533e-05,6.567e-05,4.033e-05,2.933e-05
idSyrPipi9,0.34630073,0.62110881,0.00172797,0.00395828,0.01008945,0.00729907,0.00245961,0.00020494,9.68e-06,9.045e-05,2.303e-05,2.47e-05,8.111e-05,3.838e-05,5.441e-05,0.0,2.77e-05,1.602e-05,1.535e-05,5.34e-06,7.51e-05,1.035e-05,3.705e-05,4.206e-05
idSyrPipi10,0.34853931,0.61899467,0.00198434,0.0038461,0.01015157,0.00720953,0.00229214,0.00012558,3.3e-07,9.061e-05,9.96e-05,1.266e-05,3.131e-05,1.865e-05,5.163e-05,2.66e-06,4.997e-05,2.698e-05,2e-06,4.33e-06,8.361e-05,3.531e-05,3.298e-05,9.33e-06
idSyrPipi11,0.34938346,0.61629176,0.00196332,0.00404435,0.01040514,0.00748683,0.0025872,0.00024708,1.67e-06,7.669e-05,3.668e-05,4.335e-05,1.434e-05,3.001e-05,3.835e-05,7.34e-06,4.535e-05,2.167e-05,2e-06,6.235e-05,5.702e-05,5.502e-05,2.201e-05,2.167e-05
idTacFera2,0.30354064,0.66431412,0.00198001,0.00337475,0.01466489,0.00173618,0.00397868,0.00048401,1e-06,1.799e-05,5.863e-05,2.498e-05,3.165e-05,3.298e-05,2.998e-05,4.73e-05,4.197e-05,6.66e-06,1.566e-05,1.099e-05,8.66e-06,2.765e-05,1.499e-05,1.332e-05
idTacLuri1,0.28057947,0.66608864,0.0015868,0.0042086,0.03508131,0.00146218,0.00443519,0.00053982,7.33e-06,5.33e-06,0.0001946,3.965e-05,4.67e-06,1.4e-05,3.33e-06,1.1e-05,2.799e-05,1.233e-05,3.232e-05,9.33e-06,3.032e-05,1.699e-05,3.232e-05,5.565e-05
idTheAcut1,0.27065067,0.65488733,0.00277733,0.00490133,0.055877,0.00104067,0.00225133,0.00026233,1.33e-06,2.467e-05,8.033e-05,7.6e-05,5.67e-06,2.833e-05,8.9e-05,7.1e-05,1.567e-05,7.33e-06,4.8e-05,6.33e-06,4.33e-06,8.67e-06,4.067e-05,3.967e-05
idTheAtra2,0.29731935,0.66064036,0.0015964,0.00170962,0.00685148,0.01658175,0.0082634,0.00021046,6.7e-07,4.695e-05,4.895e-05,1.099e-05,8.33e-06,8.525e-05,7.293e-05,1.865e-05,3.397e-05,1.67e-06,7.06e-05,4.829e-05,0.00014552,2.098e-05,3.263e-05,7.293e-05
idTheSoli1,0.29404201,0.65657286,0.00358219,0.00779126,0.01952351,0.00137446,0.0046042,0.00027576,1.33e-06,1.767e-05,0.00011004,3.134e-05,9.703e-05,6.302e-05,1.267e-05,6.7e-07,8.603e-05,7e-06,0.0,6.7e-07,5.34e-06,0.00017539,1.634e-05,2.901e-05
idVolInan1,0.3740953,0.51153349,0.00466478,0.01375908,0.03633722,0.04282572,0.00293969,0.00011196,0.0,5.965e-05,0.00018527,9.13e-05,9.763e-05,1.133e-05,2.699e-05,2.33e-06,5.631e-05,3.032e-05,3.67e-06,8.33e-06,3e-06,1.333e-05,9.563e-05,1.566e-05
idVolInfl1,0.48013729,0.47301833,0.00668377,0.01022559,0.01597934,0.00348251,0.00232756,0.00017428,1.966e-05,8e-06,4.365e-05,3e-06,9.064e-05,3.399e-05,3.166e-05,1e-06,0.00100966,2.899e-05,1e-06,2.099e-05,1.566e-05,3.266e-05,2.466e-05,6.498e-05
idXanPedi1,0.38908764,0.55497334,0.00212463,0.00406564,0.03788371,0.00077574,0.00410696,9.897e-05,8e-06,5.66e-06,5.665e-05,2.399e-05,3.799e-05,1.133e-05,1.633e-05,5.33e-06,2.799e-05,3.565e-05,6.731e-05,9e-06,9e-06,8.33e-06,0.00011296,9.197e-05
idXylSylv2,0.22954948,0.6720993,0.00311529,0.00616228,0.07035388,0.00826824,0.00137587,0.00015028,4e-06,5.731e-05,0.00012363,1.1e-05,3.232e-05,1.999e-05,4.898e-05,3.199e-05,5.198e-05,4e-06,3.3e-07,4e-06,9.66e-06,1.799e-05,6.33e-06,9.33e-06
ihAcaHaem1,0.35067677,0.36216361,0.12655581,0.02404265,0.09856448,0.02167577,0.00185238,7.264e-05,4.67e-06,0.00033822,6.431e-05,0.00032156,2.866e-05,1.033e-05,7.631e-05,7.66e-06,5.66e-06,2.099e-05,0.00053815,1.67e-06,0.00012596,3.33e-06,1.133e-05,1.3e-05
ihAelAcum1,0.63796902,0.24862425,0.0254074,0.01814457,0.05519554,0.00356196,0.00466722,0.0003018,0.0,6.329e-05,4.397e-05,1.932e-05,0.00021752,0.00026749,0.00015456,1.033e-05,2.565e-05,2.765e-05,3.198e-05,6.7e-07,1.932e-05,7.66e-06,0.0001066,5.097e-05
ihDrePlat2,0.54008392,0.28082917,0.07241392,0.01397802,0.03396004,0.04705162,0.00276956,0.00042557,1.832e-05,2.764e-05,0.00017849,0.0001362,2.531e-05,1.698e-05,4.562e-05,3e-06,0.00010423,9.424e-05,5e-06,1.432e-05,2.964e-05,0.0002321,2.298e-05,1.032e-05
ihGonAcut1,0.46523392,0.33036288,0.07906931,0.00309663,0.09742519,0.00081873,0.00687604,0.00012463,1.033e-05,3.199e-05,6.265e-05,4.565e-05,0.00013029,3.899e-05,0.00012029,9.697e-05,6.33e-06,3.166e-05,0.0002026,5.365e-05,8.464e-05,1.266e-05,4.798e-05,2.632e-05
ihRhaNebu1,0.3664965,0.44155744,0.00539128,0.00448618,0.15433333,0.00081152,0.00892674,0.00021845,8.66e-06,4.66e-06,0.0001049,9.32e-06,0.00064835,0.00013919,0.00014352,4e-06,8.691e-05,3.363e-05,2e-06,0.0,1.199e-05,3.83e-05,6.827e-05,4e-06
iiAthCine2,0.76359594,0.18097602,0.01623684,0.02677715,0.00514857,0.00113991,0.00142139,0.00016755,0.0,2.598e-05,2.032e-05,7.029e-05,4.231e-05,2.265e-05,7e-06,7.99e-06,0.001502,4.83e-05,1.499e-05,3.3e-07,2.065e-05,2.33e-06,1.033e-05,5.463e-05
iiGlyPell1,0.67947849,0.20876626,0.05790497,0.03163521,0.00823174,0.00187529,0.00410804,0.00122441,1e-06,1e-06,8.57e-05,4.635e-05,0.00032211,0.00032077,2.734e-05,3.33e-06,0.00024475,7.569e-05,6.7e-07,6.7e-07,1e-06,5.035e-05,1.234e-05,1.33e-06
iiLimLuna2,0.74904668,0.12967189,0.02777893,0.06933511,0.01054385,0.00182261,0.00592731,0.00064688,1.33e-06,2.968e-05,0.00010704,3.101e-05,0.00045849,0.0001127,2.234e-05,1e-05,0.00014371,4.068e-05,3.33e-06,4.33e-06,2.601e-05,1.634e-05,2.001e-05,4.33e-06
iiLimMarm1,0.68308433,0.19878,0.064518,0.03299667,0.01290933,0.002083,0.00174833,0.000292,3.3e-07,1.533e-05,7.7e-05,9.67e-06,0.00049067,5.433e-05,1.767e-05,4e-06,0.000193,1.1e-05,4.67e-06,1e-05,2.233e-05,1.267e-05,2.967e-05,5.667e-05
iiLimRhom1,0.67279647,0.21859227,0.05396969,0.03715323,0.0077012,0.0023461,0.00183678,0.00058095,7e-06,1.699e-05,0.00019121,7.66e-06,0.00098601,0.00017788,2.365e-05,4.33e-06,0.00023351,6.296e-05,0.0,9.33e-06,1.332e-05,7.562e-05,1.366e-05,2.33e-06
ilAbrTril1,0.73701299,0.19923277,0.00228105,0.00403863,0.00279853,0.04857942,0.00154945,0.00030936,9.32e-06,7.326e-05,1.798e-05,2.631e-05,1.499e-05,2.897e-05,5.228e-05,8.292e-05,1.832e-05,5.628e-05,9.224e-05,5.66e-06,2.298e-05,5.761e-05,2.66e-06,1.931e-05
ilAbrTrip1,0.83270223,0.0885902,0.00271124,0.00320173,0.00251384,0.06492264,0.00127376,0.00020073,2.001e-05,1.734e-05,7.002e-05,2.834e-05,1.267e-05,2.134e-05,3.301e-05,1.067e-05,5.67e-06,6.569e-05,2.701e-05,1.467e-05,1.167e-05,4.435e-05,1.3e-05,2.201e-05
ilAceEphe1,0.7696112,0.2106072,0.00253618,0.00384728,0.00704368,0.00124775,0.00242347,0.0001884,8.67e-06,1.634e-05,1.667e-05,1.534e-05,2.101e-05,4.635e-05,2.701e-05,0.00011104,3.001e-05,7.202e-05,7.34e-06,1.33e-06,8.67e-06,0.00010303,2e-06,6.67e-06
ilAchFlav2,0.86268458,0.12252437,0.00227637,0.00109947,0.00546762,0.00053939,0.00078338,6.275e-05,4.67e-06,8.68e-06,7.243e-05,4.539e-05,2.804e-05,0.00024166,0.00033178,0.00010481,1.469e-05,9.312e-05,5.67e-06,6.642e-05,0.00011716,0.00010514,8.411e-05,4.573e-05
ilAclCris2,0.73618954,0.23726416,0.00851266,0.00512592,0.00287542,0.00288274,0.0041026,0.00023618,1e-06,1.566e-05,6.329e-05,1.865e-05,7.062e-05,0.00023085,0.00019787,1.299e-05,3.398e-05,8.328e-05,2.965e-05,1.133e-05,1.599e-05,3.631e-05,3.764e-05,2.998e-05
ilAclEmar1,0.88251683,0.08740487,0.01162313,0.003005,0.007006,0.00101066,0.00243785,0.0001063,5.66e-06,2e-06,0.00012796,1.699e-05,5.365e-05,0.00031556,9.264e-05,5.198e-05,4.665e-05,5.232e-05,3.665e-05,1.133e-05,1.066e-05,9.66e-06,5.698e-05,5.66e-06
ilAclLite1,0.68118946,0.28864443,0.01254403,0.00400534,0.00328853,0.00156905,0.00501668,0.00022048,2.769e-05,1.001e-05,2.668e-05,5.37e-05,2.869e-05,0.00018579,0.00020614,5.203e-05,2.535e-05,0.00016111,3.3e-07,8.01e-06,6.67e-06,9.273e-05,4.203e-05,1.301e-05
ilAclSpar1,0.74196801,0.23648884,0.00369943,0.0037111,0.00206731,0.00154215,0.0076108,0.0002146,6.33e-06,1.566e-05,6.431e-05,3.499e-05,4.065e-05,0.00011863,0.00015761,7.364e-05,1.4e-05,2.932e-05,1.333e-05,1.2e-05,4.232e-05,1e-05,2.366e-05,3.132e-05
ilAcrAcer1,0.62771285,0.35088481,0.00428614,0.00715559,0.00309149,0.00247679,0.00112788,0.00024841,9.68e-06,2.337e-05,5.943e-05,2.003e-05,2.237e-05,9.516e-05,0.00014057,5.01e-06,2.838e-05,5.275e-05,5.01e-06,7.68e-06,3.34e-06,1.603e-05,1.469e-05,1.068e-05
ilAcrLepo1,0.74081894,0.2316909,0.01062054,0.00735112,0.00482061,0.00094365,0.000989,9.37e-05,4e-06,2.201e-05,9.403e-05,6.67e-06,7.302e-05,5.902e-05,0.00012871,8.036e-05,1.701e-05,1.501e-05,5e-06,3e-06,6.135e-05,1.234e-05,2.33e-06,4.068e-05
ilAcrPsix1,0.62948733,0.33942367,0.00544133,0.008294,0.00311567,0.00841233,0.001674,0.00015767,9.33e-06,2.733e-05,5.933e-05,1.467e-05,2.667e-05,4.867e-05,7.3e-05,3.33e-06,2.833e-05,1.967e-05,1.4e-05,2.567e-05,4.67e-06,2.767e-05,2.533e-05,6.7e-07
ilAcrSuav1,0.76497266,0.09982661,0.00739246,0.00998266,0.00367256,0.11000867,0.00144481,0.0002921,2.067e-05,3.935e-05,1.501e-05,4.535e-05,2.634e-05,6.235e-05,8.67e-06,1.901e-05,0.0002044,7.67e-06,5.802e-05,0.0,1.234e-05,3.3e-07,1.067e-05,1.334e-05
ilAglIoxx1,0.61925642,0.35614205,0.00381227,0.00675792,0.00897299,0.00155685,0.00111404,0.0001924,2e-06,4.468e-05,8.903e-05,2.501e-05,3.635e-05,4.702e-05,1.667e-05,1.601e-05,2.134e-05,7.503e-05,4.068e-05,3.3e-07,2.67e-06,2.934e-05,2.101e-05,5.34e-06
ilAglUrti1,0.733411,0.24549233,0.00274767,0.00452733,0.00561833,0.002809,0.00294767,0.00035167,1.467e-05,6.433e-05,3.567e-05,9e-06,7.267e-05,3.567e-05,1.7e-05,1e-05,1.467e-05,9e-06,3.733e-05,5.33e-06,5.4e-05,3.33e-06,1.6e-05,3.3e-07
ilAgoAren1,0.77741667,0.18307167,0.010558,0.005122,0.013485,0.00309933,0.00218233,0.000159,3e-05,6.2e-05,0.00031533,3.667e-05,3.5e-05,0.000112,0.00010667,3.333e-05,5.133e-05,3.267e-05,5.33e-06,3.67e-06,1.467e-05,4.933e-05,9.4e-05,2.67e-06
ilAgoSubp1,0.77870183,0.16289684,0.02395175,0.01320399,0.01224027,0.00224725,0.00279867,0.00015774,2.829e-05,4.093e-05,0.00013677,2.995e-05,4.459e-05,3.261e-05,1.997e-05,4.659e-05,6.256e-05,8.719e-05,7.82e-05,2.66e-06,1.33e-06,2.23e-05,2.496e-05,1.498e-05
ilAgrAura1,0.84036588,0.10907731,0.00808297,0.02676808,0.00968311,0.00136988,0.00060546,0.0002046,1.066e-05,1.033e-05,4.132e-05,2.299e-05,1.333e-05,1.166e-05,3.67e-06,2.33e-06,5.332e-05,2.399e-05,1.533e-05,1.67e-06,7.264e-05,5.432e-05,5e-06,1.533e-05
ilAgrCirc1,0.73057233,0.24833567,0.005369,0.004336,0.00548867,0.00128467,0.000999,0.00020133,1.6e-05,1.5e-05,8.933e-05,1.167e-05,3.2e-05,3.833e-05,7e-05,3.633e-05,1.9e-05,1.733e-05,5.967e-05,1e-05,1.133e-05,4.233e-05,1.867e-05,2.7e-05
ilAgrLeuc1,0.83128681,0.13157928,0.00824617,0.0145483,0.00445703,0.00383544,0.00077282,0.00052698,0.0,2.998e-05,7.695e-05,6.229e-05,6.029e-05,2.465e-05,2.165e-05,4.33e-06,0.00012592,4.797e-05,1.599e-05,2e-06,1.133e-05,2.432e-05,3.664e-05,6.696e-05
ilAgrLota1,0.63799867,0.31759367,0.01682833,0.01637933,0.00498167,0.001171,0.00225267,0.000148,1.5e-05,1.133e-05,2.533e-05,0.00014867,5.767e-05,4.067e-05,1.567e-05,7e-06,2.167e-05,8e-06,2.067e-05,1.333e-05,6.67e-06,2.833e-05,5e-06,1.7e-05
ilAgrMaci1,0.8230573,0.15172585,0.00881379,0.00543804,0.00583078,0.00097702,0.00090007,0.00021186,1.432e-05,6.33e-06,0.00010759,2.831e-05,5.863e-05,1.999e-05,6.596e-05,1.599e-05,5.863e-05,4.797e-05,2.765e-05,1.566e-05,6.33e-06,7.062e-05,6e-06,6.163e-05
ilAgrMarg1,0.83599534,0.12203227,0.00616467,0.02092814,0.00776314,0.00268463,0.00084564,0.00028011,3.3e-07,5.755e-05,1.663e-05,1.164e-05,1.963e-05,3.892e-05,2.395e-05,2.828e-05,6.62e-05,7.219e-05,1.397e-05,2.99e-06,1.53e-05,2.66e-06,7.98e-06,1.098e-05
ilAgrTris1,0.81827895,0.11440507,0.00897264,0.02484218,0.00354454,0.02407774,0.00151585,0.00028862,1e-06,4.037e-05,1.835e-05,5.339e-05,7.374e-05,9.01e-06,1.301e-05,6.7e-07,0.00022689,1.068e-05,4.671e-05,6.7e-07,4e-06,4.34e-06,1.101e-05,4.538e-05
ilAlcRepa2,0.83504167,0.142554,0.00117967,0.004195,0.00255333,0.002605,0.00141167,0.00078867,3e-06,7e-05,5.467e-05,2e-05,1e-05,1.433e-05,5e-05,2.8e-05,2.233e-05,6.6e-05,1.33e-06,1.133e-05,1.967e-05,2.033e-05,8.33e-06,6.7e-07
ilAllOxya1,0.74525925,0.2334012,0.00562879,0.00719893,0.00316694,0.00095635,0.00093802,0.00018727,1.233e-05,1.166e-05,0.00011096,3.132e-05,4.698e-05,2.099e-05,9.663e-05,9.364e-05,1.1e-05,6.165e-05,3.132e-05,5.33e-06,2.266e-05,3.132e-05,2.133e-05,2.466e-05
ilAlsAesc1,0.76973318,0.1894437,0.01222918,0.01257095,0.01077348,0.00139374,0.00065989,0.00036476,1.599e-05,1.632e-05,0.00010593,5.263e-05,5.829e-05,4.597e-05,7.99e-06,0.0,8.99e-06,7.595e-05,1.033e-05,8.33e-06,4.763e-05,1.299e-05,1.332e-05,3e-06
ilAmpBerb1,0.57010437,0.34555252,0.01463855,0.04583428,0.01761821,0.00107436,0.00088129,0.00027643,2.034e-05,1.701e-05,0.00012738,2.668e-05,2.834e-05,6.102e-05,1.234e-05,6.169e-05,3.968e-05,1.534e-05,1e-05,1.3e-05,1.701e-05,2.768e-05,2e-06,1.2e-05
ilAmpLuce6,0.59589377,0.3722371,0.00644722,0.01115251,0.00765867,0.00206427,0.00100766,0.00019048,0.0,1.665e-05,0.00010356,1.066e-05,3.73e-05,2.531e-05,4.129e-05,2.764e-05,3.863e-05,4.163e-05,4.995e-05,7.66e-06,2.964e-05,9.32e-06,5.062e-05,1.265e-05
ilAmpOcul1,0.59261892,0.38474917,0.00451799,0.00770486,0.00478781,0.00132412,0.00168688,0.00013025,1.999e-05,7.99e-06,4.997e-05,2.565e-05,7.99e-06,8.494e-05,9.33e-06,5.363e-05,1.799e-05,1.532e-05,1.666e-05,3.3e-07,1.765e-05,3.131e-05,4.66e-06,4.031e-05
ilAmpTrag2,0.62262271,0.34264569,0.01006294,0.01455211,0.00485481,0.00081019,0.00232334,0.0002351,2.264e-05,1.299e-05,2.664e-05,3.33e-06,5.628e-05,2.498e-05,4.562e-05,7.66e-06,1.832e-05,4.66e-06,0.0,1.132e-05,5.162e-05,4.229e-05,1.765e-05,8.66e-06
ilAnaInnx2,0.79637146,0.1564028,0.00374992,0.00652417,0.00514271,0.02623308,0.0018983,0.00028409,2e-06,0.00012604,0.00013771,3.935e-05,1.1e-05,5.67e-06,2.67e-06,2.668e-05,4.535e-05,1.067e-05,1.967e-05,4e-06,1.167e-05,4.001e-05,4.635e-05,2.568e-05
ilAnoMund1,0.85694261,0.10606974,0.00305839,0.00505072,0.02195062,0.00222189,0.00072906,0.00039873,2.236e-05,4.271e-05,9.409e-05,6.67e-06,5.038e-05,2.269e-05,2.302e-05,6.206e-05,1.502e-05,1.535e-05,1.735e-05,4.34e-06,3.604e-05,8.34e-06,1.735e-05,7.04e-05
ilAntCard3,0.82737396,0.148334,0.00287479,0.00492041,0.01091808,0.00091409,0.00151682,0.0002987,2.864e-05,1.199e-05,6.494e-05,1.166e-05,7.426e-05,1.665e-05,6.227e-05,3.796e-05,3.963e-05,4.66e-06,6.96e-05,6.7e-07,5.561e-05,3.66e-06,1.732e-05,7.459e-05
ilAntChix2,0.69107664,0.28305965,0.00581406,0.00976508,0.0037001,0.00134222,0.00162179,0.00011496,4.67e-06,1.599e-05,0.00016028,2.066e-05,1.5e-05,2.099e-05,6.131e-05,1.899e-05,3.266e-05,4.632e-05,1.566e-05,2.433e-05,6.7e-07,7.264e-05,2.299e-05,4.33e-06
ilAntDeri1,0.91913104,0.05084161,0.00694065,0.00382494,0.01332511,0.00134912,0.00111404,0.00019873,3.3e-07,9.34e-06,2.001e-05,6.069e-05,1.434e-05,3.168e-05,5.835e-05,1.467e-05,0.00014938,1.901e-05,1.901e-05,8.67e-06,6.34e-06,8.57e-05,1.3e-05,1.667e-05
ilApaEpom1,0.60959907,0.36644063,0.00486825,0.00683389,0.00226451,0.00358005,0.00176718,0.00018579,2.33e-06,3.769e-05,0.00010507,0.0001044,2.101e-05,2.135e-05,1.468e-05,8.01e-06,0.00033489,7.338e-05,6.404e-05,1.568e-05,1.701e-05,1.034e-05,1.601e-05,2.068e-05
ilApaMono1,0.55872233,0.41655433,0.00449733,0.00933533,0.006491,0.000758,0.00114233,0.00017233,5.33e-06,6.67e-06,1.667e-05,7e-06,5.5e-05,7.233e-05,8.167e-05,0.000109,4.1e-05,6.33e-06,2.367e-05,1.033e-05,6.367e-05,2.33e-06,2.033e-05,9.33e-06
ilApaSord1,0.61767433,0.35739267,0.00412933,0.00969767,0.00663,0.00100833,0.00088333,8.4e-05,4e-06,1e-05,0.00010233,2.367e-05,3.833e-05,6e-06,5.333e-05,6.367e-05,1.567e-05,1e-05,2.1e-05,3.5e-05,1.367e-05,2.8e-05,4.267e-05,5.33e-06
ilApeSyri1,0.71364055,0.26059553,0.00183895,0.00338213,0.00185795,0.00727342,0.00563454,0.00056652,1.901e-05,2.034e-05,0.00010904,2.467e-05,5.402e-05,1.034e-05,2.067e-05,4.735e-05,3.735e-05,5e-06,6e-06,2.968e-05,2.267e-05,2.334e-05,4.33e-06,1.634e-05
ilAplEffo1,0.71808964,0.26198034,0.00301899,0.00520993,0.00493069,0.00182539,0.00202732,0.00039454,1e-06,1.466e-05,1.166e-05,1.699e-05,1.633e-05,1.999e-05,4.332e-05,4.832e-05,3.865e-05,1.899e-05,1.766e-05,2.999e-05,1.233e-05,8.66e-06,2.532e-05,3e-06
ilApoBetu1,0.69617667,0.25850367,0.01672467,0.01304633,0.00327533,0.004227,0.00490967,0.0002,0.0,2.767e-05,2.933e-05,9.033e-05,3.767e-05,7.367e-05,0.00012333,3.3e-07,3.833e-05,5.4e-05,8.1e-05,2.267e-05,8e-06,1.733e-05,1.633e-05,3.3e-05
ilApoBist1,0.81685867,0.09841033,0.002299,0.004995,0.00447167,0.06891133,0.00088733,0.00046567,2e-06,4.533e-05,4.833e-05,7.267e-05,9.67e-06,1.267e-05,1.067e-05,1.867e-05,9.933e-05,3.3e-07,1.167e-05,1.33e-06,7.33e-06,8e-06,2.767e-05,6e-06
ilApoCapr1,0.64286138,0.31280806,0.01714995,0.0119137,0.00346285,0.00478807,0.00320726,0.00013296,1.433e-05,3.432e-05,2.666e-05,0.0001043,4.165e-05,6.265e-05,5.032e-05,4.698e-05,8.331e-05,8.264e-05,3.67e-06,3.33e-06,1.766e-05,1.2e-05,5.298e-05,1.733e-05
ilApoCrat1,0.6986981,0.26221793,0.00965945,0.01368677,0.00754315,0.00242219,0.00227124,0.00085205,1e-06,3.266e-05,0.00024092,1.033e-05,5.731e-05,1.1e-05,3.865e-05,8e-06,7.664e-05,1.899e-05,1.599e-05,3.632e-05,4.565e-05,3.366e-05,5.098e-05,1.133e-05
ilApoHisp1,0.760529,0.21951567,0.00274733,0.00415133,0.00624,0.00130467,0.00110367,0.00053533,2e-06,9.67e-06,6.833e-05,8.67e-06,4.1e-05,8.33e-06,0.000175,4.933e-05,5.5e-05,3.933e-05,5.67e-06,2.933e-05,3.3e-07,4.133e-05,2.367e-05,1.467e-05
ilApoLima1,0.83175183,0.06195237,0.00418521,0.00234477,0.00316156,0.09190273,0.0013491,0.00011259,5.66e-06,5.663e-05,0.00010093,7.828e-05,5.063e-05,0.00010693,7.062e-05,2.532e-05,0.0003511,7.428e-05,3.231e-05,2.298e-05,8.128e-05,3.997e-05,9.027e-05,3.931e-05
ilApoLuen1,0.62250217,0.33386329,0.02027476,0.01397366,0.00339013,0.0012104,0.00166122,0.00028276,4.33e-06,1.267e-05,0.00011337,0.00013271,8.34e-06,3.735e-05,3.768e-05,0.0,4.668e-05,5.235e-05,3.601e-05,3.3e-07,3.701e-05,3.868e-05,4.268e-05,1.601e-05
ilApoNigr3,0.66462567,0.308308,0.00869333,0.00899267,0.00375233,0.00149133,0.00111367,0.000282,8e-06,1.367e-05,4.767e-05,3.533e-05,2.667e-05,3.9e-05,2.8e-05,1.333e-05,4.933e-05,2.9e-05,4.033e-05,4.67e-06,3.67e-06,2.867e-05,7.33e-06,2.633e-05
ilApoTurb1,0.72616361,0.24979873,0.00833422,0.00479607,0.00387171,0.00153782,0.0024915,0.00012496,1.666e-05,2.666e-05,4.532e-05,5.33e-06,3.299e-05,6.764e-05,2.732e-05,2.632e-05,0.00010163,2.399e-05,4.698e-05,6.031e-05,9.66e-06,1.833e-05,1.1e-05,3.166e-05
ilArcCraa1,0.72696169,0.22243771,0.01147602,0.01597002,0.01749567,0.00113857,0.0009537,0.00018887,2.199e-05,7.33e-06,6.962e-05,1.432e-05,1.965e-05,1.233e-05,1.699e-05,1.066e-05,6e-06,3.431e-05,2.632e-05,8.99e-06,4.497e-05,2.33e-06,4.73e-05,2.165e-05
ilArcXylo1,0.75215456,0.18908128,0.01019587,0.01369154,0.02827282,0.00117322,0.00050333,0.00016456,8.66e-06,6.66e-06,5.23e-05,4.364e-05,5.163e-05,2.765e-05,2.232e-05,4.364e-05,2.065e-05,3.431e-05,2.099e-05,2e-06,5.929e-05,7.33e-06,1.166e-05,1.266e-05
ilAriAges1,0.64647349,0.31446315,0.00668556,0.01618273,0.00611404,0.00519473,0.00162988,0.00015639,0.0,3.968e-05,0.00011237,5.135e-05,3.668e-05,9.67e-06,8e-06,4.67e-06,6.936e-05,6.34e-06,4.301e-05,1.67e-06,4.33e-06,1.334e-05,2.668e-05,5.969e-05
ilAriAges2,0.65256342,0.30420194,0.00661115,0.0184763,0.00647664,0.00650434,0.00145561,0.0002016,2.67e-06,5.34e-05,0.00015454,4.272e-05,4.339e-05,4.94e-05,3.638e-05,3.037e-05,0.0001028,1.569e-05,6.175e-05,8.01e-06,8.68e-06,5.174e-05,4.172e-05,8.011e-05
ilAriArta2,0.65736236,0.30177845,0.00638438,0.01819186,0.00663063,0.00484585,0.00158926,0.00016683,6.67e-06,2.803e-05,4.438e-05,7.01e-06,1.368e-05,1.301e-05,1.168e-05,4e-06,0.00011345,3.337e-05,1.134e-05,7.34e-06,3.737e-05,1.702e-05,3.3e-07,3.103e-05
ilAteCent1,0.69508503,0.25492764,0.01214738,0.02533078,0.00740447,0.00128976,0.00092631,0.00023675,2.67e-06,1.867e-05,4.235e-05,3.501e-05,4.502e-05,6.102e-05,2.33e-06,3.134e-05,8.34e-06,1.801e-05,6.7e-07,2e-06,2.067e-05,2.467e-05,5.402e-05,3.434e-05
ilAthMouf1,0.83533166,0.12363163,0.00606073,0.00673707,0.00338172,0.0178632,0.00343644,0.00024925,3e-06,7.274e-05,4.838e-05,4.071e-05,8.842e-05,2.469e-05,7.574e-05,1.368e-05,7.841e-05,2.736e-05,1e-06,2.469e-05,2.669e-05,1.702e-05,4.471e-05,3.637e-05
ilAutGamm1,0.78660939,0.19069963,0.00269297,0.00512887,0.00295904,0.00418648,0.00413853,0.00017782,7.33e-06,3.73e-05,2.231e-05,7.33e-06,3.83e-05,6.727e-05,6.793e-05,4.762e-05,4.962e-05,1.166e-05,4.362e-05,1.598e-05,6.66e-05,2.764e-05,2.664e-05,2.031e-05
ilAutPulc1,0.85014528,0.08294069,0.00205432,0.00444219,0.00264279,0.05039487,0.00393469,0.00019927,8.33e-06,1.999e-05,5.132e-05,3.932e-05,2.466e-05,3.132e-05,1.999e-05,2.166e-05,3.199e-05,1.166e-05,6.7e-07,6.33e-06,1.33e-06,1.166e-05,6.66e-06,8.66e-06
ilBemIchn1,0.47747453,0.4977659,0.00467965,0.0095348,0.00482817,0.00094938,0.00162504,0.00022811,9.99e-06,1.166e-05,8.791e-05,4.229e-05,0.00015684,0.00012021,7.33e-06,1.066e-05,1.732e-05,5.428e-05,6.66e-06,1.898e-05,2.631e-05,6.33e-06,1.632e-05,6.7e-07
ilBicAnyn1,0.69428157,0.27690703,0.00274442,0.00538254,0.00957148,0.00671343,0.00064212,0.00010497,1.466e-05,5.032e-05,5.565e-05,2.932e-05,3.466e-05,2.466e-05,3.499e-05,2.033e-05,5e-06,4e-06,2.433e-05,3.3e-07,4.67e-06,4.765e-05,9.33e-06,1.3e-05
ilBisBetu1,0.60694998,0.33059553,0.00378359,0.00555452,0.04077759,0.00233645,0.00117339,0.00020073,1.734e-05,2.668e-05,0.00016572,5.835e-05,2.234e-05,1.967e-05,2.134e-05,3.3e-07,2.868e-05,1.367e-05,4.435e-05,1.834e-05,3.034e-05,2.067e-05,1.567e-05,1.734e-05
ilBlaAdus2,0.75217939,0.15466622,0.00177426,0.0038026,0.00876659,0.07411837,0.00139813,0.00019206,5e-06,0.00010704,9.07e-05,7.67e-06,6.836e-05,2.534e-05,2.067e-05,1.3e-05,1.734e-05,1.2e-05,1.967e-05,5.67e-06,3.3e-07,7.002e-05,4.268e-05,6e-06
ilBlaLact1,0.80323516,0.12541594,0.00225417,0.00465744,0.00841261,0.0520437,0.00080187,0.00025484,3.502e-05,4.603e-05,4.937e-05,1.935e-05,8.01e-06,1.234e-05,1.668e-05,1.801e-05,2.535e-05,6.67e-06,3e-06,1.801e-05,4.67e-06,3.436e-05,4.403e-05,5.037e-05
ilBolSele5,0.76365622,0.21101434,0.00293598,0.0054008,0.00564155,0.00451184,0.00374325,0.00025075,1.33e-06,8.369e-05,4.568e-05,2.834e-05,7.369e-05,4.068e-05,4.468e-05,5.67e-06,6.669e-05,4.635e-05,1.2e-05,0.0,2.134e-05,3e-06,2.834e-05,2.401e-05
ilBraVimi1,0.817,0.15830443,0.00413004,0.00635112,0.00945849,0.00070824,0.00075925,8.203e-05,4.33e-06,7.67e-06,0.00012538,1e-05,3.735e-05,1.901e-05,3.968e-05,0.00014972,9.67e-06,1.434e-05,2.467e-05,9e-06,3.701e-05,5.168e-05,3.668e-05,0.0
ilCalPalu1,0.872411,0.08795467,0.00221567,0.00314833,0.00362,0.02415967,0.00227667,0.00034167,2.3e-05,6.2e-05,6.2e-05,3.667e-05,2.767e-05,2.7e-05,1.667e-05,2.4e-05,0.000328,4.133e-05,0.0,4e-06,1.167e-05,1.167e-05,4.667e-05,1.233e-05
ilCamMarg1,0.74901001,0.22668902,0.00615349,0.0090634,0.00351185,0.00118118,0.00115816,0.00032766,7.01e-06,3.34e-06,0.00011812,3.537e-05,6.106e-05,1.268e-05,4e-06,1.668e-05,1.168e-05,1.235e-05,2.736e-05,6.34e-06,2.469e-05,2.069e-05,6.473e-05,1.201e-05
ilCarClav1,0.64951067,0.327436,0.003623,0.00371533,0.00351933,0.007036,0.00090967,0.000245,1.267e-05,2.867e-05,5.467e-05,5.67e-06,2e-06,0.00010367,8.167e-05,3.467e-05,1.833e-05,1.133e-05,4.533e-05,1.733e-05,2.433e-05,4.667e-05,3.3e-07,2.767e-05
ilCarKade1,0.6056981,0.34947851,0.00265745,0.00337188,0.00315395,0.02749484,0.00090203,0.00043552,7.33e-06,8.897e-05,7.697e-05,1.366e-05,3.099e-05,3.466e-05,2.433e-05,2.166e-05,2.999e-05,1e-06,2.166e-05,6.7e-07,2.532e-05,1.999e-05,2.266e-05,1.433e-05
ilCarPala2,0.84079274,0.14584439,0.0016008,0.00217694,0.00396135,0.0008124,0.00077641,8.997e-05,2.566e-05,1.67e-06,6.698e-05,6.66e-06,0.00012762,8.297e-05,0.00019793,0.0001103,2.832e-05,2.499e-05,1.633e-05,1.433e-05,6.931e-05,2.67e-06,4.732e-05,3.099e-05
ilCarQuer1,0.63534577,0.26324417,0.00541772,0.00695636,0.07637675,0.00478614,0.00123284,0.00018821,6.163e-05,0.00011026,0.0003521,1.799e-05,3.198e-05,1.332e-05,4.83e-05,7.828e-05,3.664e-05,1.599e-05,2.831e-05,2.498e-05,8.99e-06,4.83e-05,3.464e-05,4.164e-05
ilCatFrax1,0.64018375,0.31101198,0.0096225,0.00994574,0.00570939,0.01803828,0.00062483,0.00023036,1.365e-05,5.293e-05,0.00018142,2.33e-05,4.294e-05,5.692e-05,5.027e-05,3.562e-05,1.565e-05,9.987e-05,3.961e-05,9.32e-06,1.165e-05,6.66e-06,3.562e-05,5.925e-05
ilCelArgi3,0.84790936,0.12758347,0.00304499,0.00558747,0.00501766,0.0073992,0.00104965,0.0001886,5e-06,0.00011396,3.432e-05,1.166e-05,2.732e-05,2.799e-05,6.898e-05,6.66e-06,0.0001053,2.966e-05,3.67e-06,6.66e-06,1.1e-05,2.466e-05,5.398e-05,1.566e-05
ilChaFerr1,0.771892,0.19962333,0.00157533,0.003186,0.008599,0.00837733,0.00077167,0.000191,9.33e-06,2.033e-05,0.000135,2e-06,4.67e-06,1.733e-05,1.067e-05,7.133e-05,3.433e-05,1.3e-05,7.9e-05,2.933e-05,4.967e-05,4.4e-05,2.833e-05,4.67e-06
ilCheLega1,0.75560353,0.21719373,0.00827609,0.00831777,0.00411671,0.00116239,0.00268756,0.00031711,7e-06,9e-06,6.102e-05,6.536e-05,6.002e-05,2.367e-05,2.868e-05,6.369e-05,1.701e-05,2.668e-05,2.734e-05,7e-06,2.267e-05,0.00017439,4.67e-06,1e-05
ilChlSite2,0.871987,0.08342519,0.00285472,0.00562646,0.02794069,0.00284105,0.00065378,0.00010497,1.67e-06,2.099e-05,0.00010896,2.166e-05,1.033e-05,5.998e-05,5.498e-05,9.73e-05,4.932e-05,4.365e-05,0.0,5e-06,1.566e-05,1.766e-05,4.632e-05,3.33e-06
ilChrCulm1,0.88786285,0.08285786,0.00136784,0.00188948,0.01052463,0.00987217,0.00085652,0.00011751,4.96e-05,2.297e-05,8.655e-05,1.831e-05,1.731e-05,2.197e-05,9.021e-05,2.33e-05,0.00015146,3.262e-05,4.261e-05,3.628e-05,2.66e-06,3.795e-05,4.893e-05,1.931e-05
ilCloCurt1,0.7710887,0.20942648,0.0027866,0.00194065,0.00969156,0.00058786,0.00054752,0.0001137,9.34e-06,1.867e-05,9.07e-05,3.601e-05,2.034e-05,7.669e-05,0.00019907,0.00020674,1.767e-05,9.537e-05,2.33e-06,6.67e-06,3.701e-05,2.434e-05,0.00010904,5e-06
ilColCroc2,0.84628514,0.1222958,0.00421519,0.01312292,0.00567988,0.00121286,0.00381213,0.00020586,7.33e-06,1.566e-05,7.328e-05,2.532e-05,7.495e-05,2.831e-05,1.732e-05,1.765e-05,4.031e-05,2.132e-05,3.598e-05,0.0,4.464e-05,3.764e-05,3.3e-07,1.932e-05
ilColFlav1,0.83180193,0.11667923,0.00482294,0.00736179,0.007013,0.02737546,0.00167289,0.00023341,4e-06,7.469e-05,6.069e-05,4.835e-05,3.601e-05,4.468e-05,2.634e-05,8.67e-06,8.77e-05,4.301e-05,2.67e-06,1.434e-05,8.67e-06,6.135e-05,1.334e-05,1.434e-05
ilConVacc3,0.74138054,0.2323982,0.00511063,0.00846818,0.00650516,0.00167411,0.00067677,0.00023659,6.7e-07,1.799e-05,2.932e-05,3.332e-05,2.166e-05,5.698e-05,2.199e-05,5.565e-05,7.098e-05,3.565e-05,6e-06,9.33e-06,2.699e-05,2.266e-05,5.265e-05,2.932e-05
ilCosPyra2,0.7057475,0.27441728,0.00268846,0.00606538,0.00701601,0.00076418,0.00055137,0.00015644,6e-06,1.33e-06,5.337e-05,1.201e-05,5.837e-05,2.835e-05,2.502e-05,2.468e-05,2e-06,1.201e-05,5.737e-05,6.7e-07,9.67e-06,2.235e-05,1.434e-05,2.67e-06
ilCosTrap1,0.48994898,0.48638446,0.00861987,0.00727976,0.003012,0.00122441,0.00100333,0.00014838,5.34e-06,2.234e-05,0.00010737,1.067e-05,8.603e-05,8.503e-05,4.368e-05,2.868e-05,3.368e-05,2.568e-05,9.34e-06,2.001e-05,5.67e-06,3.801e-05,5.168e-05,3.33e-06
ilCraLigu1,0.71761093,0.25018354,0.00798734,0.01063891,0.00290207,0.00248135,0.00457595,0.00017189,5e-06,1.133e-05,6.895e-05,2.298e-05,2.632e-05,7.129e-05,4.364e-05,1.366e-05,2.998e-05,2.498e-05,5e-06,1.299e-05,5.66e-06,3.065e-05,6.895e-05,7e-06
ilCroElin1,0.58832712,0.36340266,0.01632912,0.01562629,0.01104892,0.00079301,0.00165557,0.00010882,1.33e-06,2.962e-05,0.00014343,4.493e-05,2.13e-05,2.329e-05,2.03e-05,4.326e-05,1.464e-05,2e-06,3.428e-05,1.331e-05,3.494e-05,1.597e-05,2.596e-05,1.464e-05
ilCyaSemi1,0.71059673,0.24733522,0.00663843,0.0147962,0.00508005,0.00928319,0.00260874,0.00049366,5.67e-06,9.84e-05,8.372e-05,5.737e-05,9.34e-05,1.768e-05,2.435e-05,1.701e-05,0.00018012,1.001e-05,4.436e-05,3.736e-05,2.001e-05,8.34e-06,5.34e-06,1.568e-05
ilCybMeso1,0.73374434,0.24049534,0.00518342,0.00521638,0.0099018,0.00140446,0.00108489,0.00013216,6.99e-06,1.431e-05,0.00012583,2.73e-05,2.53e-05,1.032e-05,2.63e-05,3.3e-07,6.591e-05,1.598e-05,4.061e-05,8.66e-06,4.694e-05,1.897e-05,0.00011052,1.964e-05
ilCydAmpl1,0.5132062,0.4497515,0.00869354,0.01595303,0.00444504,0.00282712,0.00191206,0.0002515,1.566e-05,1.366e-05,0.00010593,3.997e-05,1.166e-05,5.197e-05,2.598e-05,3.66e-06,1.199e-05,3.264e-05,1.266e-05,1.865e-05,1.066e-05,0.00013957,1.399e-05,3.531e-05
ilCydSple1,0.60951133,0.36705433,0.004554,0.006983,0.00442867,0.00168067,0.00320933,0.00014267,2.33e-06,8.67e-06,6.267e-05,3.767e-05,0.00014167,4.667e-05,6.6e-05,5.67e-06,7.67e-06,7.67e-06,4.3e-05,7.33e-06,3.33e-06,6e-05,3.633e-05,3.67e-06
ilCydStro3,0.69768833,0.23571,0.00282867,0.00518733,0.003434,0.04780833,0.00414733,0.00051933,2.33e-06,0.00010033,3.067e-05,1e-06,9.9e-05,1.8e-05,3.767e-05,3.6e-05,2.2e-05,1.667e-05,8e-06,1e-05,5e-06,4.733e-05,2.533e-05,3.33e-06
ilCydStro1,0.69364355,0.23864722,0.00336946,0.00611837,0.0034008,0.04650884,0.00497566,0.00039647,1.3e-05,7.269e-05,1.634e-05,4.068e-05,5.068e-05,5.002e-05,4.268e-05,3.134e-05,4.535e-05,1.567e-05,7.34e-06,1.167e-05,8e-06,6.369e-05,4.068e-05,5.435e-05
ilDeiPorc1,0.76812496,0.21407464,0.00201833,0.00395435,0.00494568,0.00244285,0.00123226,0.00022859,2.499e-05,2.066e-05,8.997e-05,2.433e-05,4.332e-05,2.732e-05,6.931e-05,4.732e-05,1.366e-05,1.966e-05,3.132e-05,4.465e-05,0.0,4.765e-05,6.198e-05,8.33e-06
ilDiaChry1,0.83958419,0.07746449,0.00252417,0.00384028,0.00311037,0.06951184,0.0013998,0.00019106,1.467e-05,6.135e-05,3.068e-05,2.401e-05,1.334e-05,5.468e-05,2.701e-05,5.035e-05,3.034e-05,1.167e-05,1.534e-05,3.068e-05,3.968e-05,1.801e-05,1.134e-05,2.234e-05
ilDiaMend1,0.77934555,0.18353449,0.00480473,0.00745718,0.00315828,0.01108297,0.00730157,0.00034089,5.66e-06,3.799e-05,6.798e-05,6.431e-05,0.00013929,0.00019227,2.899e-05,4.67e-06,9.863e-05,3.399e-05,3.33e-06,1.066e-05,9e-06,4.565e-05,5.33e-06,2.266e-05
ilDiaRubi1,0.86635712,0.07228943,0.0013011,0.00247549,0.00802134,0.03708103,0.00052751,0.00016639,2.801e-05,3.635e-05,8.169e-05,2.167e-05,1.901e-05,4.568e-05,8.236e-05,1.167e-05,3.901e-05,4.702e-05,1.567e-05,1e-06,6.34e-06,6.402e-05,2.33e-06,6.67e-06
ilDicOoxx2,0.55813595,0.40439154,0.00988337,0.01552549,0.00631423,0.00139054,0.00102066,0.00024592,2.632e-05,4.67e-06,9.597e-05,2.666e-05,2.666e-05,2.699e-05,9.563e-05,4.765e-05,1.166e-05,0.0,6.631e-05,3.3e-07,7e-06,3.665e-05,6.898e-05,1.233e-05
ilDilCaer1,0.5930517,0.34526951,0.02959239,0.02121948,0.00345864,0.00099867,0.00362442,0.00022915,2.502e-05,2.802e-05,2.168e-05,1.33e-06,0.00018479,3.169e-05,9.67e-06,1.301e-05,1.601e-05,2.268e-05,7e-06,4e-06,1.668e-05,6.34e-06,3.903e-05,1.601e-05
ilDreFalc1,0.78174658,0.20116039,0.00203768,0.00247716,0.00616839,0.00092764,0.00135779,0.00011971,1.1e-05,1.234e-05,0.00012204,3.401e-05,6.34e-06,2.134e-05,8.169e-05,3.334e-05,0.00014438,8.069e-05,6.7e-07,1.334e-05,1.567e-05,2.634e-05,5.268e-05,1.567e-05
ilDryErem1,0.60487571,0.37054049,0.00573809,0.00858814,0.00451416,0.00115428,0.00205265,0.00031823,1e-05,4e-06,0.00011729,1.866e-05,8.264e-05,1.666e-05,8e-06,1.799e-05,2.399e-05,3.67e-06,1.766e-05,1e-06,2.899e-05,2.399e-05,9e-06,4.67e-06
ilDryLabe1,0.74212967,0.22687733,0.00918667,0.00942433,0.00667067,0.00098867,0.001411,0.00040167,2.67e-06,1.8e-05,8.367e-05,7.5e-05,6.033e-05,1.533e-05,3.867e-05,1.67e-06,5.133e-05,2.167e-05,1.6e-05,1.567e-05,5e-06,3.967e-05,1.5e-05,2e-06
ilDryRufi1,0.78182856,0.19244407,0.00491178,0.00631957,0.00880126,0.00162916,0.00073269,0.00014547,1.431e-05,2.33e-05,0.00010286,1.198e-05,5.66e-06,2.43e-05,0.00013016,1.831e-05,7.66e-06,2.663e-05,3.928e-05,8.32e-06,1.565e-05,5.959e-05,1.498e-05,3.329e-05
ilEclSila1,0.86835202,0.07391358,0.00148549,0.00351251,0.00296196,0.01382649,0.00071305,0.00043544,3.67e-06,1.168e-05,5.239e-05,2.903e-05,7.34e-06,9.977e-05,3.003e-05,2.97e-05,5.973e-05,0.00035402,7.007e-05,1.67e-06,6.67e-06,1.368e-05,2e-06,2.236e-05
ilEilCani1,0.74617367,0.230532,0.00288467,0.004871,0.006044,0.00456067,0.001327,0.000194,1.67e-06,3.4e-05,7.2e-05,5.8e-05,2.3e-05,7e-05,8.633e-05,1.867e-05,4.9e-05,6.767e-05,7.567e-05,3.8e-05,2.033e-05,2.533e-05,2.7e-05,4.67e-06
ilEilDepe1,0.66922792,0.30032922,0.00343719,0.01166078,0.00746318,0.003989,0.00102832,0.00012896,9.33e-06,3.832e-05,7.797e-05,1.233e-05,7.33e-06,2.33e-06,1.599e-05,2.466e-05,3.599e-05,1.166e-05,5.398e-05,1e-06,5.198e-05,4.33e-06,8.33e-06,7.33e-06
ilEilSoro1,0.71990567,0.24980833,0.00631633,0.012291,0.005043,0.00159133,0.00243533,0.00016467,1.67e-06,2.2e-05,8.1e-05,4.1e-05,1.733e-05,3.333e-05,6.767e-05,1.033e-05,2.733e-05,4.533e-05,5.33e-06,9.33e-06,1.67e-06,2.967e-05,3.67e-06,1.233e-05
ilEleCory1,0.62329504,0.30290942,0.00340892,0.00812221,0.00624742,0.0445358,0.0011029,0.00015018,1.765e-05,2.664e-05,0.00011122,3.03e-05,5e-06,1.299e-05,5.628e-05,2.93e-05,5.062e-05,4.562e-05,7.493e-05,3.3e-07,1.066e-05,4.562e-05,3.996e-05,1.265e-05
ilEleSimi1,0.82212037,0.06573191,0.00344848,0.00328876,0.00321407,0.09875559,0.00113871,0.0001047,2e-06,2.434e-05,3.901e-05,1.434e-05,4.602e-05,3.901e-05,2.434e-05,6.67e-06,9.77e-05,8.503e-05,2e-06,1.33e-06,5.268e-05,2.201e-05,6.235e-05,5.702e-05
ilEmmMono1,0.88304527,0.07300566,0.0025739,0.00519274,0.00329128,0.02602463,0.00085519,0.00019407,2.33e-06,1.764e-05,6.924e-05,2.597e-05,1.931e-05,3.262e-05,9.99e-06,8.32e-06,0.0004281,6.391e-05,6.32e-06,4.128e-05,2.43e-05,2.796e-05,3.162e-05,1.931e-05
ilEndFlam1,0.86221778,0.09651249,0.00155944,0.00396037,0.00457742,0.0209354,0.0005994,0.00014419,6.7e-07,1.865e-05,0.00015118,2.198e-05,3.596e-05,5.794e-05,4.862e-05,2.797e-05,9.89e-05,2.564e-05,2.298e-05,6.7e-07,1.199e-05,5.894e-05,1.099e-05,4e-06
ilEnnFusc2,0.674078,0.26633633,0.01794233,0.028106,0.003731,0.00345267,0.00188967,0.000415,2.67e-06,7.67e-06,0.00027033,0.00012533,2.267e-05,7.933e-05,4.533e-05,2.33e-06,5.67e-06,5.133e-05,1.467e-05,1.67e-06,3.667e-05,5.067e-05,4.133e-05,8.467e-05
ilEnnQuei1,0.64169123,0.29905068,0.02288496,0.02433845,0.00434011,0.00221307,0.00047816,0.00022374,1.501e-05,4.635e-05,0.00012137,2.934e-05,3.501e-05,2.167e-05,1.167e-05,2.134e-05,3.401e-05,7.34e-06,8.67e-06,6e-06,5.068e-05,7e-06,6.902e-05,2.568e-05
ilEpiBilu1,0.701764,0.27496467,0.00328733,0.002406,0.002514,0.00302033,0.007907,0.00018133,1.3e-05,5.533e-05,2.267e-05,5.7e-05,9.167e-05,4e-05,8.5e-05,4.4e-05,0.00010733,4.4e-05,1.467e-05,0.0,7e-06,7.367e-05,5.1e-05,2.8e-05
ilEpiDema1,0.70695965,0.25599033,0.01969256,0.00502467,0.00384995,0.00225909,0.00293565,0.00021374,1.901e-05,2.167e-05,8.77e-05,0.00013671,0.00018073,4.502e-05,1.134e-05,2.534e-05,3.668e-05,1.767e-05,6.135e-05,1.934e-05,1.567e-05,4.268e-05,1.534e-05,1e-05
ilEpiNise2,0.63815728,0.3281886,0.0077071,0.01321126,0.00365445,0.00359314,0.00252183,0.00024858,3.199e-05,2.433e-05,0.00013629,3.232e-05,3.466e-05,9e-06,3.632e-05,1.67e-06,4.499e-05,5.298e-05,1.566e-05,6.7e-07,1.466e-05,1.999e-05,2.333e-05,9.33e-06
ilEpiRame1,0.6904056,0.28997832,0.0026561,0.00192061,0.00167111,0.00217779,0.00350067,0.00016544,4.136e-05,3.569e-05,0.00010007,4.703e-05,3.135e-05,4.67e-05,4.803e-05,4.67e-05,4.536e-05,5.904e-05,2.435e-05,3.302e-05,1.868e-05,5.27e-05,6.504e-05,5.67e-06
ilEraDefo1,0.87850967,0.09891833,0.00362967,0.00455533,0.01002867,0.00080067,0.000736,0.00014033,0.0,7e-06,8.067e-05,2.267e-05,2.767e-05,6.4e-05,3.267e-05,6.7e-07,1.267e-05,1.33e-06,2e-06,3.67e-06,2.533e-05,6.33e-06,8.67e-06,3.9e-05
ilEreAeth2,0.70568523,0.26891764,0.00533545,0.00943381,0.00576892,0.00120574,0.00107969,0.00013771,3.168e-05,1.801e-05,6.869e-05,3.068e-05,2.968e-05,3.735e-05,6.335e-05,1.134e-05,7.603e-05,2.868e-05,1.134e-05,2.668e-05,4.135e-05,2.668e-05,4.835e-05,3.234e-05
ilEreLige1,0.79916444,0.16071548,0.00319713,0.00781821,0.02292662,0.00155904,0.00057272,5.037e-05,9.34e-06,1.701e-05,5.07e-05,2.068e-05,4.136e-05,6.071e-05,2.668e-05,4.303e-05,6.671e-05,9.807e-05,4.136e-05,4.34e-06,8.406e-05,3.302e-05,3.803e-05,4.937e-05
ilEryTage1,0.60396469,0.36933311,0.00750533,0.00842572,0.00415989,0.00194004,0.00196203,0.00022918,9.33e-06,1.666e-05,0.00013291,5.496e-05,7.562e-05,4.297e-05,1.632e-05,1.965e-05,9.061e-05,2.398e-05,3.065e-05,6.7e-07,2.632e-05,2.565e-05,6.396e-05,4.53e-05
ilEspSulp1,0.63955282,0.33749683,0.00212896,0.00402133,0.00808897,0.00367511,0.00153349,0.00041053,0.0,4.099e-05,7.731e-05,1.3e-05,3.032e-05,3.366e-05,1.466e-05,2.166e-05,1.599e-05,4e-06,1.033e-05,1.266e-05,5.66e-06,2.499e-05,1.433e-05,6e-06
ilEucMixx1,0.68876967,0.26812133,0.01388433,0.015276,0.00512167,0.003924,0.001589,0.00018267,9e-06,2.233e-05,7.967e-05,9.5e-05,5e-05,1.2e-05,4.967e-05,7.67e-06,0.000131,3.367e-05,9e-06,2.33e-06,3.633e-05,5.867e-05,5.133e-05,2.933e-05
ilEudProf1,0.54619359,0.42405808,0.00714019,0.01008745,0.00304573,0.00270327,0.00321095,0.00021529,8.34e-06,1.268e-05,8.511e-05,0.0001028,3.538e-05,2.971e-05,2.537e-05,1e-06,3.571e-05,3.805e-05,4.272e-05,3.34e-06,5.01e-06,1.969e-05,8.344e-05,2.904e-05
ilEugGlar6,0.69104236,0.29102101,0.00302935,0.00403069,0.00527885,0.00120547,0.00072548,0.00026584,8.67e-06,1.734e-05,3.936e-05,6.438e-05,3.102e-05,5.27e-05,3.402e-05,5.47e-05,2.201e-05,2.168e-05,1.534e-05,9.01e-06,3.669e-05,3.002e-05,3.903e-05,1.434e-05
ilEulPrun1,0.64653731,0.28796636,0.00272818,0.0063018,0.00451599,0.02096536,0.00174517,0.00028248,1.67e-06,3.131e-05,0.00052632,9.99e-06,2.598e-05,7.99e-06,0.00015623,4.197e-05,2.498e-05,0.00032345,9.96e-05,1e-06,6.33e-06,0.0001992,9.327e-05,1.099e-05
ilEulTest2,0.69301134,0.19540707,0.0067958,0.00986587,0.00595429,0.02025058,0.00279413,0.00051985,4e-06,2.569e-05,0.00117184,4.137e-05,1.969e-05,0.00015082,0.00033834,2.035e-05,2.669e-05,0.00083283,0.00015148,3.337e-05,1.034e-05,0.00010511,9.643e-05,5.472e-05
ilEupAbbr2,0.86882249,0.11414548,0.00318685,0.0021001,0.00614681,0.00082583,0.00160327,0.00011745,0.0,1.034e-05,4.271e-05,6.573e-05,5.472e-05,3.57e-05,4.404e-05,8.542e-05,1.902e-05,2.269e-05,1.068e-05,3.403e-05,3.34e-06,0.00037204,4.304e-05,4.838e-05
ilEupCent1,0.89032645,0.09305596,0.00252465,0.00324417,0.00406196,0.00141572,0.00293471,0.00026582,5e-06,2.232e-05,6.262e-05,3.631e-05,4e-06,1.466e-05,7.99e-06,5.596e-05,4.297e-05,4.43e-05,1.699e-05,1.632e-05,6.33e-06,3.165e-05,3.66e-06,2.931e-05
ilEupDodo1,0.84651116,0.12991436,0.00390536,0.00472909,0.00713529,0.00179474,0.00338354,0.00023792,2.166e-05,1.799e-05,6.498e-05,2.433e-05,3.899e-05,2.199e-05,3.33e-06,6e-06,8.297e-05,2.732e-05,1.599e-05,4.698e-05,5e-06,0.00010063,1e-05,7.66e-06
ilEupExig1,0.76348266,0.21350834,0.00255037,0.00538059,0.00698566,0.00202068,0.00132522,0.00022148,6.67e-06,1.334e-05,7.138e-05,4.103e-05,1.901e-05,2.101e-05,2.101e-05,1.835e-05,1.268e-05,4.036e-05,3.202e-05,1.868e-05,1.734e-05,9.106e-05,3.069e-05,2.769e-05
ilEupInsi1,0.70687512,0.2758032,0.00549417,0.00289744,0.0026347,0.00097935,0.00205295,0.00011056,8.33e-06,2.797e-05,7.326e-05,5.028e-05,0.00017216,0.00011722,0.00013087,1.931e-05,3.963e-05,6.793e-05,2.631e-05,1.532e-05,3.03e-05,4.962e-05,7.126e-05,1.67e-06
ilEupLuci1,0.85057519,0.12466189,0.00193431,0.00392931,0.00467489,0.00938213,0.00048216,0.00015772,0.0,6.669e-05,8e-06,6.402e-05,1e-06,1.901e-05,3.901e-05,6e-06,1.1e-05,1.901e-05,4.33e-06,6.7e-07,6.802e-05,4.802e-05,2.67e-06,6.636e-05
ilEupSimi1,0.6409507,0.33780013,0.00339474,0.00771885,0.00210826,0.0024004,0.00258195,0.00012425,4e-06,3.997e-05,4.63e-05,5.66e-06,1.932e-05,9.793e-05,8.66e-06,2.532e-05,1.799e-05,4e-06,4e-06,1.899e-05,0.0001016,3.33e-06,4.664e-05,7.66e-06
ilEupTran1,0.65109027,0.33394837,0.00383777,0.00195703,0.00384477,0.00081046,0.00084777,8.628e-05,8.66e-06,4.763e-05,9.727e-05,2.132e-05,1.033e-05,0.00010493,0.00018887,6.696e-05,2.931e-05,2.965e-05,9.993e-05,1.233e-05,7.66e-06,5.929e-05,5.43e-05,1.266e-05
ilEupVulg1,0.858003,0.11516683,0.0016353,0.00328562,0.00612546,0.01079112,0.00082883,0.00020354,0.0,3.937e-05,3.804e-05,1.201e-05,2.402e-05,7.841e-05,5.072e-05,5.806e-05,4.104e-05,2.336e-05,5.539e-05,2.603e-05,1.268e-05,4.538e-05,4e-06,4.438e-05
ilEuzPing2,0.7532094,0.14352317,0.0038066,0.00550517,0.01192364,0.07704702,0.00095165,0.00017006,0.0,5.435e-05,7.67e-06,4.635e-05,9.036e-05,0.00018373,8.303e-05,2.134e-05,0.00012504,2.234e-05,4.068e-05,1e-06,2.101e-05,4.702e-05,4e-06,3.3e-07
ilFabAdip1,0.50162975,0.47378152,0.00545597,0.00743429,0.00551034,0.00207805,0.00168212,0.00031488,1.768e-05,5.47e-05,3.202e-05,3.202e-05,3.602e-05,8.239e-05,5.437e-05,1.835e-05,3.369e-05,6.304e-05,3e-06,1e-06,2.835e-05,2.368e-05,2.368e-05,3.34e-06
ilFurFurc1,0.66557191,0.24733133,0.01501068,0.02086186,0.04432032,0.00069503,0.00104071,0.00016617,1.068e-05,5.01e-06,7.474e-05,2.469e-05,3.67e-06,2.836e-05,3.77e-05,7.941e-05,2.169e-05,7.34e-06,2.035e-05,0.0,2.903e-05,1.101e-05,2.836e-05,5.405e-05
ilGanPyra1,0.6926028,0.25907098,0.0031143,0.00613995,0.00457081,0.01053249,0.00121026,0.00038021,2.832e-05,2.066e-05,0.00033955,6.298e-05,1.833e-05,6e-06,0.00024525,3.832e-05,2.166e-05,0.00029224,1.166e-05,2.333e-05,5.66e-06,5.998e-05,3.799e-05,1.066e-05
ilGlaAlex1,0.69171924,0.23941214,0.0152871,0.03731611,0.01026375,0.0020887,0.00127176,0.00021007,1.601e-05,4.368e-05,9.136e-05,1.501e-05,0.0001067,4.201e-05,1.534e-05,5e-06,9.436e-05,1.367e-05,3.668e-05,4e-06,3.468e-05,1.3e-05,2.334e-05,1.034e-05
ilGriApri1,0.6786541,0.304005,0.00399133,0.00494263,0.00330354,0.00071047,0.00170013,0.0001491,0.0,4.34e-06,4.97e-05,6.338e-05,5.304e-05,1.234e-05,0.00018112,4.87e-05,1.268e-05,1.368e-05,3.702e-05,1.968e-05,0.00012575,2.602e-05,4e-06,1.234e-05
ilGymRufi1,0.95759826,0.0284648,0.00111612,0.00125726,0.00586854,0.00195395,0.00097164,8.308e-05,1.768e-05,2.402e-05,6.34e-05,1.101e-05,2e-06,9.343e-05,8.34e-06,1e-06,0.0001348,5.67e-06,2e-06,4.071e-05,6.7e-07,7.774e-05,2.67e-06,2.34e-06
ilHabPyri1,0.88788426,0.08791061,0.00202802,0.00409473,0.00991561,0.00226284,0.00048065,0.00019179,6.34e-06,5.34e-06,8.139e-05,3.569e-05,7.338e-05,5.34e-06,6.371e-05,8.34e-06,0.00010874,3.336e-05,5.67e-05,2.67e-06,2.268e-05,3.202e-05,5.837e-05,1.268e-05
ilHecDyso1,0.65746302,0.31673718,0.00593304,0.00760726,0.00583911,0.00097302,0.00274484,0.00020819,1.899e-05,1.832e-05,7.395e-05,8.628e-05,2.665e-05,6.795e-05,2.232e-05,6.895e-05,3.797e-05,7.33e-06,4.63e-05,0.0,5.33e-05,1.999e-05,1.199e-05,4.031e-05
ilHedSali1,0.69869131,0.27371395,0.00548452,0.00455112,0.00189211,0.0035651,0.00720746,0.00030836,3.03e-05,4.163e-05,4.662e-05,3.497e-05,1.365e-05,0.00011822,5.261e-05,3.33e-05,4.829e-05,2.697e-05,4.795e-05,4e-06,2.831e-05,2.065e-05,0.00017016,3.3e-07
ilHemAest2,0.79891079,0.17574933,0.00283655,0.00520539,0.00525766,0.00753662,0.00059354,0.00011318,2.33e-06,1.831e-05,9.154e-05,2.597e-05,3.33e-06,1.298e-05,1.764e-05,1.365e-05,0.00035353,3.3e-07,5.326e-05,1.664e-05,8.023e-05,1.997e-05,3.196e-05,7.823e-05
ilHemChry1,0.87556385,0.1018116,0.00243681,0.00380994,0.00525775,0.00509737,0.00055485,0.00034545,1.67e-06,2.301e-05,7.369e-05,2.401e-05,5.802e-05,2.868e-05,2.801e-05,2e-06,2.401e-05,6.135e-05,3.33e-06,4e-06,3.535e-05,2.301e-05,2.968e-05,4.33e-06
ilHerTari1,0.77758528,0.16772418,0.00270886,0.00591639,0.00488441,0.03588807,0.00059793,0.00012991,1.233e-05,7.995e-05,0.00014424,1.199e-05,1.399e-05,2.632e-05,5.696e-05,1.199e-05,5.396e-05,3.264e-05,4.33e-06,3.3e-07,1.033e-05,3.664e-05,1.066e-05,1.366e-05
ilHesComm1,0.57183306,0.40178574,0.00733955,0.00937987,0.00442652,0.00073575,0.00187371,0.00011896,7e-06,1.366e-05,4.765e-05,1e-05,0.00020227,0.0001113,2.966e-05,0.0001003,1.066e-05,2.33e-06,6.431e-05,3.3e-07,3.932e-05,2.33e-06,2.932e-05,1.166e-05
ilHipSeme1,0.48959173,0.4623569,0.01981221,0.01468913,0.00818679,0.00100233,0.00194863,0.00015577,6.67e-06,5.67e-06,4.27e-05,3.869e-05,7.405e-05,9.206e-05,6.67e-06,6.037e-05,3.736e-05,1.034e-05,5.937e-05,0.0,0.00011241,4.103e-05,9.01e-06,6.7e-07
ilHofPseu3,0.75735933,0.16123067,0.001279,0.00270267,0.06251,0.00217867,0.00093767,0.000328,0.0,7e-06,0.00019667,2.9e-05,4.7e-05,4.067e-05,1.433e-05,1.33e-06,2.333e-05,2.433e-05,7.633e-05,1.1e-05,7.867e-05,9e-05,0.00012567,1.33e-06
ilHydFurc1,0.8902525,0.05463075,0.00211741,0.00673716,0.03387692,0.00422615,0.00068312,0.0005954,2.402e-05,1.868e-05,0.0002495,4.703e-05,2.702e-05,2.935e-05,4.403e-05,1.701e-05,1.234e-05,5.67e-06,3.702e-05,1.134e-05,1.768e-05,4.703e-05,4.336e-05,2.135e-05
ilHydMica1,0.54692033,0.41369667,0.00861367,0.01317067,0.011537,0.001164,0.00178967,0.00026033,1.5e-05,5.67e-06,5.867e-05,2.533e-05,2.9e-05,2.467e-05,1.433e-05,2.5e-05,9.33e-06,9e-06,2.67e-06,3.3e-07,3.1e-05,3.7e-05,3.867e-05,6.7e-07
ilHylFasc1,0.70531776,0.26199533,0.00351903,0.00665988,0.01505841,0.001253,0.00281442,0.00018825,8.34e-06,1.202e-05,6.909e-05,2.937e-05,0.00010915,4.439e-05,3.838e-05,1.335e-05,4.072e-05,1.535e-05,5.808e-05,1.502e-05,1.035e-05,9.079e-05,4.439e-05,8.01e-06
ilHypCost1,0.67740986,0.27139254,0.00176408,0.00454415,0.03663712,0.0011033,0.00057281,0.00017128,0.0,5e-06,0.00017661,7.66e-06,5.865e-05,1.533e-05,0.00011296,3.67e-06,3.732e-05,6e-06,6.298e-05,8.33e-06,3.532e-05,6.898e-05,3.232e-05,4.299e-05
ilHypProb1,0.82610956,0.06430969,0.00530703,0.00737363,0.00834166,0.08430869,0.00061339,0.00013886,6.7e-07,2.098e-05,0.00018848,2.664e-05,4.33e-06,2e-06,5.128e-05,1.965e-05,5.561e-05,1.465e-05,3.896e-05,4.462e-05,5.66e-06,3.497e-05,4.33e-06,1.965e-05
ilIdaAver1,0.78803632,0.11770776,0.00263512,0.00609397,0.00659014,0.06962946,0.00083139,0.00033922,1e-06,4.199e-05,0.00012096,2.666e-05,2.699e-05,6.7e-07,2.033e-05,1.999e-05,0.00012662,1.999e-05,1.2e-05,2.333e-05,3.632e-05,4.832e-05,7e-06,4.065e-05
ilIncMasc1,0.76417888,0.19089574,0.00720053,0.00504897,0.0047505,0.00568521,0.01795636,9.927e-05,6.33e-06,8.827e-05,9.66e-05,4.63e-05,4.264e-05,5.03e-05,4.33e-06,7e-06,0.00017855,2.532e-05,1.33e-06,2.298e-05,1.965e-05,0.00018654,1.099e-05,3.964e-05
ilLacWlai2,0.77154963,0.21133544,0.00161692,0.00248668,0.00371519,0.00156196,0.00459893,0.00077049,3.3e-07,6e-06,5.23e-05,0.00010393,3.66e-06,6.66e-06,1.499e-05,3.964e-05,8.927e-05,3.731e-05,2.698e-05,3.3e-07,2e-06,2.065e-05,4.33e-06,1.366e-05
ilLamSuff1,0.88621933,0.08454533,0.00259433,0.004896,0.00466367,0.00845967,0.00096467,0.00016533,9e-06,2.467e-05,0.000153,1.1e-05,6.433e-05,6.767e-05,3.3e-05,3.3e-07,1.9e-05,9.233e-05,6e-06,2.7e-05,1.3e-05,3e-05,9.67e-06,4.6e-05
ilLaoPopu1,0.70356071,0.26929386,0.0048936,0.00812575,0.00705404,0.00264476,0.00170814,0.00010474,1.768e-05,2.402e-05,9.039e-05,3.169e-05,7e-06,1.468e-05,3.436e-05,1e-06,1.768e-05,2.235e-05,6.7e-07,2.135e-05,1.701e-05,5.771e-05,5.971e-05,7e-06
ilLasFlex1,0.65601334,0.3108509,0.00698099,0.01083089,0.00728386,0.00288359,0.00109173,0.00013676,1.167e-05,2.468e-05,5.504e-05,2.835e-05,0.00012975,8.406e-05,0.00010707,9.67e-06,4.937e-05,1.034e-05,5.137e-05,4.57e-05,0.0,2.068e-05,8.205e-05,1.701e-05
ilLasMege1,0.66317155,0.3015,0.00862458,0.01024817,0.00858894,0.00268388,0.00195336,0.00012891,1.732e-05,1.033e-05,4.064e-05,6.995e-05,4.131e-05,1.366e-05,3.364e-05,7.295e-05,7.928e-05,2.33e-06,5.263e-05,4.297e-05,1.033e-05,1.965e-05,1.399e-05,3.664e-05
ilLatStri6,0.652919,0.31490467,0.00409567,0.00535067,0.003053,0.00944633,0.006409,0.00029633,2.33e-06,3.1e-05,4.833e-05,3.967e-05,8.467e-05,6.333e-05,5.167e-05,1.267e-05,2.633e-05,1.033e-05,7.33e-06,2.267e-05,1.067e-05,2.1e-05,6.4e-05,0.0
ilLepSina1,0.74485338,0.23405798,0.00514928,0.00516228,0.00348517,0.00108997,0.00332722,0.00012163,5e-06,4.33e-06,5.032e-05,5.798e-05,1.866e-05,8e-06,1.466e-05,2.299e-05,0.00016528,2.33e-06,3.665e-05,4.199e-05,8.464e-05,2.433e-05,1.799e-05,1.2e-05
ilLeuSali1,0.56572609,0.34019627,0.03452716,0.03960013,0.01304499,0.00196968,0.00063645,0.00019294,9e-06,1.266e-05,3.799e-05,5.432e-05,3.599e-05,1.1e-05,9.963e-05,3.33e-06,1.699e-05,2.333e-05,2.466e-05,1.366e-05,2.199e-05,6e-06,1.4e-05,1.266e-05
ilLigAdus1,0.83632156,0.11465711,0.0014915,0.00340686,0.00385805,0.02968677,0.00083106,0.00060013,1.033e-05,3.932e-05,0.00010963,7.33e-06,6.33e-06,1.699e-05,9.93e-05,1.33e-06,2.333e-05,5.465e-05,6.7e-07,6.7e-07,3.3e-07,4.932e-05,1.633e-05,7.231e-05
ilLimCami1,0.644298,0.32495367,0.00289133,0.00397233,0.00817467,0.00963967,0.000861,0.000377,3.67e-06,7.533e-05,0.00018533,4.367e-05,2.5e-05,4.833e-05,5.4e-05,4.5e-05,1.533e-05,2.433e-05,9e-06,3e-06,4e-06,4.67e-06,1.767e-05,4.7e-05
ilLitOrni1,0.74561352,0.23691212,0.00470739,0.00242843,0.00543043,0.00075067,0.00086551,0.00010985,6.7e-07,5.66e-06,1.931e-05,0.00010453,3.895e-05,5.426e-05,0.00011551,5.027e-05,5.26e-05,0.00010619,1.265e-05,4.66e-05,2.33e-06,3.063e-05,8.522e-05,4.328e-05
ilLitSemi2,0.66032989,0.31400733,0.00741986,0.0078094,0.00332389,0.001988,0.00202666,0.00025891,2.799e-05,1.233e-05,3.399e-05,9.93e-05,5.498e-05,4.965e-05,3.466e-05,1.366e-05,4.232e-05,2.599e-05,3.799e-05,1.699e-05,1.533e-05,1.766e-05,4.299e-05,2.499e-05
ilLitSoci1,0.68609097,0.28803732,0.00683939,0.00677241,0.00588637,0.00176574,0.00122259,0.00027324,3.3e-07,1.066e-05,0.00011929,5.831e-05,3.67e-06,2.67e-06,4.598e-05,9.33e-06,9.53e-05,2.666e-05,2.266e-05,4.33e-06,3.865e-05,7e-06,1.266e-05,2.532e-05
ilLobHalt1,0.93232023,0.04500966,0.00192303,0.0042959,0.00295668,0.00773509,0.00165145,0.00031456,2.099e-05,4.099e-05,2.499e-05,4.199e-05,2.399e-05,2.899e-05,3.066e-05,1.67e-06,8.364e-05,3.67e-06,6.7e-07,2.466e-05,1.67e-06,1.599e-05,7.66e-06,1.67e-06
ilLomBima1,0.87803401,0.09259987,0.00238746,0.0054028,0.00396399,0.01176592,0.00168756,0.00037179,2e-06,3.101e-05,4.902e-05,1.834e-05,0.0,1.667e-05,1.067e-05,1.034e-05,0.00010904,2.201e-05,9e-06,1.67e-06,4.035e-05,1.567e-05,2.467e-05,1e-06
ilLupTest1,0.57497098,0.39701601,0.00489093,0.00789393,0.00985957,0.00131988,0.00102068,0.00010474,1.701e-05,9.01e-06,0.0001054,3.569e-05,9.973e-05,5.704e-05,4.57e-05,2.268e-05,8.01e-06,6.171e-05,0.0,1.468e-05,2.368e-05,4.77e-05,9.67e-06,4e-06
ilLycHirt1,0.83125284,0.10643462,0.00257705,0.00853669,0.043501,0.00119179,0.0010994,0.00014276,1.734e-05,1.034e-05,0.00016945,6.67e-06,1.368e-05,2e-06,1.434e-05,1.134e-05,4.47e-05,2.67e-06,0.0,1.234e-05,2.869e-05,5.737e-05,2.702e-05,6e-06
ilLycPhla1,0.63045518,0.31764112,0.00533655,0.01134322,0.01186604,0.01816928,0.00087671,0.00017461,2e-06,0.00015728,0.00014728,3.599e-05,4.165e-05,4.965e-05,6.398e-05,2.199e-05,7.597e-05,1.67e-06,6.66e-06,3.665e-05,4.33e-06,4.332e-05,2.433e-05,2.266e-05
ilLymMona1,0.42286509,0.53041506,0.00667089,0.01470653,0.01062758,0.00197735,0.00081746,0.00025983,0.0,3.664e-05,0.00063491,1.765e-05,1.133e-05,8.99e-06,5.03e-05,5e-06,1.166e-05,1.765e-05,7e-06,1.832e-05,1.865e-05,1.233e-05,6.396e-05,1.133e-05
ilLysBell1,0.51484895,0.42778393,0.00545682,0.03057386,0.01457219,0.00251684,0.00106769,0.00017139,6.7e-07,8.169e-05,4.735e-05,2.601e-05,8.67e-06,1.667e-05,5.34e-06,8.67e-06,6.869e-05,1.334e-05,3.368e-05,2.701e-05,1.867e-05,1e-05,3e-06,2.267e-05
ilLysCori1,0.51871628,0.42303164,0.00481652,0.02554412,0.02151981,0.00169164,0.00140093,0.00011788,6.7e-07,9.324e-05,0.00013054,1.232e-05,6.926e-05,1.399e-05,2.398e-05,2.33e-06,2.93e-05,5.162e-05,7.66e-06,2.66e-06,7.99e-06,3.563e-05,6.99e-06,1.332e-05
ilMacNota1,0.90410667,0.04887667,0.00184467,0.00408867,0.00238233,0.03114167,0.00179467,0.00041567,3.33e-06,0.00014633,2e-05,6.467e-05,1.6e-05,5.33e-06,4.67e-06,2.633e-05,0.000127,4.7e-05,1.6e-05,4e-06,1.767e-05,2e-05,5.33e-06,5.33e-06
ilMamBras1,0.76837408,0.20950766,0.00255163,0.00413424,0.00663125,0.00389307,0.001004,0.0003531,9.99e-06,1.266e-05,0.00012758,2e-06,1.666e-05,4.93e-05,1.166e-05,1.899e-05,2.132e-05,3.165e-05,1.266e-05,3.165e-05,3.33e-06,1.532e-05,1.999e-05,0.0
ilManJurt1,0.53678452,0.41857105,0.01398499,0.01876885,0.00491494,0.00256271,0.00105203,8.406e-05,3.67e-06,6.071e-05,4.903e-05,5.203e-05,3.769e-05,9.01e-06,9.74e-05,8.01e-06,4.703e-05,2.635e-05,0.00013442,9.01e-06,2.969e-05,1.501e-05,5.704e-05,8.706e-05
ilManJurt4,0.56268977,0.40334755,0.00866245,0.01296368,0.00534555,0.00292736,0.00100933,0.00015828,6.7e-07,6.531e-05,6.465e-05,3.865e-05,4.199e-05,1.4e-05,6.031e-05,3.67e-06,4.499e-05,2.499e-05,6.798e-05,1.933e-05,5.265e-05,1.266e-05,5.398e-05,3.599e-05
ilMarLuna1,0.75787625,0.15017345,0.01907505,0.01046298,0.00556304,0.00320714,0.04816544,0.00023749,3.069e-05,5.804e-05,7.138e-05,0.00014076,4.003e-05,3.3e-07,2.101e-05,1.33e-06,7.305e-05,2.235e-05,7e-06,9.873e-05,3.202e-05,6.67e-06,4.803e-05,0.00010107
ilMegAlbu1,0.74903068,0.21981394,0.00338813,0.0066929,0.0048046,0.0097936,0.00087796,0.0002911,3e-06,8.503e-05,7.936e-05,1.434e-05,2.968e-05,7.736e-05,0.00017773,3.768e-05,1.867e-05,2.834e-05,3.67e-06,1.467e-05,7.202e-05,4.168e-05,3.701e-05,5.235e-05
ilMelAtha1,0.62867333,0.31509733,0.01119,0.02696867,0.005253,0.00232633,0.008402,0.000247,2.33e-06,5.033e-05,3.6e-05,2.567e-05,2.267e-05,1.633e-05,2.033e-05,4.33e-06,2.233e-05,2.133e-05,2e-05,3.3e-07,5.33e-06,5.3e-05,1.33e-06,1.733e-05
ilMelCinx1,0.56954745,0.39842791,0.00499567,0.00933566,0.00468831,0.00284882,0.00742491,8.125e-05,2.33e-06,1.232e-05,9.158e-05,3.929e-05,3.33e-05,4.529e-05,5.628e-05,3.33e-05,3.097e-05,3e-06,2e-06,2.031e-05,1.465e-05,1.565e-05,3.13e-05,6.7e-07
ilMelGala2,0.492304,0.42890067,0.035498,0.03001033,0.007496,0.00128233,0.00125833,0.00014533,3.367e-05,2.233e-05,4.933e-05,6.33e-06,5.733e-05,0.000125,5.533e-05,6.733e-05,1.9e-05,1.9e-05,7.33e-06,3.33e-06,6.767e-05,1.4e-05,2.233e-05,4.033e-05
ilMelPers1,0.77279913,0.21006129,0.00262059,0.00352398,0.00313258,0.00216822,0.00311692,0.00041472,7e-06,1.732e-05,5.13e-05,3.831e-05,5.03e-05,1.233e-05,3.198e-05,8.99e-06,6.962e-05,8.33e-06,4.997e-05,2.998e-05,7.99e-06,3.065e-05,3.764e-05,2e-06
ilMesFuru1,0.63880346,0.33238308,0.00552732,0.00661859,0.01138907,0.00129714,0.00088674,0.00016023,6.7e-07,7e-06,0.00016955,1.765e-05,6.329e-05,7.295e-05,6.696e-05,8.961e-05,1.033e-05,1.599e-05,5.163e-05,1.67e-06,4.164e-05,7.66e-06,5.696e-05,3.065e-05
ilMilMini2,0.79649217,0.13032667,0.00494972,0.00982484,0.01067932,0.04218581,0.00110789,0.00012687,6.7e-07,3.03e-05,3.297e-05,1.998e-05,8.758e-05,7.959e-05,8.625e-05,1.132e-05,5.594e-05,1.465e-05,5.361e-05,2.33e-06,3.3e-07,4.496e-05,1.432e-05,2.33e-06
ilMimTili1,0.60634667,0.36176633,0.004285,0.007889,0.01277467,0.00198967,0.00070533,0.000124,3.5e-05,1.367e-05,7.033e-05,5.3e-05,7.633e-05,1.333e-05,9.667e-05,4.133e-05,1.933e-05,6.067e-05,6.67e-06,3.967e-05,1.267e-05,2.867e-05,6.4e-05,5.33e-06
ilMonLaev2,0.77088504,0.14606831,0.00227291,0.00487704,0.01069977,0.05844718,0.0007061,0.00026758,9.33e-06,5.165e-05,0.00011996,2.799e-05,0.00011596,4.565e-05,4.332e-05,1.333e-05,2.233e-05,2.099e-05,8.797e-05,1.366e-05,1.166e-05,2.699e-05,2.133e-05,1.33e-06
ilMonLaev1,0.77675242,0.141009,0.0019067,0.00390903,0.0103882,0.05890003,0.0008074,0.00024858,1.466e-05,6.031e-05,0.00024425,6.66e-06,5.631e-05,5.831e-05,1.699e-05,3.699e-05,2.199e-05,3.232e-05,4.67e-06,4.67e-06,4.299e-05,8.33e-06,1.533e-05,2.632e-05
ilMusNiti1,0.80386405,0.0676851,0.00098534,0.00196168,0.002987,0.11325458,0.00486338,0.00126558,6e-06,5.831e-05,0.00013362,1.533e-05,2.133e-05,2.033e-05,2.266e-05,8.66e-06,4.865e-05,1.67e-06,3.232e-05,4.33e-06,2e-06,9e-06,2.433e-05,5.33e-06
ilMytAlbi1,0.690171,0.277143,0.006068,0.012161,0.00746,0.00258633,0.000934,0.000165,6.7e-07,2.5e-05,3.6e-05,1.9e-05,8.67e-06,2.233e-05,1.6e-05,2.667e-05,1.933e-05,2.3e-05,2.867e-05,1.2e-05,1.5e-05,9e-06,1.967e-05,2.167e-05
ilMytFerr1,0.65692064,0.31542914,0.00460554,0.01138079,0.00608503,0.00168389,0.00082761,0.00028009,0.0,2.201e-05,0.00010637,4.902e-05,3.401e-05,3.268e-05,1.767e-05,4.401e-05,1.934e-05,3.33e-06,1.67e-06,2e-06,2.901e-05,6.34e-06,6.34e-06,3e-06
ilMytImpu1,0.693173,0.27144167,0.00544833,0.01292267,0.01067767,0.00194967,0.000718,0.00026467,1.33e-06,4.767e-05,0.000217,3.433e-05,2.067e-05,5.3e-05,4e-06,1.267e-05,1.733e-05,1.433e-05,8.67e-06,6.7e-07,6.33e-06,3.067e-05,5e-05,1.167e-05
ilNemSwae1,0.52176041,0.45053249,0.00535855,0.00360646,0.01014928,0.00106798,0.00275508,8.697e-05,2.33e-06,3.33e-06,0.00012696,4.465e-05,4.598e-05,4.365e-05,3.132e-05,5.132e-05,0.00025092,4.032e-05,8.33e-06,1.133e-05,5.398e-05,7e-06,8.964e-05,3.67e-06
ilNocFimb1,0.6807631,0.29206507,0.00236136,0.00328795,0.01514114,0.00162429,0.00072005,0.0002319,1.835e-05,5.01e-06,0.00011612,2.703e-05,8.308e-05,4.538e-05,3.737e-05,7.341e-05,4e-06,6.34e-06,8.809e-05,5.01e-06,6.173e-05,3.203e-05,4.34e-06,7.374e-05
ilNocJant1,0.72356833,0.250556,0.00215433,0.00388533,0.01086433,0.00389233,0.00065567,0.00027433,5.33e-06,3.733e-05,0.00013167,1.067e-05,2.833e-05,3.33e-06,8.33e-06,2.767e-05,2.033e-05,1.867e-05,3.067e-05,4.133e-05,9.8e-05,6.33e-06,4e-05,7e-06
ilNocPron1,0.6712505,0.29607328,0.00563158,0.00617755,0.01508894,0.00096802,0.00111959,0.00016123,6e-06,1.233e-05,0.00011126,4.66e-06,3.031e-05,5.097e-05,2.732e-05,2.099e-05,3.997e-05,3.464e-05,0.00016156,3.33e-06,4.364e-05,2.865e-05,1.199e-05,6.629e-05
ilNotDrom1,0.81292267,0.17357,0.001473,0.00166067,0.00371833,0.001588,0.00123633,9.033e-05,4.033e-05,6e-06,0.00017333,4.8e-05,1.2e-05,2.567e-05,0.000109,1.67e-06,5e-06,4.033e-05,2.567e-05,3.3e-05,5.4e-05,7.033e-05,7.67e-06,1.433e-05
ilNotUddm1,0.71032289,0.26630257,0.00508197,0.00617594,0.00338154,0.00382739,0.00172009,0.00015095,1.67e-06,2.699e-05,0.00013129,2.799e-05,0.00010063,2.966e-05,0.0001003,9e-06,6.631e-05,1.866e-05,1e-05,6.33e-06,2.33e-06,2.033e-05,8.73e-05,1.566e-05
ilNotZicz1,0.80388304,0.18239753,0.00213595,0.00187704,0.00412896,0.0011003,0.00123992,9.897e-05,2.099e-05,1.2e-05,0.00016594,3.67e-06,3.199e-05,6.498e-05,8.231e-05,1.566e-05,4.898e-05,5.898e-05,0.00011596,2.832e-05,6.465e-05,5.098e-05,6.564e-05,6.66e-06
ilNycReva1,0.89101799,0.09064757,0.00254264,0.00233478,0.00515256,0.00427881,0.00112791,0.00018021,1e-06,1.099e-05,4.264e-05,2.831e-05,3.231e-05,5.496e-05,5.263e-05,8.33e-06,0.00027582,3.797e-05,4.464e-05,1.799e-05,6.7e-07,1.899e-05,1.632e-05,3.531e-05
ilNymNiti1,0.70712121,0.20949784,0.00184116,0.00375791,0.00453979,0.06858974,0.00120746,8.425e-05,5.99e-06,0.0002341,4.729e-05,7.33e-06,3.164e-05,1.532e-05,4.362e-05,7.99e-06,8.025e-05,3.66e-06,3.863e-05,1.732e-05,5.261e-05,4.895e-05,2.964e-05,4.662e-05
ilNymPoly1,0.67518461,0.28328157,0.00216428,0.00405065,0.02676841,0.00088304,0.00233989,0.00033489,5e-06,6.7e-07,4.499e-05,6.931e-05,8.197e-05,2.399e-05,2.166e-05,0.00010163,2.366e-05,7.731e-05,1e-06,5.33e-06,3.33e-06,1.999e-05,4.698e-05,3.3e-07
ilOchPlec1,0.7950253,0.17592843,0.00168775,0.00355792,0.00331292,0.01096605,0.00080027,0.00015579,6.99e-06,5.426e-05,8.222e-05,0.00011784,1.065e-05,1.465e-05,0.00010453,3.096e-05,5.726e-05,9.654e-05,4.527e-05,1.831e-05,6.791e-05,3.462e-05,2.097e-05,6.192e-05
ilOchSylv3,0.61496169,0.36840973,0.0028974,0.00402898,0.00298168,0.00143005,0.0022928,0.00018388,2e-06,1.865e-05,0.0001016,1.332e-05,8.994e-05,3.564e-05,5.929e-05,4.93e-05,3.598e-05,2.698e-05,3e-06,4.66e-06,5.929e-05,1.799e-05,1.233e-05,1.499e-05
ilOliLatr1,0.67270433,0.30098533,0.00310433,0.00918467,0.00725467,0.00217133,0.00075367,0.00018333,1.667e-05,1.633e-05,0.000123,4.033e-05,6.967e-05,5.467e-05,2.067e-05,1.933e-05,3.467e-05,2.733e-05,4e-06,1e-06,6.33e-06,9.67e-06,7.933e-05,1.467e-05
ilOmpLuno1,0.663806,0.30709433,0.010177,0.00872467,0.00323867,0.00164567,0.00257567,0.000259,2.67e-06,2.667e-05,7.7e-05,5.7e-05,2.2e-05,3.2e-05,8.6e-05,2.233e-05,4.367e-05,1.9e-05,2.967e-05,2.667e-05,4.167e-05,4.1e-05,9.67e-06,1.5e-05
ilOpeBrum1,0.88388596,0.07756619,0.01521374,0.00304668,0.01517139,0.00078059,0.00080827,0.00010003,4.33e-06,2.167e-05,0.00011004,3.735e-05,4.635e-05,3.535e-05,4.435e-05,5.67e-06,4.135e-05,4.401e-05,3.868e-05,4.268e-05,4.835e-05,7.269e-05,1.234e-05,1.2e-05
ilOpiLute1,0.74016761,0.23158614,0.00283939,0.0084042,0.00454782,0.00608897,0.00114362,0.00039553,4e-06,3.67e-06,0.00012196,6.631e-05,5.465e-05,2.433e-05,9e-06,1.766e-05,3.699e-05,9.33e-06,1.933e-05,1.67e-06,3.099e-05,2.899e-05,2.999e-05,0.0
ilOrgAnti1,0.77684249,0.19894739,0.00460606,0.01082351,0.00327972,0.00161272,0.00138928,0.00021678,1.33e-06,2.098e-05,4.962e-05,9.99e-06,1.132e-05,1.965e-05,3.596e-05,3.3e-07,2.897e-05,4.029e-05,1.066e-05,6.7e-07,1.832e-05,1.199e-05,7.626e-05,5e-06
ilOrgAnti2,0.77147651,0.19964445,0.00554382,0.01326691,0.00411663,0.00197368,0.00126125,0.00016328,3.67e-06,3.366e-05,6.864e-05,1.899e-05,9.53e-05,7.531e-05,3.799e-05,6.33e-06,3.832e-05,8.33e-06,1.5e-05,1e-06,5.33e-06,1.366e-05,5e-06,3.599e-05
ilOrtGrac1,0.79047335,0.18497568,0.00120686,0.00211426,0.0137022,0.0016429,0.00124217,0.0007445,3.498e-05,1.699e-05,0.00012991,1.732e-05,4.364e-05,2.998e-05,1.699e-05,3.931e-05,3.398e-05,2.032e-05,2.099e-05,1e-06,5.496e-05,1.67e-06,2.199e-05,1.432e-05
ilOrtInce1,0.89843633,0.07121933,0.00238033,0.00324733,0.01788067,0.002366,0.00113433,0.00044567,1.133e-05,4.333e-05,0.000205,2.2e-05,2.633e-05,4.033e-05,1.667e-05,1.67e-06,3.033e-05,1.467e-05,3.3e-07,1.2e-05,5e-06,7e-06,8.67e-06,4.567e-05
ilPamAuri1,0.66013154,0.30335631,0.00402631,0.00616317,0.00458541,0.00445022,0.01361738,0.00046354,5.361e-05,5.761e-05,8.924e-05,1.765e-05,4.662e-05,6.86e-05,2.131e-05,5e-06,0.00024109,4e-06,2.331e-05,1.798e-05,1.532e-05,1.698e-05,2.66e-06,7.66e-06
ilPamFasc1,0.65184662,0.3212921,0.00503168,0.00691564,0.0035025,0.00288063,0.00612738,0.0001864,0.0,1.367e-05,6.836e-05,3.3e-07,2.668e-05,2.334e-05,5.235e-05,4e-06,7.769e-05,9.34e-06,2.768e-05,1.601e-05,6.102e-05,6.569e-05,3.468e-05,1.701e-05
ilPanCinn1,0.54971124,0.41499567,0.00951717,0.01407169,0.00525375,0.00157386,0.00222107,0.0002054,3.268e-05,2.434e-05,3.601e-05,5.302e-05,5.769e-05,1.767e-05,1.434e-05,2.734e-05,5.002e-05,5.67e-06,6.802e-05,1.267e-05,8.236e-05,9.17e-05,3.068e-05,5e-06
ilPapMach1,0.75531656,0.21483139,0.00316428,0.00549983,0.00693236,0.00130057,0.00991403,0.00038987,2.33e-06,2.166e-05,4.365e-05,1.799e-05,5.698e-05,2.399e-05,2.67e-06,3e-06,2.166e-05,4.33e-06,3.665e-05,1.599e-05,3e-06,1.799e-05,2.966e-05,1.4e-05
ilParAegt1,0.84214214,0.13493442,0.00341312,0.00192743,0.00664447,0.00307457,0.00230193,0.00017477,1.332e-05,2.297e-05,0.00011784,1.598e-05,3.99e-06,0.00011751,0.00010885,1.365e-05,5.892e-05,0.00011585,1.664e-05,2.164e-05,3.229e-05,2.031e-05,2.297e-05,2.031e-05
ilParStra1,0.90060939,0.06228105,0.00115451,0.00201965,0.00484582,0.02215185,0.00066034,0.00022444,1.67e-06,3.596e-05,3.33e-05,3.83e-05,1.499e-05,2.331e-05,2.731e-05,1.099e-05,0.00032168,2.697e-05,1.665e-05,5.66e-06,1.066e-05,6.7e-07,2.831e-05,2.031e-05
ilPerRhom1,0.790433,0.187886,0.00106133,0.00304567,0.00419767,0.00797733,0.00110433,0.00029067,2.33e-06,2.767e-05,6.4e-05,1.067e-05,1.033e-05,1.767e-05,2.733e-05,6.67e-06,4.7e-05,1e-05,1.267e-05,1.733e-05,1.867e-05,2.333e-05,1.1e-05,1.033e-05
ilPhaBuce1,0.68931989,0.19861613,0.00685971,0.01021559,0.00502932,0.08532889,0.00148184,0.00012829,0.0,0.00019327,0.0001103,5.798e-05,5e-06,1.166e-05,3.765e-05,3.632e-05,3.999e-05,2.433e-05,1.33e-06,8e-06,0.0,1.899e-05,4.832e-05,3.466e-05
ilPheGnom1,0.7147233,0.26638318,0.00466555,0.00506275,0.00419326,0.00160381,0.0010217,9.146e-05,1.569e-05,5.67e-06,0.00010247,1.068e-05,3e-06,1.802e-05,9.045e-05,2.37e-05,2.437e-05,0.00011382,8.01e-06,1.469e-05,0.0,2.203e-05,3.34e-06,0.0
ilPheTrem1,0.75427342,0.22774291,0.00519707,0.00387996,0.00337813,0.00138013,0.00134912,8.036e-05,5.67e-06,1.1e-05,1.534e-05,1.901e-05,4.401e-05,5.202e-05,9.336e-05,2.33e-06,1.834e-05,1.134e-05,3.901e-05,4.135e-05,1.901e-05,3.668e-05,5.869e-05,2.001e-05
ilPhiVetu1,0.719848,0.22790067,0.00335733,0.00887633,0.02279933,0.00522733,0.000666,0.00086567,0.0,1.933e-05,0.00046767,2.133e-05,4.833e-05,9.33e-06,2.9e-05,1.033e-05,3.767e-05,4e-06,4.333e-05,7.67e-06,1.067e-05,4e-05,3.067e-05,1.067e-05
ilPhlMeti2,0.78693535,0.19655548,0.00274542,0.00314229,0.00392669,0.00192702,0.00196235,0.00013629,2.366e-05,1.3e-05,7.098e-05,7.098e-05,1.999e-05,1.899e-05,8.897e-05,1.233e-05,4.499e-05,9.66e-06,2.066e-05,3.332e-05,1.433e-05,3.032e-05,1.833e-05,3.965e-05
ilPhrFuli1,0.86330833,0.11679567,0.00142433,0.00383167,0.00300333,0.00434,0.00310933,0.000214,4.67e-06,8.333e-05,3.5e-05,6e-06,2.867e-05,3.5e-05,5.767e-05,2.667e-05,8.33e-06,2.567e-05,2.133e-05,3.133e-05,1.333e-05,4e-06,1.3e-05,2.33e-06
ilPieBrab1,0.66643314,0.32009937,0.00165055,0.0021047,0.00330043,0.00207436,0.00171591,0.00017039,6.7e-07,2.134e-05,1.567e-05,2.701e-05,7.002e-05,3.735e-05,8.103e-05,8.67e-06,2.167e-05,5.235e-05,2.834e-05,2.001e-05,5.468e-05,3.668e-05,2.501e-05,2.334e-05
ilPieNapi4,0.85209224,0.13111355,0.00270196,0.00292041,0.00391908,0.00260839,0.00229837,0.00017982,1.365e-05,9.99e-06,1.931e-05,1.365e-05,1.732e-05,8.425e-05,8.325e-05,3.03e-05,7.259e-05,1.532e-05,7.66e-06,1e-06,3.03e-05,4.695e-05,1.199e-05,5.062e-05
ilPieNapi1,0.8746911,0.11197867,0.00155515,0.00171943,0.00410197,0.00194469,0.00143286,0.00028291,9.33e-06,3.366e-05,4.365e-05,3.67e-06,2.699e-05,4.032e-05,0.00011096,1.33e-06,4.765e-05,4.165e-05,2.932e-05,6.66e-06,1.4e-05,8.231e-05,7.66e-06,2.799e-05
ilPieRapa1,0.7871956,0.19565045,0.00202532,0.00259847,0.00303832,0.00279107,0.00321493,0.00030823,9.66e-06,5.132e-05,3.565e-05,5.33e-06,1.233e-05,3.599e-05,4.33e-06,1.799e-05,9.963e-05,1.3e-05,4.465e-05,2.999e-05,2.732e-05,6.33e-06,7.331e-05,4.33e-06
ilPleArgu1,0.63395127,0.32120227,0.00580741,0.02945995,0.00390287,0.00120427,0.00221061,0.00017557,2.34e-06,3.972e-05,5.808e-05,1.969e-05,6.308e-05,1.168e-05,3.004e-05,0.00011615,3.571e-05,1.702e-05,1.34e-06,2.34e-06,9.35e-06,4.406e-05,2.236e-05,2.37e-05
ilPluXylo3,0.62065312,0.32737388,0.02028857,0.01006131,0.00476475,0.00357647,0.00157281,0.00015428,1.866e-05,3.932e-05,0.00012529,2.299e-05,3.266e-05,1.833e-05,5.565e-05,1.33e-06,0.00019827,5.598e-05,0.00030423,0.00013829,8.53e-05,0.00010297,0.00016894,0.00020693
ilPolIcar1,0.69516911,0.2672996,0.00491212,0.01416844,0.01165413,0.00258822,0.0013785,0.00016678,2.497e-05,1.764e-05,6.791e-05,2.164e-05,4.294e-05,7.66e-06,4.261e-05,1e-06,5.959e-05,1.232e-05,1.66e-06,5.66e-06,3.33e-06,4.427e-05,5.126e-05,1.065e-05
ilPolLich1,0.60837825,0.36315744,0.00820547,0.01012608,0.0028966,0.00108672,0.00370847,0.00023482,1.701e-05,5.34e-06,0.0001014,7e-06,9.907e-05,7.305e-05,7.071e-05,5.67e-06,2.802e-05,3.202e-05,6.67e-06,0.0,4.34e-06,3.169e-05,3.702e-05,2.67e-06
ilProPyga1,0.743168,0.22254067,0.004791,0.007908,0.002532,0.012534,0.00095767,0.00028167,0.0,1.333e-05,0.00010533,2.133e-05,0.0,9.67e-06,2.533e-05,2.567e-05,1.333e-05,4.367e-05,2.167e-05,6e-06,7.067e-05,2.233e-05,1e-05,1.367e-05
ilPtiCapc1,0.85416633,0.12025433,0.00269033,0.00460133,0.00439233,0.00802067,0.000768,0.00018967,2.467e-05,3.7e-05,7.967e-05,5.2e-05,5.867e-05,8e-06,2.433e-05,9.67e-06,6.933e-05,2.133e-05,2e-05,0.0,3.1e-05,3.533e-05,2.333e-05,2.367e-05
ilPyrFari1,0.52075175,0.4187934,0.0068907,0.00841786,0.03853449,0.00080207,0.00108097,0.00012029,6.798e-05,1.5e-05,3.366e-05,1.166e-05,0.00021726,0.00010463,5.531e-05,1.933e-05,1.799e-05,2.966e-05,2.166e-05,1.33e-06,9.597e-05,7.064e-05,3.632e-05,2.599e-05
ilPyrMalv3,0.72528724,0.2409057,0.00445385,0.01158347,0.01257481,0.0014062,0.00111529,0.00021426,3.899e-05,2.599e-05,5.098e-05,8.564e-05,0.00015861,3.266e-05,6.66e-06,2.532e-05,6.798e-05,1.966e-05,3.899e-05,2.33e-06,2.233e-05,4.965e-05,1.133e-05,8.33e-06
ilSatPavo1,0.62066522,0.35383194,0.0020947,0.00348016,0.01300867,0.00124508,0.00242848,0.00022508,5.67e-06,2.134e-05,0.00014938,3e-06,7.169e-05,1.167e-05,2.467e-05,6.069e-05,3.168e-05,1.367e-05,5.34e-06,1.067e-05,1.534e-05,1.634e-05,2.868e-05,2.701e-05
ilSchCost1,0.734387,0.162792,0.00156833,0.003801,0.01105167,0.08041633,0.00060033,0.00014567,1e-06,5.167e-05,4.867e-05,3.5e-05,4e-05,1.8e-05,4.1e-05,2.467e-05,3.167e-05,4e-06,2.733e-05,1.33e-06,8e-05,4.3e-05,3.3e-07,2e-06
ilSelDent1,0.83418452,0.13248982,0.00465966,0.01162029,0.00922456,0.00293193,0.0014628,0.00022489,5.34e-06,5.405e-05,0.00014982,8.01e-06,3e-06,1.401e-05,1.401e-05,2.135e-05,6.073e-05,6.67e-06,5.038e-05,3.34e-06,2.169e-05,3.804e-05,5.34e-06,7.34e-06
ilSesApif2,0.32407367,0.62341067,0.01514633,0.01936867,0.007159,0.00147433,0.00084433,0.00017233,2.33e-06,3.733e-05,9.633e-05,1.233e-05,0.00021467,0.000209,0.00011467,2.1e-05,1.033e-05,3.733e-05,6.033e-05,8e-06,8.33e-06,4.467e-05,8.33e-06,6.233e-05
ilSesBemb1,0.48492159,0.48722222,0.00521588,0.01196597,0.00496864,0.00156156,0.00123056,0.00017284,1.502e-05,1.034e-05,7.107e-05,2.736e-05,0.00024358,4.338e-05,6.84e-05,1.001e-05,1.869e-05,1.835e-05,2.269e-05,7.67e-06,4.238e-05,6.01e-06,7.01e-06,1.068e-05
ilShaVerb5,0.55351135,0.42474433,0.00535581,0.00734579,0.00304973,0.00155674,0.00167623,0.00021362,1.602e-05,6.68e-06,0.00010113,3.538e-05,1.469e-05,4.84e-05,6.275e-05,2.37e-05,1.869e-05,7.677e-05,2.303e-05,1.101e-05,7.34e-06,4.01e-06,1.969e-05,1.068e-05
ilSphPina1,0.62942905,0.34911759,0.00361459,0.00687808,0.00528081,0.00116522,0.0022968,0.00013091,5.66e-06,1e-06,4.397e-05,3.264e-05,3.931e-05,1.532e-05,1.233e-05,1.33e-06,2.099e-05,2.465e-05,3.3e-07,1.133e-05,2.632e-05,1.799e-05,8.66e-06,3.031e-05
ilSpiLubr1,0.68011026,0.30064324,0.00195936,0.00412925,0.00485476,0.00272785,0.00264524,0.00014191,7.99e-06,2.032e-05,0.00012758,3.065e-05,4.064e-05,2.965e-05,1.799e-05,3.831e-05,1.266e-05,5e-06,2.532e-05,7.99e-06,5.263e-05,1.033e-05,1.599e-05,4e-06
ilSpiLutu1,0.73083194,0.2487039,0.00166389,0.00305802,0.00402001,0.00666122,0.00216806,0.00037846,2.33e-06,0.00010003,4.068e-05,1.2e-05,4.001e-05,2.968e-05,1.67e-06,1.734e-05,6e-06,1.134e-05,7e-06,2.201e-05,5.168e-05,2.201e-05,3.801e-05,2.67e-06
ilSteBipu1,0.78297034,0.1873892,0.00521559,0.00687504,0.00417727,0.00440053,0.00594702,0.00016928,8.66e-06,5.698e-05,1.966e-05,9.63e-05,1.533e-05,8.83e-05,4.998e-05,4.67e-06,9.097e-05,1.799e-05,1.33e-06,1.4e-05,5.33e-06,1.633e-05,9e-06,2.932e-05
ilSynAndr1,0.57895267,0.40009167,0.00286967,0.00525433,0.002528,0.00161933,0.00614133,0.00025167,6.67e-06,1.7e-05,0.00012967,1.533e-05,7.333e-05,4.2e-05,4.8e-05,1.33e-06,6.5e-05,1.533e-05,3.67e-06,2.133e-05,1e-06,6.633e-05,1.533e-05,9.67e-06
ilSynForm1,0.62764133,0.35119067,0.002699,0.00626267,0.003714,0.002782,0.00200733,0.000244,7.33e-06,2.733e-05,0.000131,5.6e-05,3.533e-05,7.67e-06,2.633e-05,4.767e-05,6.033e-05,4.067e-05,4.467e-05,1.167e-05,5.67e-06,3.433e-05,1.167e-05,2.67e-06
ilSynMyop1,0.642521,0.333066,0.003327,0.00746167,0.007138,0.00134667,0.001393,0.00063767,8.33e-06,2.6e-05,9.733e-05,6.33e-06,7.4e-05,5.267e-05,7.467e-05,0.00013067,2.833e-05,2.4e-05,5e-06,1.067e-05,7.67e-06,9.667e-05,6.67e-06,1.867e-05
ilSynTipu2,0.67162942,0.29890794,0.00466044,0.01357939,0.00352502,0.00231321,0.00169546,0.00025417,2.235e-05,2.869e-05,0.00010874,6.67e-06,9.406e-05,3.035e-05,4.837e-05,4.003e-05,8.67e-06,5.337e-05,1.301e-05,2.268e-05,2.835e-05,1.901e-05,1.201e-05,4.036e-05
ilSynVesp1,0.58224942,0.3880666,0.00462171,0.01392141,0.00440859,0.00178821,0.0012291,0.0001685,3e-06,1.832e-05,7.992e-05,3.73e-05,3.397e-05,3.796e-05,6.127e-05,5.162e-05,1.598e-05,5e-06,2.131e-05,2.131e-05,2.764e-05,5.628e-05,4.962e-05,4.66e-06
ilTelLucu1,0.79075951,0.14666644,0.00223649,0.00679787,0.00343229,0.04138893,0.00139026,0.00032221,4.236e-05,6.738e-05,5.971e-05,1.434e-05,4.703e-05,1.668e-05,0.00011441,0.0,9.01e-06,4.069e-05,9.34e-06,1.401e-05,0.0,4.77e-05,5e-06,1.835e-05
ilThaMatu1,0.72816867,0.24757167,0.00438967,0.007502,0.002174,0.004779,0.00162933,0.000402,6e-06,4.67e-06,5.1e-05,6.567e-05,5.133e-05,8.133e-05,2.733e-05,9e-06,3.533e-05,2.5e-05,2e-06,3.67e-06,1.667e-05,3.67e-06,4.333e-05,2.267e-05
ilTheBrit1,0.79460787,0.13161521,0.00531544,0.02974558,0.00956652,0.00461354,0.00061754,7.669e-05,5.67e-06,1.1e-05,0.00022941,8.736e-05,1.167e-05,5.268e-05,6.669e-05,1.501e-05,6.235e-05,0.00014171,2.801e-05,2.33e-06,1.67e-06,4.401e-05,9.67e-06,2.934e-05
ilTheObel3,0.81279219,0.13306805,0.00405504,0.02491294,0.00826618,0.00347832,0.00078085,0.00018946,8.34e-06,3.636e-05,1.968e-05,0.00014209,2.535e-05,2.201e-05,8.205e-05,1.534e-05,7.338e-05,7.405e-05,1.501e-05,3.769e-05,3.67e-06,1.468e-05,5.637e-05,7e-06
ilThoDeci1,0.6742114,0.26880027,0.02330844,0.02312171,0.00498933,0.0012961,0.00166389,0.00036212,1e-06,5e-06,4.702e-05,6.002e-05,6.34e-06,5.835e-05,3.33e-06,6.102e-05,8e-06,2.101e-05,2.901e-05,3.368e-05,2.334e-05,2.401e-05,6.736e-05,2.67e-06
ilThuSene1,0.88773507,0.06891859,0.00239273,0.00375175,0.01399566,0.01667901,0.00050951,0.00017918,2.67e-06,0.00010577,9.476e-05,1.268e-05,1.101e-05,8.408e-05,4.972e-05,2.67e-06,1.802e-05,5.772e-05,9.01e-06,8.68e-06,3.27e-05,1.435e-05,7.374e-05,9.34e-06
ilThyBati1,0.86974116,0.11267278,0.00240627,0.00493796,0.00244263,0.00268679,0.00126818,0.00020614,2.302e-05,5.937e-05,3.936e-05,2.101e-05,2.235e-05,4.503e-05,0.00010307,7.905e-05,0.00011508,3.736e-05,4.003e-05,1.701e-05,8.639e-05,4.67e-05,1.401e-05,0.00015644
ilThySylv1,0.64334877,0.3137948,0.01084777,0.02132345,0.00307528,0.00069054,0.00426949,0.00022052,1.133e-05,1.332e-05,5.296e-05,5.13e-05,8.66e-06,5.963e-05,4.297e-05,5.13e-05,1.765e-05,1.466e-05,3.66e-06,5.197e-05,0.0001006,1.899e-05,4.53e-05,1.466e-05
ilTilAura1,0.70464767,0.259272,0.01424433,0.005682,0.00568067,0.002955,0.00109933,0.000304,8.67e-06,1.833e-05,0.00028767,5.3e-05,5.4e-05,2e-06,5.233e-05,1.267e-05,3.6e-05,9.6e-05,1.33e-06,8e-06,2.1e-05,2.8e-05,1.5e-05,3.67e-06
ilTinPell1,0.5402032,0.36084277,0.00680313,0.04171153,0.02443804,0.00940073,0.00044504,6.729e-05,1.332e-05,8.328e-05,0.00027515,2.099e-05,4.797e-05,6.33e-06,2.765e-05,3.664e-05,4.83e-05,5e-06,0.00014823,8.99e-06,2.498e-05,4.397e-05,2.565e-05,2.66e-06
ilTinSemi1,0.74378681,0.13562958,0.00295403,0.00451299,0.00406562,0.10464057,0.00146869,0.00019021,2e-06,1.332e-05,3.398e-05,1.832e-05,4.697e-05,3.698e-05,1.932e-05,4.197e-05,0.00016689,2.465e-05,4.231e-05,4.164e-05,0.00012325,5.66e-06,2.532e-05,3.33e-06
ilTinTrin1,0.71318854,0.09807695,0.00373018,0.01567022,0.00376216,0.15973684,0.00074617,9.46e-05,1e-06,0.00012059,0.00026682,1.765e-05,2.099e-05,3.598e-05,4.66e-06,6.33e-06,2.432e-05,3.165e-05,3.66e-06,4.66e-06,3.66e-06,1.366e-05,8.161e-05,1e-06
ilTorAlte1,0.61908736,0.34190297,0.01521774,0.01129276,0.00272324,0.00240213,0.00396132,0.0003868,8e-06,1.834e-05,0.0001077,3.835e-05,0.00014471,3e-06,3.635e-05,2.201e-05,9.503e-05,4.568e-05,8.536e-05,4.335e-05,1.67e-06,2.768e-05,1.267e-05,2.901e-05
ilTriEmor1,0.75055063,0.16293671,0.00583211,0.00786775,0.00433011,0.06427448,0.00082811,0.00015256,9.66e-06,2.865e-05,8.528e-05,1.632e-05,1.699e-05,7.99e-06,2.232e-05,3.864e-05,3.931e-05,4.93e-05,5.763e-05,3.131e-05,1.233e-05,7e-06,2.332e-05,4.897e-05
ilTyrJaco4,0.6862942,0.28302735,0.00346765,0.00611574,0.00478719,0.00506938,0.00758906,0.00029753,6e-06,0.0001004,0.00015377,1.668e-05,6.104e-05,1.368e-05,3.069e-05,1.234e-05,2.468e-05,2.268e-05,3.3e-07,4.503e-05,1.001e-05,3.235e-05,7.272e-05,6.237e-05
ilUdeOliv2,0.8052939,0.04771243,0.00161579,0.0018927,0.00215162,0.13674442,0.00117094,0.00012396,1e-06,0.00064379,3.565e-05,1.966e-05,1.733e-05,4.532e-05,3.499e-05,1.899e-05,4.132e-05,1.899e-05,0.0,9.33e-06,7.66e-06,6.465e-05,2.566e-05,2.666e-05
ilVanAtal1,0.72725267,0.241758,0.00114967,0.00284467,0.018439,0.001894,0.00130167,0.000222,2.33e-06,4.467e-05,8.3e-05,2e-06,1.967e-05,1.933e-05,4.233e-05,8.1e-05,2.567e-05,2.6e-05,7e-06,2.1e-05,5.433e-05,2e-05,9.467e-05,1.8e-05
ilVanCard2,0.6988008,0.27307508,0.00292793,0.00658492,0.01091592,0.00149449,0.00306874,0.00016817,2.569e-05,4.705e-05,6.139e-05,2.302e-05,0.00011678,4.037e-05,4.505e-05,8.242e-05,1.635e-05,2.169e-05,4.238e-05,2.402e-05,4.605e-05,9.176e-05,5.67e-06,3.604e-05
ilWatBina1,0.81752451,0.15297199,0.00152051,0.00279927,0.01852017,0.00128076,0.00113605,0.00016772,5.34e-06,1.467e-05,6.469e-05,3.701e-05,2.33e-06,7.67e-06,2.868e-05,1.267e-05,5.735e-05,1.801e-05,2.501e-05,7.34e-06,4.702e-05,8.67e-06,1.501e-05,4e-06
ilXanIcte2,0.67967433,0.28171662,0.0090333,0.01334066,0.01066234,0.00137496,0.00097136,0.00014219,0.0,1.798e-05,0.00013553,4.762e-05,7.33e-06,4.496e-05,4.895e-05,4e-06,1.665e-05,3.064e-05,3.963e-05,6.33e-06,1.432e-05,8.159e-05,4.029e-05,1.532e-05
ilXanSpad1,0.86482633,0.05166267,0.001532,0.00374,0.00436833,0.06546333,0.001297,0.00012967,3.33e-06,7e-05,5.933e-05,1.967e-05,5.33e-06,3.233e-05,7.1e-05,1.33e-06,4.1e-05,6.233e-05,2.267e-05,6.7e-07,9.67e-06,0.000141,1.033e-05,1.333e-05
ilXesCnig1,0.789733,0.19250233,0.002374,0.00425833,0.00324467,0.00307933,0.00162267,0.00030633,0.0,3.2e-05,6.667e-05,3.533e-05,2.267e-05,1.033e-05,1.833e-05,2.67e-06,8.967e-05,1.9e-05,3.367e-05,3.3e-07,8e-06,1.167e-05,7e-06,2.33e-06
ilXesSexs1,0.83877359,0.12218473,0.0018116,0.0034098,0.00264622,0.01989963,0.00081094,0.00021907,2.67e-06,5.535e-05,9.87e-05,3.601e-05,1.134e-05,1.967e-05,2.968e-05,7.67e-06,3.001e-05,0.00012037,6.67e-06,3.3e-07,4.33e-06,9.103e-05,2.301e-05,5e-06
ilXesXant1,0.74637346,0.20309737,0.00706669,0.0266032,0.0048046,0.00494798,0.00083328,0.00023508,6.7e-07,1.234e-05,0.00010804,3.301e-05,5.335e-05,4.768e-05,6.202e-05,2.768e-05,4.968e-05,0.00010003,2.801e-05,2.67e-06,9e-06,9e-06,3.801e-05,6e-06
ilXylAreo1,0.81710337,0.16602668,0.00416472,0.00354251,0.0040977,0.00116139,0.00074958,8.003e-05,2.601e-05,1.801e-05,1.767e-05,2.734e-05,2.634e-05,1.934e-05,6.736e-05,2.601e-05,3.935e-05,0.00014138,6.602e-05,2.334e-05,2.67e-06,1.334e-05,9.103e-05,3.401e-05
ilYpoCagn1,0.552985,0.37742819,0.01527458,0.01828491,0.00342786,0.00513729,0.02361213,0.0004955,4.67e-06,2.832e-05,7.364e-05,0.0001123,4.099e-05,1e-05,1.33e-06,1.33e-06,5.498e-05,3.032e-05,1.566e-05,6.33e-06,9.33e-06,5.265e-05,6.7e-07,1e-05
ilYpoCagn5,0.55533979,0.37546829,0.0149753,0.01825768,0.00324366,0.00565287,0.02263084,0.0006779,1e-06,6.876e-05,0.00012583,2.37e-05,3.972e-05,5.975e-05,5.34e-05,9.35e-06,6.375e-05,4.206e-05,2.804e-05,2.236e-05,3.171e-05,1.34e-06,5.67e-06,5.67e-06
ilYpoPade2,0.55492567,0.3786,0.01503867,0.01693633,0.00319933,0.005193,0.02181133,0.00054833,7.33e-06,6.067e-05,0.00012267,5.833e-05,5.1e-05,0.00010733,6.533e-05,1.3e-05,2.367e-05,2.333e-05,1.9e-05,2.167e-05,6e-05,3.4e-05,6.067e-05,6.33e-06
ilYpoPade1,0.55744467,0.373215,0.01474067,0.01839233,0.00337233,0.00649067,0.02184033,0.000744,2e-06,8.967e-05,0.00013,3.4e-05,6.233e-05,2.833e-05,2.267e-05,2.467e-05,3.033e-05,3.433e-05,1.167e-05,1.8e-05,7.33e-06,2e-05,3.167e-05,1.433e-05
ilYpoPlub1,0.66113171,0.28002568,0.01941214,0.01258953,0.00618906,0.00284628,0.0127936,0.00064688,3.201e-05,6.435e-05,1.534e-05,0.00011871,6.435e-05,0.00010937,5.635e-05,2.001e-05,7.002e-05,3.334e-05,1.567e-05,2.33e-06,1.734e-05,2.634e-05,1.267e-05,3.134e-05
ilYpoRore1,0.590501,0.33292676,0.01825766,0.02240613,0.00376498,0.00693575,0.02039847,0.00043475,9.65e-06,5.16e-05,0.00013249,2.863e-05,0.00014614,4.261e-05,3.296e-05,1.831e-05,9.554e-05,2.097e-05,4.99e-06,2.097e-05,9.99e-06,8.66e-06,6.32e-06,1.66e-06
ilYpoSedl1,0.74755704,0.2038012,0.00641294,0.00776851,0.00468012,0.02150567,0.00376651,0.00032855,2.33e-06,5.304e-05,0.00014276,6.805e-05,7.338e-05,7.538e-05,4.87e-05,2.802e-05,5.27e-05,3.769e-05,1.101e-05,6.67e-06,1.501e-05,1.034e-05,4.34e-06,1.067e-05
ilYpsScab1,0.63492372,0.28472452,0.01756462,0.03703997,0.00369187,0.01295803,0.00325849,0.00046669,3.33e-06,7.395e-05,0.00019154,8.728e-05,1.666e-05,2.265e-05,3.131e-05,1.532e-05,7.761e-05,4.83e-05,7.761e-05,4e-06,2.33e-06,2.33e-06,0.00010993,1.532e-05
ilYpsSequ2,0.64437125,0.28885257,0.01835857,0.02311041,0.00396931,0.01223082,0.00494196,0.00033356,6.7e-07,4.236e-05,9.44e-05,0.00041461,5.237e-05,1.167e-05,1.768e-05,3.402e-05,0.00021581,2.635e-05,9.34e-06,4.27e-05,1.33e-06,8.01e-06,9.67e-06,2.201e-05
ilZeuPyri1,0.41872573,0.54325826,0.01184484,0.0163974,0.00327427,0.00208442,0.00152085,0.00016216,1.67e-06,1.969e-05,5.172e-05,1.702e-05,2.903e-05,1.068e-05,3.67e-05,2.503e-05,3.136e-05,5.205e-05,8.01e-06,7.01e-06,6.7e-07,5.105e-05,1.034e-05,0.0
ilZygFili1,0.58288059,0.38873983,0.00656304,0.00854636,0.0036511,0.00463309,0.00181221,0.00026251,8.67e-06,4.903e-05,9.94e-05,1.434e-05,8.205e-05,4.837e-05,1.768e-05,4.34e-06,1.134e-05,2.635e-05,6.67e-06,7.34e-06,0.0,2.668e-05,2.035e-05,8.01e-06
inChrCarn1,0.39632377,0.36119006,0.00135779,0.00247249,0.16918139,0.00397132,0.00215138,0.00016706,2.67e-06,9.67e-06,0.00056852,3.67e-06,1.834e-05,1.634e-05,3.468e-05,4.67e-06,0.00020974,3.501e-05,2e-06,3.835e-05,1.834e-05,3.701e-05,4.435e-05,1e-05
ioIscEleg1,0.67373094,0.15181585,0.00807559,0.02760406,0.10990077,0.00147985,0.02111022,0.00012155,0.0,3.297e-05,3.596e-05,0.00010023,1.132e-05,1.465e-05,3.53e-05,1.132e-05,1.998e-05,2.33e-06,8.66e-06,8.33e-06,2.564e-05,1.865e-05,3.33e-06,5.99e-06
ioPlaPenn1,0.53151566,0.21660726,0.04147002,0.04264557,0.1336449,0.00210693,0.02388841,0.00011093,1.233e-05,4.064e-05,0.00012725,2.032e-05,8.628e-05,8.494e-05,2.665e-05,3.66e-06,1.765e-05,2.298e-05,4.297e-05,1.466e-05,2.831e-05,1.066e-05,1.366e-05,3.33e-06
ioSymStri1,0.64819627,0.12752449,0.02281839,0.05234122,0.09689503,0.0024112,0.04106031,0.00023592,0.0,1.566e-05,3.466e-05,9.197e-05,6e-06,1.466e-05,1e-06,6.7e-07,1.433e-05,3.832e-05,6.66e-06,9e-06,8.33e-06,3.266e-05,2e-06,1.1e-05
ipIsoGram3,0.67646249,0.21828743,0.03962854,0.02235712,0.01264655,0.01871457,0.00309403,0.00021841,1.967e-05,1.634e-05,0.00013438,3.468e-05,2.101e-05,1.1e-05,3.068e-05,1.134e-05,0.0008066,1.334e-05,1.33e-06,1.334e-05,1.034e-05,1.334e-05,3.368e-05,7e-06
ipLeuNigr2,0.80198999,0.03847681,0.03514014,0.01192926,0.08631398,0.00656423,0.00405572,0.0001655,2.67e-06,6.006e-05,0.00011612,3.971e-05,3.47e-05,5.973e-05,9.68e-06,2.069e-05,0.00109243,5.005e-05,0.0,1.869e-05,3.07e-05,0.00010744,5.472e-05,4.838e-05
ipNemDubi1,0.74978626,0.01999567,0.04558486,0.00437946,0.16309036,0.00156419,0.00161887,0.00014371,0.0,1.534e-05,0.00088996,2.868e-05,0.00015072,4.035e-05,2.534e-05,3.434e-05,0.00017573,4.135e-05,1.467e-05,7.34e-06,6.135e-05,5.102e-05,2e-06,3.068e-05
ipNemPict2,0.7773974,0.09179447,0.06280446,0.01487908,0.04287808,0.00250833,0.00176716,0.00012858,1.332e-05,3e-06,0.00010926,5.33e-05,7.262e-05,4.83e-05,8.99e-06,4.33e-06,6.962e-05,1.233e-05,1.999e-05,5.33e-06,5.33e-06,7.795e-05,1.765e-05,0.0
ipProMont4,0.78886667,0.05893033,0.01123167,0.063389,0.02981733,0.04225433,0.001225,0.00014867,9.67e-06,4.867e-05,8.033e-05,1.4e-05,8.633e-05,8.67e-06,3.33e-06,0.0,0.00029267,8.67e-06,2.167e-05,0.0,0.0,9.367e-05,7.33e-06,2.833e-05
iyAncNigr1,0.37834902,0.48354121,0.00787521,0.01122022,0.00541642,0.02880681,0.02141308,0.00147814,1.168e-05,6.01e-06,0.00084218,8.909e-05,2.102e-05,7.641e-05,0.00023524,1.368e-05,2.536e-05,0.00044511,0.00018385,0.00011345,9.01e-06,3.804e-05,0.00011545,2.669e-05
iyAndBuce1,0.38852349,0.50983106,0.00358547,0.00630756,0.01277441,0.00163279,0.00258914,0.00050516,4.67e-06,7.66e-06,0.00057214,1.5e-05,3.099e-05,3.466e-05,6.964e-05,9.23e-05,5.498e-05,6.065e-05,1.5e-05,5.098e-05,1.766e-05,3.765e-05,0.00200367,3.965e-05
iyAndDors1,0.27408533,0.64928633,0.00474933,0.005587,0.00340567,0.00123167,0.002569,0.00026133,1.433e-05,3e-06,7.333e-05,1.733e-05,3.6e-05,6.933e-05,4.433e-05,3.333e-05,1.8e-05,0.00010867,8.233e-05,1.4e-05,2.1e-05,1.7e-05,0.000613,0.00016533
iyAndFulv1,0.3936142,0.48125809,0.00294965,0.00821374,0.02632277,0.0021007,0.00122641,0.00031577,5.67e-06,3.67e-06,0.00036145,3.935e-05,5.702e-05,9.236e-05,5.502e-05,0.00042314,2.367e-05,1e-06,4.268e-05,6.402e-05,3.3e-07,1.234e-05,0.00379493,5.34e-06
iyAndHaem1,0.29828219,0.63044363,0.00517011,0.00922315,0.00437225,0.00202135,0.00231621,0.00029053,5.34e-06,2.535e-05,0.00025617,2.368e-05,6e-06,1e-06,8.039e-05,9.54e-05,1.201e-05,5.67e-06,1.201e-05,1.835e-05,2.535e-05,2e-06,0.00025951,8.34e-06
iyAndHatt1,0.26589363,0.46456819,0.00476559,0.01555519,0.00957219,0.00411204,0.00138946,0.00012638,2e-06,5.068e-05,0.00040147,7.669e-05,5.67e-06,0.00012838,0.00025975,0.00055652,2.534e-05,2.33e-06,5.435e-05,2.434e-05,1.734e-05,1.234e-05,0.18030944,5.67e-06
iyAndMinu1,0.23874883,0.68887558,0.00391795,0.00920247,0.00478586,0.00104937,0.00256304,0.00022015,5.037e-05,1.134e-05,0.00010707,1.601e-05,1.868e-05,2.902e-05,6.671e-05,0.00013409,1.268e-05,4.069e-05,8.01e-06,4.436e-05,1.568e-05,1.968e-05,0.0001988,3.002e-05
iyAnoNige1,0.23572633,0.63130567,0.00651667,0.00568567,0.00690733,0.00407933,0.002005,0.00049067,6.267e-05,1.133e-05,0.00012733,4.2e-05,6e-06,0.00022567,0.00024133,3e-05,3.967e-05,0.000392,0.00081933,0.00043167,0.000209,8.67e-06,0.00187967,0.00084767
iyAthRosa1,0.10985909,0.37150067,0.00735143,0.16015456,0.00333744,0.21233678,0.04941706,0.07713191,9.33e-06,2.598e-05,2.865e-05,3.331e-05,0.00017588,0.00052498,0.00162758,1.299e-05,1.965e-05,0.0003491,1.233e-05,5.73e-05,7.328e-05,0.0002515,4.131e-05,1.099e-05
iyBomHort1,0.09486071,0.31485072,0.0280863,0.00758014,0.17504565,0.00198034,0.00229557,0.00071176,9.03e-05,1.67e-06,0.00034455,0.00019227,3.299e-05,0.00158314,0.00092269,5.232e-05,4.932e-05,0.27213629,1.466e-05,1.066e-05,1.133e-05,0.0001976,2.67e-06,1.233e-05
iyBomPasc1,0.08864367,0.86102333,0.01431767,0.01732867,0.008745,0.00242967,0.00110933,0.00049733,3.933e-05,4e-06,6.233e-05,2.933e-05,2.533e-05,7.733e-05,0.000175,2.433e-05,3.4e-05,6.733e-05,1e-05,5.267e-05,9.67e-06,1.233e-05,6.33e-06,6.33e-06
iyBomPrat1,0.115053,0.81386867,0.00351067,0.00359933,0.04866767,0.001213,0.002243,0.00054867,8.567e-05,2e-06,4.767e-05,6.3e-05,2.567e-05,1.1e-05,2.367e-05,9.1e-05,2e-06,4.467e-05,9.67e-06,7.67e-06,1.067e-05,1.4e-05,1.333e-05,5.67e-06
iyBomTerr1,0.08516922,0.85508794,0.00410293,0.00970686,0.02802998,0.00250899,0.00080247,0.00042005,2e-06,5.33e-06,7.961e-05,3.598e-05,1.099e-05,3e-06,7.029e-05,3.331e-05,2.199e-05,1.266e-05,1.566e-05,1.233e-05,6.7e-07,2.032e-05,3.33e-06,2.332e-05
iyBuaLabo1,0.39240173,0.33553398,0.04817022,0.0048501,0.00594537,0.01058794,0.1713461,0.0002475,2.565e-05,2.265e-05,0.00011859,0.00037841,0.00017189,0.00012825,4.83e-05,1.366e-05,0.01508061,0.00013291,0.00012492,0.00018321,2.265e-05,4.031e-05,2.965e-05,2.099e-05
iyCamRapt1,0.30946031,0.34790594,0.03196131,0.01300067,0.00318712,0.12181554,0.15759106,0.00013642,2.168e-05,5.404e-05,0.00011741,0.0003459,0.00013242,1.368e-05,2.001e-05,1.468e-05,0.00471781,6.34e-06,3.969e-05,9.006e-05,7.34e-06,1.534e-05,6.037e-05,2.735e-05
iyCerRyby1,0.29619654,0.63598834,0.00164524,0.00267988,0.00876083,0.00264424,0.01527015,0.00033644,2.132e-05,1.765e-05,5.03e-05,2.065e-05,6.33e-06,4.097e-05,3.065e-05,7.428e-05,1.133e-05,1.67e-06,1.67e-06,2.831e-05,3.598e-05,2.665e-05,6.529e-05,3.3e-07
iyCliInci1,0.33926183,0.39050266,0.00615157,0.00548668,0.00416922,0.07068921,0.15688541,0.00023118,4e-06,4.83e-05,7.295e-05,0.00038774,0.00013524,8.195e-05,2.532e-05,5.063e-05,0.01222019,1.366e-05,5e-06,0.00015356,7e-06,3.531e-05,8.761e-05,6e-06
iyCoeConi1,0.1933994,0.65023357,0.00391391,0.005329,0.07237104,0.00182049,0.00299399,9.309e-05,1.168e-05,2.269e-05,0.00014314,7.34e-06,2.369e-05,7.67e-06,4.037e-05,0.00012145,9.34e-06,1.301e-05,5.272e-05,4.271e-05,2.035e-05,3.303e-05,0.00028695,1.134e-05
iyDolMedi1,0.2896989,0.15347716,0.03032511,0.13277859,0.08448349,0.00626309,0.00097799,0.28221174,7.67e-06,7.369e-05,7.202e-05,2.901e-05,6e-06,7.34e-06,3.201e-05,1.767e-05,1.034e-05,2.768e-05,7.67e-06,2e-06,6.34e-06,5.969e-05,1.634e-05,2.167e-05
iyEctCont1,0.11094765,0.64978159,0.00397499,0.00497399,0.00325642,0.00133978,0.12858419,0.00031944,7.669e-05,1.367e-05,0.00014705,0.00028943,0.00015839,0.00019073,0.00020473,0.00016639,0.00010437,0.00013171,0.00085128,0.00130343,0.00027743,1.167e-05,0.00156185,0.00080227
iyEctLitu1,0.10756215,0.3603119,0.04743752,0.03774942,0.12816928,0.0094875,0.00173575,0.00017394,4.065e-05,8.164e-05,6.498e-05,0.00025492,0.00016395,5.132e-05,0.00019027,2.699e-05,2.932e-05,2.799e-05,0.28705232,6.564e-05,0.00014162,5.731e-05,8.33e-06,0.00055215
iyIchXant1,0.30955148,0.49996601,0.02685671,0.0137954,0.00726691,0.01242686,0.07285738,0.00015795,2.033e-05,2.299e-05,5.198e-05,0.00026258,5.531e-05,1.333e-05,0.00014828,3.33e-06,0.035007,3.765e-05,1.2e-05,6.66e-06,3e-06,2.899e-05,2.766e-05,2.333e-05
iyLasLatv2,0.25726067,0.260575,0.00930467,0.01700167,0.07886433,0.00131667,0.006146,0.00018633,0.00015733,3.533e-05,3.533e-05,5.333e-05,1.067e-05,0.000107,0.00010767,0.35683467,1.133e-05,2.167e-05,2.633e-05,2.4e-05,6.3e-05,0.00010767,2.967e-05,1e-06
iyLasMori1,0.12133655,0.21603932,0.04038021,0.05350283,0.16935755,0.00134089,0.00230023,0.08889503,3.232e-05,3.67e-06,0.00057114,0.00021893,0.0001113,2.166e-05,2.066e-05,1.866e-05,3.032e-05,1.233e-05,2.266e-05,0.28184805,1.1e-05,0.00019494,6.764e-05,1e-06
iyLasPaux1,0.30088059,0.60710674,0.00173783,0.00263776,0.00905937,0.01169813,0.0183499,0.00035457,1.434e-05,9.306e-05,7.472e-05,7.972e-05,9.34e-06,1.501e-05,2.302e-05,5.771e-05,2.435e-05,1.167e-05,1.334e-05,0.00012642,3.67e-06,3.903e-05,0.0002962,2.769e-05
iyMegLign1,0.36144167,0.54232833,0.001409,0.00266433,0.008421,0.00285333,0.02130467,0.000405,2.867e-05,1.733e-05,0.00032333,2.767e-05,1.333e-05,2.4e-05,4.067e-05,0.000121,5.967e-05,3e-06,7e-06,0.00022833,2.33e-06,1.2e-05,0.00080233,8e-06
iyMegWill1,0.30689544,0.59895371,0.00083816,0.00134832,0.00303463,0.00465601,0.02063037,0.00019214,1.33e-06,8.258e-05,0.00041392,0.00014352,2.098e-05,3.23e-05,8.825e-05,0.00046986,8.33e-06,9.99e-06,1.732e-05,0.00028571,6.727e-05,5.028e-05,0.00127672,4.66e-06
iyMimDahl1,0.13196602,0.31145536,0.11033977,0.0182445,0.12649167,0.00108561,0.00176049,0.0001972,1e-06,8.99e-06,1.832e-05,8.66e-06,0.00018155,8.294e-05,0.00016855,9.66e-06,2.66e-06,3.431e-05,0.00016556,2.565e-05,0.27447202,4.464e-05,6.7e-07,0.00153364
iyNetDila1,0.34120293,0.34382572,0.00313296,0.0054102,0.00459613,0.00465445,0.27767111,0.00056315,0.0,3.565e-05,0.00034455,0.00045685,0.00021293,5.731e-05,1.433e-05,8e-06,0.00035055,4.632e-05,1.233e-05,0.00030223,3.865e-05,1.266e-05,2.066e-05,1.433e-05
iyNomFabr1,0.26106069,0.62395165,0.00190197,0.00376792,0.0318923,0.0021037,0.00143481,0.00054018,6.7e-07,8e-06,0.00085795,2.668e-05,3e-06,2.634e-05,7.67e-06,0.00015705,5e-06,6.202e-05,1.601e-05,8.736e-05,2.234e-05,1.367e-05,0.00046115,4.068e-05
iyNomFuca1,0.09006177,0.74264374,0.00555459,0.00631686,0.07099098,0.00366244,0.00095793,0.00014391,1.67e-06,3.406e-05,0.00028581,4.34e-06,2.838e-05,0.00014958,0.00031319,3.172e-05,1.035e-05,0.00148781,0.00039199,0.00031586,8.581e-05,1.469e-05,0.00135626,0.00050952
iyNysSpin1,0.14271905,0.65860994,0.03104538,0.02854788,0.0116353,0.00447481,0.02093927,0.00016917,5.439e-05,4.938e-05,0.00037171,6.073e-05,3.136e-05,1.301e-05,0.00014882,0.00012246,1.435e-05,2.536e-05,1.535e-05,8.775e-05,2e-06,1.101e-05,0.00316416,3e-06
iyOphLute1,0.27116822,0.53228681,0.01058128,0.00956129,0.00554963,0.02852065,0.119504,0.00014224,1.666e-05,6.329e-05,9.694e-05,0.0001992,0.00014524,1.932e-05,5.763e-05,4.93e-05,0.01161659,1.999e-05,3.3e-07,0.00015456,3e-06,8.66e-06,1.099e-05,1.999e-05
iyPemLugu1,0.02231442,0.01929606,0.00128838,0.00193057,0.00283979,0.0005514,0.00034279,0.00013952,0.94996896,2e-06,5.04e-05,1.001e-05,1.569e-05,6.7e-07,8.01e-06,1.335e-05,1.67e-06,2.103e-05,1.235e-05,1.67e-06,1.569e-05,1.202e-05,7.34e-06,6.01e-06
iyRhoChlo1,0.087783,0.46152467,0.044624,0.064468,0.00257467,0.186822,0.14202033,0.00039,7.33e-06,8.33e-06,4.33e-06,0.00022833,0.00018167,4.7e-05,6.8e-05,1.9e-05,1.733e-05,2e-05,3.3e-05,0.000239,1.5e-05,5.4e-05,7.67e-06,8.467e-05
iyStePhae1,0.28256285,0.67757753,0.00341781,0.00555352,0.00592631,0.00463988,0.00332911,0.00081427,2.101e-05,1.1e-05,0.00014005,2.33e-06,3.401e-05,5.535e-05,4.068e-05,5.969e-05,7.34e-06,2.801e-05,1.901e-05,8.34e-06,5.67e-06,3.901e-05,0.00014505,1.567e-05
iyTenMeso1,0.17307764,0.36821826,0.01309963,0.10854049,0.00629324,0.12159314,0.1717984,0.002003,5e-06,2.266e-05,0.00048917,0.0003049,0.00026624,1.1e-05,0.00020793,9.33e-06,1.166e-05,4.165e-05,3.3e-07,0.00018627,2e-06,6.131e-05,0.00019227,6.831e-05
iyTenNoth1,0.17518712,0.27334957,0.01562475,0.10338292,0.00359606,0.23112875,0.18484056,0.00073015,1e-06,2.635e-05,0.00010407,0.00036758,0.00017845,2.168e-05,0.00012608,8.67e-06,1.301e-05,4.34e-06,3.936e-05,0.00021848,2.468e-05,0.00011508,1.234e-05,1.67e-06
iyTipFemo1,0.143354,0.73589133,0.035361,0.02709633,0.004716,0.002696,0.001995,0.00061367,0.00015367,1.233e-05,6.4e-05,4.533e-05,3.167e-05,0.00017767,0.00012633,5.67e-06,1.767e-05,2.633e-05,0.00012133,0.000226,4.567e-05,4.367e-05,0.00039833,0.00044233
iyVesCrab1,0.68148683,0.16752417,0.00146282,0.00323374,0.01387129,0.00095432,0.00083128,0.10736279,0.00014638,4.33e-06,7.34e-06,4.335e-05,1.367e-05,1.834e-05,1.067e-05,0.00011137,3.401e-05,0.00140213,2e-06,2.67e-06,1.2e-05,4.468e-05,5.268e-05,4.568e-05
iyVesGerm1,0.11394798,0.61787863,0.0085972,0.00661621,0.00393865,0.00324141,0.00358019,0.2391117,1.767e-05,2.434e-05,6.235e-05,2.167e-05,4.535e-05,5.835e-05,5.335e-05,4.068e-05,2.601e-05,2.267e-05,5.902e-05,5e-06,4.068e-05,1.767e-05,5.268e-05,1.801e-05
iyVesVulg1,0.09184479,0.58975,0.03742724,0.02352403,0.00380007,0.00436615,0.00219059,0.24412049,8.01e-06,2.069e-05,0.00010614,1.402e-05,6.943e-05,9.35e-06,5.741e-05,2.67e-06,4.139e-05,2.77e-05,1.402e-05,5.01e-06,9.01e-06,3.037e-05,2.67e-06,2.804e-05
iyVesVulg2,0.1118,0.65031067,0.01076933,0.013455,0.00216767,0.003352,0.05767133,0.147732,1e-06,2.933e-05,2.5e-05,0.00014767,4.433e-05,3.33e-06,2.533e-05,2.7e-05,2.867e-05,5.33e-06,2.9e-05,0.00011933,3.333e-05,8e-06,3.67e-06,1.467e-05
iyVesVulg3,0.10744985,0.6499077,0.01069677,0.01311296,0.00200966,0.0033922,0.06479773,0.14530823,1.33e-06,3.332e-05,7.131e-05,9.097e-05,3.699e-05,1e-06,2.466e-05,2e-06,4.365e-05,6.7e-07,3.665e-05,3.3e-07,6.33e-06,5.332e-05,4.67e-06,4.132e-05
iyVesVulg5,0.09546118,0.61826358,0.02596601,0.03295068,0.00481173,0.00386971,0.0011133,0.21236788,4e-06,9e-06,8.431e-05,1.5e-05,9.63e-05,9.064e-05,2.299e-05,4e-06,9e-06,3.366e-05,1.2e-05,7.66e-06,1.899e-05,5.66e-06,1.666e-05,1.3e-05
jaDiaLine6,0.33663976,0.49675117,0.03985057,0.06185824,0.04826318,0.00381588,0.00513142,8.205e-05,1.67e-06,0.00015177,0.0001451,3.569e-05,1.67e-06,4.67e-06,2.302e-05,4.003e-05,1.034e-05,2.502e-05,3.502e-05,1.33e-06,1.868e-05,2.035e-05,3.002e-05,2.33e-06
jaMetSeni4,0.421868,0.40883433,0.07287733,0.04018933,0.03174967,0.008058,0.00739467,0.000264,6.67e-06,2.9e-05,7.033e-05,1.133e-05,4.67e-06,2e-06,7.8e-05,0.00014367,1.167e-05,2.767e-05,1.3e-05,5e-05,4e-06,1.633e-05,5.567e-05,4.33e-06
jaNemVect1,0.42563733,0.29007867,0.055149,0.01645533,0.05319233,0.13715933,0.007523,0.000263,9.67e-06,1.567e-05,0.000332,9.33e-06,6.133e-05,3.3e-05,2.4e-05,4.67e-06,5.433e-05,1.233e-05,1.5e-05,1.33e-06,0.0,4.333e-05,6.3e-05,1.367e-05
jhCanCock6,0.19402267,0.148593,0.05909833,0.02559167,0.04774367,0.00618467,0.00190633,7.7e-05,4e-06,0.00195633,0.00411133,8.367e-05,4.367e-05,0.00165333,0.00138367,0.000905,2.333e-05,0.00408967,0.00111133,2.33e-06,0.00010533,0.000953,0.003061,0.00093067
jrHalOcto1,0.31179019,0.36725717,0.02077151,0.25755237,0.02145497,0.00198299,0.00690994,0.00010574,1.067e-05,2.602e-05,5.07e-05,3.202e-05,2.668e-05,0.00011508,0.00011474,3.469e-05,9.34e-06,8.939e-05,3.769e-05,0.0,8.34e-06,1.167e-05,4.403e-05,1.434e-05
kaAplTurb1,0.28421007,0.53228009,0.0136022,0.05924208,0.00921074,0.0691087,0.00286929,0.00023108,1e-06,7.369e-05,0.00022974,6.269e-05,1.567e-05,0.00014171,0.00013905,1.701e-05,2.534e-05,8.069e-05,1.934e-05,2e-06,1.3e-05,7.136e-05,0.00014672,8.34e-06
kaAscMent1,0.59673535,0.30609854,0.00561518,0.01805692,0.01468309,0.01871005,0.0036984,7.19e-05,4.99e-06,0.03307923,5.459e-05,1.664e-05,8.99e-06,1.065e-05,6.66e-06,5.193e-05,2.463e-05,4.061e-05,3.196e-05,4.33e-06,6.7e-07,5.826e-05,3.961e-05,3.462e-05
kaClaLepa1,0.29517033,0.52489267,0.04707867,0.086671,0.027099,0.002551,0.00400333,8.1e-05,1.333e-05,4.867e-05,4.633e-05,3.667e-05,2.833e-05,7.033e-05,7.833e-05,9e-06,3.4e-05,6.733e-05,4.933e-05,1.67e-06,7e-05,1.2e-05,2e-05,5.667e-05
kcLamFluv1,0.507262,0.22195167,0.10360633,0.057494,0.08346367,0.006588,0.007181,0.00089833,1.67e-06,3.033e-05,0.001079,0.00034,0.000214,7.33e-06,9e-06,1.67e-06,0.00026567,3.5e-05,2.67e-06,6.33e-06,1.633e-05,0.00047067,3.467e-05,5.33e-06
laTriPals1,0.08375208,0.32906231,0.09036854,0.45762113,0.00735088,0.0015135,0.00119194,7.398e-05,1.966e-05,9e-06,0.00015395,1.266e-05,1.699e-05,9.83e-05,1.999e-05,3.67e-06,4.232e-05,0.00011396,0.0003139,0.00020893,3e-06,6.33e-06,0.0005065,0.00045152
lpBroSter1,0.09580414,0.31640207,0.12939873,0.15524725,0.10164698,0.00358792,0.0033984,8.842e-05,2e-06,0.00017217,0.00366834,4.605e-05,0.00045179,8.34e-06,8.01e-06,0.00012346,1.668e-05,1e-06,1.869e-05,6.64e-05,2.87e-05,3.003e-05,0.00029429,9.68e-06
lpCarAren1,0.24049416,0.2374975,0.08547783,0.36959486,0.05166455,0.00721474,0.00131544,0.00048049,3.334e-05,2.067e-05,0.00034945,1.134e-05,8.603e-05,9.503e-05,2.267e-05,4e-06,4.301e-05,2.768e-05,7e-06,0.0,5.34e-06,2.701e-05,2.601e-05,6.7e-07
lpCarDepa1,0.09820739,0.25524567,0.11127996,0.18577896,0.17180193,0.00127929,0.00302463,0.00123069,2.996e-05,6.66e-06,0.15300965,2.23e-05,0.00023868,9.288e-05,7.623e-05,7.99e-06,4.194e-05,0.00033289,8.755e-05,7.32e-06,0.00011718,8.356e-05,4.99e-06,6.7e-07
lpCarRost1,0.19303738,0.29544393,0.10316856,0.27770093,0.09383411,0.01364586,0.0064022,0.00042957,9.01e-06,1.636e-05,0.00099666,2.37e-05,0.00014352,2.537e-05,7.076e-05,4.84e-05,5.774e-05,3.872e-05,7.276e-05,2.27e-05,2.37e-05,3.371e-05,2.804e-05,0.0
lpCarSylv1,0.12265955,0.25755852,0.08144481,0.30320907,0.13045082,0.09188463,0.00131977,0.0008983,1.4e-05,1.634e-05,0.00129543,2.801e-05,0.00013805,2.33e-06,1.034e-05,0.0,0.000987,2e-06,2.101e-05,5.34e-06,9e-06,1.934e-05,6e-06,8e-06
lpJunEffu1,0.19095928,0.3024466,0.09498765,0.16157443,0.04935514,0.00170294,0.04327069,0.00937517,1.202e-05,3.67e-06,0.00018825,1.736e-05,0.00193959,0.00016589,3.004e-05,1.702e-05,6.642e-05,0.00010414,0.0,2.336e-05,6.68e-06,1.368e-05,1.602e-05,2.77e-05
lpLuzSylv1,0.25929471,0.28040493,0.05686214,0.21718015,0.16936996,0.00143124,0.00174459,7.16e-05,8.99e-06,1.598e-05,0.00063603,1.099e-05,6.727e-05,6.99e-06,0.00029104,5.295e-05,0.00014119,2.66e-06,0.00050383,4.66e-06,4.33e-06,8.325e-05,0.00017249,4.063e-05
lpPhrAust1,0.09317584,0.36909676,0.04757491,0.36189923,0.11448182,0.00107941,0.00467401,0.00031298,4e-06,2.703e-05,0.00098031,3.437e-05,0.00015983,2.936e-05,3.904e-05,2.436e-05,1.268e-05,0.00024024,2.803e-05,6.01e-06,4e-06,0.00019987,4.671e-05,4.67e-06
lpSchLacu1,0.34906738,0.28677051,0.06135457,0.20546731,0.08559807,0.00109273,0.00462675,0.00027051,5.67e-06,3.035e-05,0.00041494,8.34e-06,0.00010107,1.868e-05,5.67e-06,5.203e-05,1.835e-05,6.34e-06,6.071e-05,6.67e-06,1.67e-06,1.901e-05,1.868e-05,8.67e-06
lpSchTriq1,0.3600293,0.28180952,0.00662371,0.24113686,0.09881052,0.00170163,0.00173526,0.00112654,0.0,2.331e-05,0.00102664,1.598e-05,0.00011655,1.632e-05,1.565e-05,0.00010723,9.32e-06,2.264e-05,2.66e-06,1.33e-06,1e-06,1.332e-05,5.761e-05,1.765e-05
mCanLor1,0.15354188,0.14464831,0.60933667,0.02476476,0.00273674,0.00290324,0.00163397,0.0005689,4e-06,1.568e-05,5.873e-05,2.87e-05,1.502e-05,0.00057424,3.47e-05,6.7e-07,0.00017818,4.771e-05,7.01e-06,7.34e-06,1.101e-05,5.34e-06,3.34e-06,1.101e-05
mCerEla1,0.09519433,0.26939967,0.578138,0.01292633,0.00401467,0.00152367,0.01266767,0.00023067,3.67e-06,2.133e-05,3.567e-05,3.533e-05,0.00028433,0.00030367,2.767e-05,3.667e-05,5.333e-05,1.867e-05,4.67e-06,4.33e-06,1.033e-05,6.67e-06,6.67e-06,7.67e-06
mDelDel1,0.05515033,0.31397567,0.61045767,0.008804,0.00520533,0.00129767,0.00170733,0.000182,2.267e-05,1.067e-05,6.067e-05,4.33e-06,0.000215,1.5e-05,3.367e-05,1.233e-05,1.967e-05,1.033e-05,9e-06,4e-06,2.33e-06,3.1e-05,1.433e-05,1.267e-05
mEptNil1,0.15237592,0.22971815,0.48073916,0.02237892,0.02711007,0.00556237,0.00160374,0.00027418,2.902e-05,1.434e-05,0.00012542,8.01e-06,1.301e-05,0.00275951,5.07e-05,6e-06,2.602e-05,7.105e-05,2e-06,1.001e-05,5e-06,5.67e-05,9.67e-06,1.601e-05
mGloMel1,0.05977267,0.32940033,0.58823,0.00523467,0.007902,0.001386,0.001161,0.00019867,4e-06,9e-06,5.8e-05,5e-06,0.00019533,4.967e-05,4.5e-05,2.5e-05,3.133e-05,3.6e-05,7e-06,1e-06,1.33e-06,6.433e-05,3e-06,3.33e-06
mHypAmp2,0.12437504,0.20151385,0.62917618,0.00557925,0.0207294,0.00068936,0.00218485,0.00011612,3.77e-05,9.34e-06,0.00012145,7.174e-05,8.275e-05,6.34e-06,5.339e-05,2.002e-05,0.00934034,4.404e-05,3.203e-05,3e-06,7.67e-06,1.902e-05,4.605e-05,1.101e-05
mLagAlb1,0.09053813,0.27490609,0.61630403,0.00661205,0.005002,0.00142957,0.0015711,0.0003037,4.33e-06,4.66e-06,8.591e-05,3.66e-06,9.091e-05,1.465e-05,8.33e-06,2.964e-05,0.00014019,8.66e-06,9.32e-06,0.0,5.66e-06,2.831e-05,2.364e-05,1.099e-05
mMelMel3,0.13455837,0.10344596,0.65091094,0.03902235,0.00551101,0.00189626,0.00170213,0.00016444,8.34e-06,1.568e-05,3.469e-05,6.34e-06,0.00016511,0.00052235,1.568e-05,1.401e-05,0.00025917,6.638e-05,1.167e-05,2.33e-06,2e-06,3.436e-05,2.33e-06,7e-06
mMusMuc1,0.10937479,0.09147349,0.33084928,0.0061127,0.00381694,0.00747016,0.00218273,0.00040347,2.434e-05,0.00013338,0.00016239,1.434e-05,0.0235882,0.40013871,0.00176392,8.803e-05,5e-06,6.402e-05,0.00018106,1.901e-05,1.567e-05,0.00034978,0.00105435,0.00024375
mOrcOrc1,0.08494607,0.29199234,0.61041445,0.0018968,0.00289547,0.00072004,0.00121937,8.156e-05,2.663e-05,1.731e-05,3.096e-05,2.031e-05,0.00048835,0.0008502,7.557e-05,5.559e-05,1.465e-05,0.00010985,2.63e-05,1.198e-05,6.7e-07,5.226e-05,3.928e-05,2.13e-05
mPipPyg2,0.15316145,0.20061352,0.45964814,0.01838449,0.02021072,0.00780126,0.00107823,0.00045473,2e-06,2.197e-05,0.00013981,1.431e-05,0.00011252,0.01154627,3.395e-05,3.3e-07,7.889e-05,0.0002034,1e-06,1.465e-05,2.33e-06,0.00011052,3.99e-06,6.092e-05
mPleAur1,0.12670782,0.14795907,0.58290649,0.02542163,0.02185258,0.00995441,0.00094176,0.00028852,2.063e-05,2.629e-05,8.652e-05,4.06e-05,3.028e-05,0.00179834,1.331e-05,2e-06,4.892e-05,0.00012845,2.862e-05,8.65e-06,3.99e-06,5.191e-05,3.095e-05,4.99e-06
mSteCoe1,0.05002233,0.34392133,0.58402667,0.008924,0.006885,0.001012,0.00142567,0.00023633,3.3e-07,7.67e-06,4.467e-05,1.567e-05,5.233e-05,1.167e-05,2.1e-05,1.733e-05,3.467e-05,7.267e-05,2.67e-06,1.33e-06,6e-06,7e-06,1.133e-05,3.167e-05
paTetJugo1,0.13907659,0.15482617,0.03218415,0.32169397,0.20879687,0.00111255,0.00202065,0.00013487,6.66e-06,1.265e-05,0.00013087,8.258e-05,2.165e-05,3.33e-06,5.66e-06,0.00012321,2.498e-05,7.493e-05,2.498e-05,3.3e-07,3e-06,0.1177679,5e-06,0.00025408
pxEimPrae1,0.13106198,0.61178007,0.00835988,0.01948251,0.02255248,0.00174475,0.00368411,0.00011196,3.33e-06,1.466e-05,7.531e-05,0.00014162,0.00027391,0.00178807,0.00054049,4.67e-06,0.00254548,0.00021326,0.00026325,0.00021393,0.00027158,0.00035322,0.00024025,0.00102166
qcStrAcum1,0.48803,0.29151333,0.04068433,0.028718,0.002426,0.059259,0.02629833,0.00216667,3.67e-06,2.133e-05,0.000973,0.00012667,0.00011667,0.000272,0.00044033,4.33e-06,4.7e-05,0.000887,6.733e-05,5.533e-05,2.67e-06,6.333e-05,0.000156,4.733e-05
qhLepNord3,0.40192867,0.327301,0.08420933,0.03948533,0.113333,0.002183,0.00119,0.000464,0.0,5.67e-06,0.00015767,0.00262033,2.867e-05,1.133e-05,4.1e-05,1.67e-06,1.2e-05,6.367e-05,3.67e-06,1.267e-05,2.67e-06,2.867e-05,9.133e-05,8e-06
qqAmaFero1,0.24478167,0.43285,0.008917,0.045731,0.23829233,0.006767,0.00166133,5.9e-05,6.7e-07,8.4e-05,4.7e-05,6.367e-05,3.3e-05,5.7e-05,0.000101,0.0,4.967e-05,8.4e-05,1.967e-05,6.7e-07,1.333e-05,2.1e-05,1.733e-05,2.433e-05
qqArgBrue1,0.22457148,0.39404865,0.02981406,0.07405132,0.24263945,0.00376008,0.01114795,0.00025991,6e-06,3.599e-05,0.00015262,8.031e-05,0.00014795,0.00030956,1.033e-05,9.66e-06,3.665e-05,2.099e-05,1.166e-05,0.00011496,8.66e-06,9.997e-05,3.699e-05,6.7e-07
qqMetBour1,0.21229176,0.43621641,0.10378826,0.01654718,0.20763154,0.00143448,0.00516372,0.00019607,1.667e-05,4.568e-05,9.236e-05,4.235e-05,8.003e-05,0.00021174,8e-06,5.168e-05,2.467e-05,7.369e-05,7.67e-06,5.34e-06,4.301e-05,0.0002891,3.668e-05,3.67e-06
qqOdiSpin1,0.55842538,0.30347435,0.02769587,0.01063258,0.08601266,0.00090473,0.00239474,3.331e-05,1.366e-05,3.031e-05,0.00011825,4.33e-05,0.00016422,0.00013791,7.695e-05,1.199e-05,7.99e-06,4.763e-05,7.33e-06,2.33e-06,3.431e-05,0.00058195,3.797e-05,2.165e-05
qqParLuna2,0.50158714,0.20903132,0.02308597,0.06542253,0.15506598,0.00466078,0.00343719,0.00014795,1e-05,3.699e-05,8.73e-05,3.799e-05,1.933e-05,1.33e-06,1.699e-05,2.67e-06,2.732e-05,1.599e-05,6.231e-05,7.33e-06,1.999e-05,9.66e-06,2.066e-05,4e-06
qqTetMont2,0.56493273,0.21123077,0.04144023,0.03221412,0.11828205,0.00635897,0.00975325,0.00085082,1e-06,2.864e-05,6.46e-05,3.23e-05,8.125e-05,0.00016051,6.727e-05,6.993e-05,8.66e-06,4.029e-05,6.99e-06,2.66e-06,1.998e-05,0.00017749,3.596e-05,2.264e-05
qxSacCarc1,0.46803332,0.3007051,0.00217094,0.00435888,0.12267611,0.01381539,0.01498001,0.00019727,0.0,0.00023292,0.00093302,4.299e-05,0.00014095,0.0001083,0.00017861,3.732e-05,1.333e-05,0.00013929,0.00010063,0.00012562,1.67e-06,3.999e-05,8.33e-06,0.00014395
rZooViv1,0.29154803,0.11405937,0.45794763,0.0518966,0.06099733,0.01124249,0.0007008,0.00012241,3.3e-07,2.468e-05,0.00044997,5.537e-05,2.33e-06,4.103e-05,9.44e-05,4.636e-05,0.00032855,3.836e-05,4.34e-06,4.34e-06,1.868e-05,1.401e-05,4.37e-05,8.34e-06
sRajBra1,0.34292905,0.17500433,0.36023951,0.02101932,0.08608294,0.00303598,0.00125416,8.061e-05,3.098e-05,3.964e-05,0.00012791,4.863e-05,5.563e-05,3.431e-05,1.632e-05,1e-06,5.73e-05,0.00011326,9.66e-06,2.931e-05,1e-06,4.231e-05,5.263e-05,2e-06
tnLinLong1,0.52150767,0.21241761,0.05724583,0.14323282,0.03743362,0.009003,0.00738159,0.00012208,1e-06,0.00018245,0.00013576,4.436e-05,3.803e-05,1.835e-05,2.268e-05,2.668e-05,1.801e-05,0.00011775,5.304e-05,1.101e-05,2.068e-05,0.00042161,9.34e-06,1.935e-05
tzBugNeri2,0.15639039,0.36084952,0.11110711,0.22570571,0.01073407,0.09882749,0.00269369,0.00024525,3.036e-05,1.134e-05,0.00020087,2.669e-05,8.141e-05,0.0010951,0.00023857,7.01e-06,4.34e-06,0.00014548,2.436e-05,1.602e-05,1.235e-05,5.506e-05,7.207e-05,6.34e-06
tzBugStol2,0.15495237,0.4694567,0.1555543,0.17239374,0.02033045,0.01677715,0.00080446,0.00018688,3.3e-07,2.199e-05,2.798e-05,1.133e-05,4.83e-05,8.294e-05,5.53e-05,5.33e-06,1.899e-05,0.00010626,3.3e-07,3.3e-07,9.33e-06,0.00018921,2.298e-05,1.899e-05
tzCryPall5,0.18121319,0.41697901,0.13468055,0.17833078,0.02201166,0.01813225,0.00573651,0.00016722,2.765e-05,6.33e-06,0.00019387,1.832e-05,4.397e-05,0.00042139,0.00176516,3.897e-05,4e-06,0.00047868,2.698e-05,5.763e-05,5.63e-05,6.163e-05,6.929e-05,6.096e-05
tzMemMemb1,0.58074858,0.09773526,0.22764502,0.04132201,0.01940593,0.01121978,0.00695871,0.0001675,3.73e-05,4.063e-05,0.00010823,3.33e-06,4.33e-06,0.00031202,0.00042924,3.497e-05,3.164e-05,0.00016084,1.365e-05,1.67e-06,1.166e-05,4.962e-05,3.596e-05,4.362e-05
tzWatSuba1,0.20912887,0.24339194,0.20428172,0.14268398,0.04580186,0.02332701,0.00365068,0.00020613,2e-06,2.098e-05,0.0012704,2.697e-05,1.066e-05,0.00025441,0.00040892,2.364e-05,9.32e-06,0.00117483,0.0002674,1e-06,2e-06,0.00015618,0.00043889,0.0001049
ucDunPrim2,0.12022167,0.07591167,0.00965467,0.214208,0.00409667,0.00719767,0.00162333,0.03468167,7.67e-06,4.4e-05,0.00021467,0.51607667,6.33e-06,0.000156,0.00011633,1.767e-05,0.00028567,0.00029333,5.4e-05,3.3e-07,7.33e-06,9.933e-05,5.67e-06,3.3e-07
ucPycProv1,0.51976708,0.15822759,0.00675741,0.02686138,0.04985705,0.0007974,0.17874608,0.00019027,0.0,0.00013862,0.00037454,0.00028957,0.00234155,0.00010297,0.00013829,0.00022826,3.67e-06,1.333e-05,3.665e-05,0.00011563,6.7e-07,0.02036288,0.00379474,0.00035988
wcApoIcte1,0.31602532,0.41008728,0.04062725,0.13396103,0.04734144,0.00072918,0.03871386,5.23e-05,1.33e-06,1.233e-05,0.00013291,3.564e-05,8.33e-06,2.132e-05,2.698e-05,3.698e-05,0.00012858,1.965e-05,1.566e-05,8.66e-06,7.495e-05,2.798e-05,4.66e-06,5.53e-05
wcLumRube1,0.25593833,0.389076,0.05192533,0.16824633,0.10221667,0.00198167,0.00745633,0.00023,3.3e-07,1.7e-05,4.8e-05,2.767e-05,4.4e-05,0.00030767,2.867e-05,3.8e-05,4.3e-05,4.2e-05,4.633e-05,2.033e-05,1.6e-05,4.033e-05,1.467e-05,2.8e-05
wcLumTerr1,0.252776,0.33630133,0.022242,0.20919933,0.14130067,0.00084167,0.01052167,8.533e-05,0.0,9.67e-06,6.067e-05,2.933e-05,4.933e-05,6.867e-05,2.067e-05,1.933e-05,5.867e-05,5e-05,1.833e-05,2.167e-05,3e-06,1.333e-05,4.3e-05,9.67e-06
wdMagJohn1,0.48476908,0.23424459,0.14197901,0.05765811,0.02145218,0.04000367,0.00783406,8.064e-05,0.0,4.565e-05,0.00013329,2.599e-05,1.999e-05,0.00102066,8.997e-05,5e-06,6.798e-05,2.632e-05,9.064e-05,3.699e-05,2.699e-05,0.00010263,9e-06,1.899e-05
wkErpOcto2,0.45216011,0.2767982,0.03652468,0.11170414,0.02987825,0.00225317,0.00995697,0.00035157,1.67e-06,3.102e-05,0.00092795,1.034e-05,8.672e-05,0.0003499,0.00033856,2.268e-05,3.602e-05,0.00118512,0.00017378,2.33e-06,2.368e-05,0.00020947,0.00015143,8.306e-05
wpAchSqua1,0.36417557,0.27027637,0.2505721,0.02711282,0.00934279,0.06683378,0.00569893,0.00010347,6.7e-07,0.00013051,1.402e-05,2.537e-05,1.669e-05,3.872e-05,2.437e-05,6.075e-05,1.101e-05,2.336e-05,2.34e-06,8.34e-06,6.7e-07,2.136e-05,0.00013284,5.01e-06
wpAleGela1,0.49432079,0.33831479,0.06381146,0.05927848,0.01221419,0.01548634,0.00827715,0.00027149,7e-06,0.00036809,2.598e-05,1.899e-05,6.063e-05,3.997e-05,1.799e-05,8.33e-06,3.464e-05,9.26e-05,1.865e-05,0.0,2.165e-05,3.398e-05,2.998e-05,4.564e-05
wpAliVire1,0.49908976,0.12958091,0.24132766,0.08145279,0.0143964,0.01371538,0.00778712,0.00021021,2.34e-06,3.837e-05,0.00011411,1.568e-05,8.509e-05,6.039e-05,8.509e-05,7.34e-06,2.536e-05,5.672e-05,1.535e-05,4.34e-06,5.34e-06,3.67e-05,1.068e-05,1.702e-05
wpHarImpa5,0.36876125,0.40751851,0.06470924,0.08213671,0.01258086,0.04537346,0.01081427,0.00019873,1.67e-06,0.00044648,4.602e-05,2.534e-05,0.00011637,0.00015405,8.67e-05,1.434e-05,8.736e-05,7.069e-05,9e-06,2e-06,2.267e-05,8.87e-05,3.434e-05,6.335e-05
wpSthLimi1,0.30655218,0.45576125,0.15877126,0.01585495,0.01542548,0.03108303,0.00752451,0.00026009,2.534e-05,0.00042414,3.668e-05,2.934e-05,4.33e-06,0.00013404,3.401e-05,1.334e-05,2.334e-05,3.134e-05,3.001e-05,4e-06,1.1e-05,9.67e-06,3.668e-05,0.0
wrPisGeom1,0.58015889,0.24405163,0.00692139,0.02647002,0.02698501,0.00438874,0.00544704,0.00037941,3.3e-07,1.932e-05,0.00188374,4.097e-05,0.00015057,0.00019853,0.00042638,9.99e-06,0.00017688,0.00152598,0.00023884,5.66e-06,7.99e-06,0.00019021,0.00034877,0.00016889
wtTerLapi1,0.45945427,0.31701469,0.01586215,0.13954239,0.01340354,0.03095628,0.01056842,0.00026135,8.34e-06,0.0006285,0.00011849,2.069e-05,2.003e-05,0.00019092,2.303e-05,5.107e-05,2.069e-05,6.575e-05,2.57e-05,4.01e-06,2.67e-06,6.008e-05,0.0002984,1.802e-05
xbArcSenh1,0.69384751,0.09937604,0.0491675,0.10746446,0.02395128,0.00290023,0.01103136,0.00014715,1.301e-05,1.068e-05,0.0001011,1.702e-05,4.571e-05,2.002e-05,0.0001348,1.568e-05,0.00017184,1.33e-06,1.301e-05,3.34e-06,2.269e-05,3.003e-05,1.935e-05,5.439e-05
xbAzoCham1,0.39453633,0.19012833,0.03235467,0.153126,0.19419267,0.000973,0.011514,9.1e-05,2.67e-06,1.733e-05,0.00020567,2.5e-05,0.00024333,0.00026433,4.9e-05,0.000215,1.267e-05,4.3e-05,4.5e-05,3.3e-07,5e-06,1.833e-05,0.00011967,0.000212
xbCerEdul1,0.62595262,0.17237804,0.07465199,0.06432266,0.03352286,0.00592526,0.01141608,0.00019786,1.468e-05,7.107e-05,1.535e-05,6.64e-05,4.34e-06,0.00023724,6.406e-05,4.171e-05,1.368e-05,6.006e-05,1.168e-05,2.97e-05,2.603e-05,5.01e-06,9.01e-06,6.173e-05
xbGarTell2,0.58718315,0.13016051,0.05492108,0.04315518,0.14647985,0.00098069,0.01278288,0.00012454,2.131e-05,2.264e-05,0.00029138,2.731e-05,0.00042058,8.991e-05,4.895e-05,4.163e-05,2.831e-05,3.83e-05,2.964e-05,1.265e-05,2.464e-05,4.562e-05,5.128e-05,0.00018681
xbLutLutr1,0.57632833,0.09764033,0.05781367,0.14361133,0.10223367,0.002265,0.00774633,0.00013967,1.9e-05,5.167e-05,0.00010567,3e-06,5.6e-05,4.967e-05,4.3e-05,5.567e-05,2.033e-05,2.267e-05,1.733e-05,4e-06,1.233e-05,3.367e-05,6.133e-05,1.667e-05
xbMagGiga1,0.66052649,0.12718227,0.0383079,0.12785038,0.01686305,0.00571776,0.01044652,0.0001906,1.766e-05,3.466e-05,2.666e-05,2.866e-05,7.33e-06,6.465e-05,0.00017294,0.0001986,5.598e-05,4.265e-05,3.232e-05,1.1e-05,2e-06,1.566e-05,9.464e-05,5.33e-06
xbMimVari1,0.58731567,0.15253433,0.02347867,0.13184967,0.07867033,0.002129,0.00965233,0.000101,2.033e-05,3.67e-06,8.633e-05,6e-05,4.6e-05,8.333e-05,0.00011133,1.8e-05,9.267e-05,5.933e-05,3.3e-07,6.7e-07,6.33e-06,1.1e-05,4.933e-05,7.33e-06
xbMytEdul2,0.62144167,0.17293933,0.040793,0.070054,0.06419567,0.005588,0.011387,0.000325,8.67e-06,1.833e-05,0.000279,7.67e-06,1.233e-05,6.567e-05,1.33e-06,1.467e-05,1.767e-05,1.67e-06,3.67e-06,2.67e-06,6e-06,4.5e-05,2e-05,3e-06
xbOstEdul1,0.20808861,0.42445203,0.13281612,0.04779214,0.1707948,0.00193904,0.0022455,0.00017455,1.33e-06,1.033e-05,0.00010859,0.00041472,9.99e-06,2.66e-06,2.099e-05,5.63e-05,4.264e-05,1.432e-05,6e-06,6.66e-06,4.66e-06,2.232e-05,0.00015956,3.631e-05
xbSpiSubt1,0.64104236,0.07766144,0.06797098,0.06572815,0.11862942,0.00436658,0.00897332,0.00010874,6e-06,3.369e-05,4.103e-05,4e-06,4.27e-05,5.504e-05,3.903e-05,6.34e-06,0.00013876,8.01e-06,0.00011207,1.301e-05,4.34e-06,1.868e-05,4.169e-05,2.835e-05
xgAniVort1,0.66912579,0.14064231,0.06237004,0.01458659,0.08412412,0.00270337,0.00875809,0.00040974,4.67e-06,1.835e-05,0.00035202,9.68e-06,2.336e-05,0.00014581,0.0002329,7.01e-06,1.869e-05,0.00018986,1.268e-05,6.7e-07,1.67e-06,2.669e-05,9.009e-05,1.568e-05
xgGibMagu1,0.67341977,0.17827064,0.06299201,0.01620273,0.03658955,0.00076997,0.01089947,0.00018309,2.064e-05,1.365e-05,0.00045839,2.763e-05,5.393e-05,1.365e-05,0.00011152,0.00024933,4.594e-05,3.096e-05,6.99e-06,1.265e-05,2.929e-05,3.229e-05,0.00014913,4.76e-05
xgPatDepr1,0.32001133,0.277406,0.09948967,0.043233,0.15591667,0.01576367,0.007664,0.00027233,1.167e-05,4.7e-05,0.00064667,5.533e-05,6.3e-05,0.0001,6.333e-05,1.1e-05,8e-06,0.000157,2.5e-05,4e-06,9.67e-06,4.33e-06,0.00066567,7.3e-05
xgPatPell1,0.5463966,0.15083483,0.06705528,0.04097436,0.09394139,0.02801132,0.01136663,0.00015351,1.865e-05,7.726e-05,0.00120646,5.395e-05,6.66e-06,6.46e-05,0.00023876,6.86e-05,6.161e-05,5.961e-05,2.831e-05,2.997e-05,9.32e-06,2.165e-05,0.00023177,3.66e-06
xgPatUlys2,0.30095868,0.35910596,0.08234155,0.05092236,0.12362512,0.0136871,0.00634955,0.00017061,1e-05,8.264e-05,0.00082739,0.0001033,3.232e-05,0.0001043,0.00011829,9.763e-05,7.33e-06,0.00011729,1.066e-05,1.33e-06,5.33e-06,1.866e-05,0.00041586,6.631e-05
xgPatVulg1,0.32771143,0.27884472,0.13501266,0.01736188,0.11341519,0.02147451,0.00886138,0.00026824,7e-06,3.599e-05,0.00189903,3.232e-05,1.999e-05,4.798e-05,8.231e-05,0.00021093,2.433e-05,3.899e-05,2.33e-06,4e-06,3.3e-07,1e-06,0.00216328,1.3e-05
xgPhoLine1,0.67041208,0.19988255,0.05303337,0.03710277,0.01527261,0.00361061,0.01132766,0.00016617,0.0,6.34e-05,6.874e-05,5.138e-05,1.001e-05,8.208e-05,6.94e-05,0.0001021,3.57e-05,1.401e-05,4.67e-06,1.168e-05,1e-06,1.235e-05,2.503e-05,2.202e-05
PHORD0020b,0.67775167,0.1985514,0.04697664,0.03791255,0.01569192,0.0034476,0.01046963,0.00029806,3e-06,2.904e-05,0.00014319,4.84e-05,1.669e-05,9.312e-05,5.774e-05,1.669e-05,4.673e-05,1.936e-05,2.537e-05,1.736e-05,4.34e-06,2.67e-06,6.242e-05,2.737e-05
PHORD0021b,0.67604271,0.19940674,0.0461952,0.03849816,0.01566466,0.0036026,0.01077144,0.00029696,3e-06,7.708e-05,6.039e-05,9.576e-05,7.574e-05,4.638e-05,0.00012713,2.769e-05,4.67e-06,1.67e-06,1.201e-05,3.3e-07,2.736e-05,3.237e-05,5.572e-05,5.172e-05
PHORD0023b,0.68341889,0.19321128,0.04644326,0.0384763,0.01556709,0.00328171,0.01074299,0.00021696,0.0,1.202e-05,5.808e-05,1.802e-05,7.21e-05,2.27e-05,3.471e-05,1.001e-05,1.035e-05,6.68e-06,3.3e-07,1e-06,0.0,6.575e-05,4.907e-05,2.437e-05
PHORD0024b,0.67644021,0.20009519,0.04753808,0.03669339,0.01625852,0.00333233,0.01023213,0.00031296,0.0,3.106e-05,0.00012826,7.649e-05,0.00010721,6.446e-05,1.136e-05,0.00014763,7.01e-06,4.743e-05,1.436e-05,4.275e-05,1.069e-05,1.804e-05,9.619e-05,4.409e-05
PHORD0030b,0.67986883,0.19569426,0.04883144,0.03503605,0.01606943,0.00368124,0.01082877,0.00029272,1.34e-06,5.908e-05,0.00011148,2.971e-05,9.78e-05,4.072e-05,5.808e-05,6.041e-05,1.368e-05,6.275e-05,7.34e-06,4.372e-05,3.438e-05,1.135e-05,5.34e-06,4.306e-05
PHORD0031b,0.67474933,0.20092267,0.0468,0.03913467,0.015037,0.003018,0.01076133,0.00018133,7.33e-06,2.033e-05,0.00013,0.00010433,5.667e-05,6.633e-05,5.933e-05,7.867e-05,2.267e-05,5e-05,1.5e-05,3.67e-06,2.3e-05,3.4e-05,6.267e-05,2.2e-05
PHORD0034b,0.68298098,0.19311778,0.0471328,0.03748382,0.01561428,0.00359693,0.01063463,0.00031698,3.403e-05,5.305e-05,0.00011845,1.201e-05,2.97e-05,5.172e-05,6.306e-05,4.471e-05,3.403e-05,2e-06,1.168e-05,2.34e-06,1.235e-05,5.405e-05,0.0001031,3.871e-05
PHORD0038b,0.67655222,0.20010978,0.04587654,0.03882516,0.01545812,0.00327694,0.01023357,0.00017784,7.01e-06,3.804e-05,0.0001041,3.871e-05,5.506e-05,7.01e-06,6.874e-05,8.242e-05,4.004e-05,2.503e-05,1.668e-05,5.34e-06,9.34e-06,4.638e-05,0.00013347,1.902e-05
PHORD0051b,0.67845576,0.19900768,0.04638531,0.0364207,0.0165222,0.00342137,0.00999265,0.00023539,0.0,4.207e-05,9.115e-05,1.002e-05,6.01e-05,7.513e-05,8.815e-05,9.683e-05,4.975e-05,3.573e-05,1.169e-05,6.68e-06,1.302e-05,1.035e-05,0.00012321,1.302e-05
PHORD0058b,0.68304438,0.19523557,0.04989857,0.03371205,0.01589923,0.00309243,0.00952085,0.00015148,1.33e-06,5.305e-05,8.075e-05,6.206e-05,2.269e-05,0.00010644,9.042e-05,6.306e-05,2.536e-05,3.437e-05,2e-06,3.3e-07,4.34e-06,7.34e-06,9.443e-05,6.907e-05
PHORD0060b,0.67761433,0.197599,0.048141,0.03803833,0.01632967,0.00314833,0.010319,0.00027867,1.33e-06,2.333e-05,9.7e-05,2.933e-05,2.8e-05,5.2e-05,6.233e-05,3.933e-05,1.867e-05,3.667e-05,2.433e-05,2.333e-05,1.267e-05,4.67e-06,2.967e-05,2.367e-05
xgPhoLine2,0.68074817,0.19590961,0.04808873,0.03600367,0.01586991,0.00323349,0.01050934,0.00016344,0.0,1.901e-05,0.00012342,0.00010107,3.402e-05,7.605e-05,4.503e-05,7.205e-05,4.136e-05,4.47e-05,4.003e-05,5.34e-06,7e-06,2.902e-05,5.737e-05,3.736e-05
xgSteCine2,0.738806,0.140357,0.05310033,0.01905733,0.022675,0.00152367,0.010157,0.00014067,1.033e-05,3e-06,0.00025067,5.33e-06,2.233e-05,6.6e-05,4.033e-05,0.00011067,0.00011867,3.233e-05,3.33e-06,1.67e-06,1.133e-05,7.267e-05,0.00012133,9.67e-06
xpLepCine2,0.32068112,0.40822715,0.05353269,0.07042762,0.11382622,0.00513809,0.00880454,9.873e-05,4.47e-05,5.47e-05,9.506e-05,7e-06,4.536e-05,0.00011908,5.404e-05,1.801e-05,0.00015143,1.568e-05,1.634e-05,1.67e-06,4.34e-06,2.435e-05,9.673e-05,5.34e-06
