,1,2,3,4,5,6,7,8,9,10,11,12,13,14,15,16,17,18,19,20,21,22,23,24,25,26,27,28,29,30,31,32,33,34,35,36,37,38,39,40,41,42,43,44,45,46,47,48,49,50,51,52,53,54,55,56,57,58,59,60,61,62,63,64,65,66,67,68,69,70,71,72,73,74,75,76,77,78,79,80,81,82,83,84,85,86,87,88,89,90,91,92,93,94,95,96,97,98,99,100,101,102,103,104,105,106,107,108,109,110,111,112,113,114,115,116,117,118,119,120,121
bAccGen1,0.06665788,0.51193052,0.00923814,0.00545184,0.12871634,0.00747197,0.00153426,0.01447484,0.00322808,0.00483469,0.00202252,0.00077192,0.00161428,0.00025491,0.00130426,0.00042214,0.00103162,0.0001677,0.00120125,0.00024629,0.00018783,0.00151366,0.00012841,0.00088356,0.00112554,0.00014566,0.00032631,0.00035649,3.977e-05,0.00092717,0.00043987,0.00191998,0.00010014,0.0001677,0.00023814,0.00031768,0.00012123,0.00011452,0.00011835,0.00071921,0.00589219,0.0001241,3.546e-05,0.00021562,3.35e-06,3.69e-05,0.00012698,9.487e-05,7.044e-05,0.00033206,8.864e-05,0.00027312,0.00011787,7.19e-06,1.821e-05,2.731e-05,0.00028701,6.756e-05,6.037e-05,0.00025874,6.852e-05,0.00121227,0.00013656,6.469e-05,2.396e-05,3.737e-05,0.00020652,0.00043028,0.00016195,7.523e-05,0.0003862,0.00018448,0.00024245,0.00017585,2.108e-05,9.008e-05,5.846e-05,4.217e-05,7.475e-05,0.00018064,6.229e-05,0.00011548,4.217e-05,7.523e-05,0.00010014,8.002e-05,0.00014327,1.821e-05,0.00011787,6.469e-05,7.619e-05,0.00012075,2.683e-05,4.264e-05,3.785e-05,0.00022472,0.00013464,7.19e-06,9.58e-06,0.00636512,4.121e-05,0.00013273,0.00026689,3.594e-05,2.635e-05,5.271e-05,0.00014471,0.00018448,1.102e-05,7.235e-05,6.277e-05,3.45e-05,3.162e-05,8.098e-05,3.929e-05,7.187e-05,5.51e-05,1.198e-05,7.954e-05,2.3e-05,3.35e-06
bAnaAcu1,0.08358652,0.45073996,0.09235516,0.02682983,0.00072228,0.00121989,0.00427247,0.00787763,0.00091969,0.0149914,0.00052486,0.0001673,0.00875956,0.0005956,0.00149713,0.00219264,0.00034465,0.00023662,0.0009087,0.00047801,0.00025048,0.00150621,0.00018212,0.00035612,0.0003566,0.00041922,0.00022753,0.00046511,4.637e-05,0.00102008,0.00033939,0.00021319,0.00141587,0.00038528,7.553e-05,0.00017208,0.00017782,0.00024187,0.00015392,0.0004761,0.00020554,0.00098757,0.00026721,0.00019025,0.00021176,0.00032983,0.00241061,9.847e-05,0.00017304,0.00023757,2.151e-05,5.88e-05,0.00010277,4.971e-05,2.916e-05,6.597e-05,0.0001783,0.00037189,2.199e-05,8.413e-05,0.00010516,0.00022753,0.00016874,0.00017447,0.00020698,0.00016013,0.00073757,0.00027342,0.0001262,0.0001912,0.00312189,3.824e-05,0.00035516,9.56e-05,3.155e-05,0.00019073,0.00204398,2.486e-05,0.0001109,1.816e-05,5.736e-05,3.824e-05,1.43e-06,0.00013815,0.00015249,6.023e-05,6.405e-05,3.489e-05,0.00013576,0.0001826,5.688e-05,5.975e-05,0.00017782,0.00080258,1.53e-05,0.00066444,4.685e-05,3.059e-05,0.00019073,0.00019073,0.00017782,9.321e-05,0.00016778,2.868e-05,5.115e-05,0.00012285,0.00095507,8.556e-05,8.6e-06,0.0001066,2.629e-05,7.457e-05,0.0001238,2.008e-05,0.00010038,0.00017734,4.971e-05,1.243e-05,8.413e-05,7.887e-05,6.21e-06
bAnsBra1,0.01227316,0.45094269,0.03471299,0.00213801,0.00252722,0.00188109,0.00072779,0.00265043,0.01327125,0.00309742,0.01737775,0.00057498,0.00117049,0.00015759,0.00048663,0.00066237,0.00040019,9.933e-05,0.00057307,0.00010124,0.00021968,0.01737058,0.00013276,0.00133477,0.00015377,0.00052245,0.00056829,0.00012989,2.531e-05,0.00013133,0.00011414,0.00029895,0.00028749,9.169e-05,6.017e-05,0.00016094,0.00015568,4.441e-05,6.208e-05,6.351e-05,5.778e-05,0.00019675,6.399e-05,0.00113897,0.00032044,0.00080181,0.00513658,0.00020535,1.671e-05,0.00082139,1.719e-05,3.486e-05,0.00065664,0.00016571,1.289e-05,7.641e-05,7.832e-05,1.194e-05,3.247e-05,0.00015616,4.919e-05,4.107e-05,3.2e-05,9.742e-05,0.00013658,7.927e-05,9.312e-05,3.104e-05,4.489e-05,7.689e-05,3.247e-05,9.456e-05,8.166e-05,5.062e-05,0.00030659,7.16e-06,0.03276074,5.158e-05,4.394e-05,8.071e-05,0.00010984,3.2e-05,5.062e-05,4.059e-05,1.433e-05,2.865e-05,4.489e-05,5.444e-05,0.00017144,2.913e-05,2.579e-05,5.25e-06,2.436e-05,0.00018338,5.969e-05,0.00011318,1.958e-05,1.862e-05,5.301e-05,8.6e-06,3.247e-05,2.388e-05,1.146e-05,3.34e-06,2.961e-05,9.217e-05,2.483e-05,2.006e-05,1.48e-05,6.686e-05,6.734e-05,3.82e-06,4.059e-05,3.056e-05,7.402e-05,2.483e-05,2.722e-05,6.734e-05,4.78e-06,3.2e-05,4.8e-07
bCinCin1,0.0198093,0.47476186,0.00486823,0.00242645,0.00076713,0.00127935,0.0016689,0.0056459,0.00060805,0.01585913,0.00524102,0.00040201,0.00160949,0.00056732,0.00092333,0.00024485,0.00019166,5.558e-05,0.00043891,0.00100048,0.00031864,0.0018874,6.948e-05,0.000138,0.00017202,0.00071586,0.00043268,0.00025252,0.00014231,0.00022616,0.00011356,0.00263967,0.00046574,0.00020843,8.05e-05,0.00151366,0.00029899,3.881e-05,6.708e-05,0.00027504,0.00022904,0.00012554,0.00012171,0.00103498,2.587e-05,0.00012314,8.146e-05,0.00011835,0.00014327,4.025e-05,1.581e-05,2.827e-05,0.00026066,0.00035745,5.079e-05,0.00023479,1.39e-05,2.204e-05,0.00016531,0.00012171,2.348e-05,6.325e-05,0.00012889,0.00011452,4.792e-05,0.00037997,3.258e-05,3.402e-05,1.054e-05,8.05e-05,3.067e-05,0.00017154,0.00015812,2.156e-05,0.00047293,4.983e-05,0.00037758,0.00025443,4.648e-05,0.00093579,2.108e-05,6.181e-05,4.312e-05,0.00012937,4.312e-05,0.00018927,1.054e-05,3.785e-05,4.887e-05,0.00022616,0.00021035,1.006e-05,3.785e-05,6.325e-05,2.252e-05,0.0001126,4.36e-05,3.498e-05,4.312e-05,2.012e-05,3.977e-05,7.714e-05,3.642e-05,8.529e-05,0.00013321,3.594e-05,6.421e-05,5.75e-05,4.552e-05,7.67e-06,6.373e-05,0.00031193,1.39e-05,6.325e-05,5.51e-05,2.012e-05,1.054e-05,1.92e-06,1.246e-05,2.444e-05,0.0
bClaHye2,0.02971552,0.433375,0.05017672,0.03413889,0.00644971,0.00700096,0.00838889,0.00334052,0.02117098,0.01962213,0.00367577,0.00050239,0.00158046,0.00026628,0.00230987,0.00255364,0.00027395,0.00024617,0.01097318,0.00020307,0.00038793,0.00164943,0.0010182,0.00111494,0.00997031,0.00058429,0.00073228,0.00048707,0.00013649,0.00085393,0.00053496,0.0005,0.00022653,0.00196073,0.00045642,6.753e-05,4.981e-05,6.609e-05,0.00165565,0.00014272,0.00033285,4.789e-05,0.000466,9.674e-05,0.00037021,5.556e-05,0.00019397,0.00023467,0.00011207,0.00033381,2.826e-05,5.46e-05,6.226e-05,0.00015709,3.448e-05,3.64e-05,9.58e-06,7.18e-06,7.902e-05,0.0006001,0.00014559,3.975e-05,9.052e-05,0.00013697,0.00011351,1.772e-05,0.00011207,3.831e-05,2.059e-05,9.531e-05,1.628e-05,9.818e-05,5.75e-06,0.00038745,0.00014464,0.00029789,0.01157807,3.975e-05,0.00030939,4.55e-05,5.603e-05,0.00010249,2.011e-05,2.826e-05,3.736e-05,0.00010057,1.437e-05,0.00021839,0.00026054,0.00019397,7.232e-05,0.00016715,8.956e-05,0.00020833,1.197e-05,5.46e-05,1.964e-05,6.23e-06,0.00015469,0.00015852,0.00025335,6.418e-05,2.251e-05,0.00016906,5.795e-05,0.00016762,1.533e-05,4.79e-06,0.00012644,7.328e-05,2.347e-05,0.00014559,4.502e-05,4.358e-05,6.849e-05,6.992e-05,0.00012644,8.62e-06,6.7e-06,2.107e-05,2.299e-05
bFriCoe1,0.01086152,0.28008816,0.09636176,0.0113311,0.00312602,0.00061428,0.00141112,0.01117154,0.00099904,0.01446862,0.01483613,0.00021466,0.00051318,0.00075803,0.00052228,0.00044418,0.0001495,0.00018975,0.00050168,0.00025491,0.00019262,0.13287159,0.00016243,0.00028079,5.319e-05,0.00252611,0.00255486,0.00039483,4.504e-05,8.433e-05,0.00011356,0.007931,0.00032343,0.00054432,6.852e-05,0.00091711,0.0001035,6.517e-05,2.492e-05,0.00017345,5.846e-05,7.81e-05,6.277e-05,0.00027024,2.012e-05,0.00017202,0.00063776,0.0003608,3.833e-05,0.00057163,1.629e-05,6.037e-05,0.0004116,5.989e-05,0.00044034,2.731e-05,4.744e-05,8.62e-06,3.498e-05,0.00090896,0.00039243,4.935e-05,8.96e-05,0.00021754,4.983e-05,1.294e-05,7.67e-06,5.942e-05,2.779e-05,0.00048874,6.852e-05,6.517e-05,2.779e-05,5.894e-05,6.469e-05,2.108e-05,0.00054193,8.05e-05,7.379e-05,0.00022233,5.75e-05,3.45e-05,0.00018687,4.935e-05,6.133e-05,3.258e-05,3.21e-05,2.108e-05,0.00019837,7.714e-05,6.229e-05,3.642e-05,4.935e-05,4.121e-05,3.019e-05,4.887e-05,5.414e-05,1.773e-05,4.504e-05,7.092e-05,9.6e-07,8.529e-05,3.498e-05,1.246e-05,3.977e-05,5.079e-05,8.385e-05,7.619e-05,2.444e-05,1.725e-05,9.391e-05,4.36e-05,3.929e-05,6.71e-06,4.025e-05,4.36e-05,1.054e-05,1.39e-05,0.00010014,1.773e-05,0.0
bLarFus1,0.22064006,0.50135086,0.00469073,0.01981644,0.004337,0.00437572,0.00166348,0.00408365,0.00437285,0.00248184,0.00261711,0.00055641,0.01861807,0.00058078,0.00786329,0.00348423,0.0457782,0.00030306,0.02308556,0.0001391,0.00111424,0.00633222,0.00025717,0.00068881,0.0004283,0.00053346,0.00028776,0.00039245,0.00010038,0.0004283,0.00020124,0.00051291,0.00034799,0.00064627,0.00014771,9.321e-05,6.74e-05,0.00018021,0.00017161,0.00057648,0.00016348,0.00012859,0.00013289,0.00025669,7.266e-05,0.00015918,0.0001826,0.00014914,8.13e-06,0.00031836,5.306e-05,0.00025717,2.39e-05,0.00011807,0.00024665,6.358e-05,0.00015344,0.0217065,5.402e-05,3.633e-05,7.935e-05,0.00020411,4.111e-05,7.792e-05,5.545e-05,0.00016922,6.214e-05,0.0015043,3.728e-05,0.00015535,0.00036424,1.243e-05,8.174e-05,4.685e-05,1.816e-05,7.648e-05,3.92e-05,1.91e-06,3.585e-05,5.163e-05,0.00068069,0.00017543,5.975e-05,0.00012572,4.063e-05,0.00015488,1.195e-05,0.00010134,0.00027151,3.872e-05,9.799e-05,0.00025621,8.843e-05,0.0001262,2.629e-05,0.00029828,3.394e-05,5.258e-05,2.725e-05,0.00013241,2.533e-05,8.365e-05,0.00010134,5.26e-06,3.585e-05,1.721e-05,5.21e-05,2.82e-05,1.673e-05,0.00027294,2.916e-05,0.00011233,6.883e-05,6.644e-05,1.769e-05,0.00033891,0.00012572,4.493e-05,9.56e-05,8.891e-05,2.87e-06
bPhaCar2,0.08798995,0.51055002,0.01107611,0.05360555,0.00335711,0.00965438,0.0018023,0.01054332,0.00345907,0.00450072,0.00294926,0.00061991,0.00178315,0.00018238,0.00329631,0.00087219,0.00024797,8.76e-05,0.00233605,0.00013068,0.00079703,0.00152226,9.478e-05,0.000573,0.00084442,0.00110962,0.00062805,0.0005596,3.255e-05,0.00020919,0.00026807,0.00013499,0.00051173,0.00030397,0.00057492,0.00051891,0.00076304,0.00022834,6.175e-05,0.00017951,0.0002786,0.0003303,0.00033509,0.00037674,0.00011154,5.409e-05,0.00014935,0.00018909,9.047e-05,8.76e-05,4.548e-05,6.941e-05,0.00024126,0.00014505,5.17e-05,0.00048731,0.00017281,5.74e-06,5.744e-05,0.00015845,0.00065582,3.064e-05,0.00014983,0.00035424,0.00013787,0.00089947,0.0022877,0.00011249,4.117e-05,0.00015127,0.00015701,4.021e-05,0.00013787,7.707e-05,7.707e-05,0.00019531,0.00051316,3.782e-05,0.00049928,0.00013451,0.00013308,0.00013164,3.303e-05,9.574e-05,0.00028626,2.633e-05,9.191e-05,4.26e-05,0.00019148,8.76e-05,5.27e-06,0.00018861,4.79e-06,0.00017425,2.776e-05,0.00032887,3.734e-05,2.537e-05,5.744e-05,0.00015223,4.069e-05,5.314e-05,7.611e-05,3.159e-05,5.074e-05,2.202e-05,9e-05,9.239e-05,3.782e-05,9.526e-05,0.00025467,7.516e-05,1.628e-05,7.037e-05,7.324e-05,4.117e-05,1.532e-05,5.27e-06,0.00012303,3.638e-05,2.87e-06
bTetUro1,0.13270949,0.43446405,0.00689645,0.00165724,0.0029209,0.00271141,0.00196453,0.00402589,0.00255417,0.08402924,0.00058773,0.00567066,0.08029962,0.00077325,0.00339358,0.00117929,0.01056184,0.0003581,0.00058725,0.00052397,0.0003605,0.00155034,9.204e-05,0.00034468,0.00351294,0.00016347,0.00030393,0.00020182,4.027e-05,0.0010187,3.5e-05,0.00057143,0.00016635,0.00015676,0.00015244,1.87e-05,3.404e-05,0.00018121,0.00064765,7.287e-05,3.356e-05,0.00012128,0.00014861,7.191e-05,0.00010163,0.00021381,0.00030345,6.903e-05,0.00011361,0.00018552,0.0001232,0.00014238,3.452e-05,5.753e-05,4.458e-05,0.00011361,3.787e-05,0.00020326,0.00032694,7.91e-05,5.465e-05,0.00011841,3.931e-05,6.52e-05,0.00021524,0.00084708,0.00015772,7.67e-05,4.65e-05,2.445e-05,3.452e-05,7.19e-06,3.02e-05,0.00018169,9.6e-07,0.00017402,8.917e-05,5.465e-05,0.00041323,7.718e-05,0.00017881,0.00070662,4.314e-05,0.00011601,7.622e-05,5.896e-05,4.89e-05,1.438e-05,5.705e-05,0.00010259,4.794e-05,0.00027852,3.5e-05,0.00014765,7.67e-05,8.341e-05,3.547e-05,2.013e-05,7.958e-05,6.52e-05,1.582e-05,1.151e-05,4.79e-06,3.36e-06,7.19e-06,5.992e-05,0.00016826,7.622e-05,9.588e-05,0.00023826,0.0001232,1.246e-05,7.191e-05,4.219e-05,2.493e-05,4.554e-05,4.123e-05,3.116e-05,4.746e-05,2.109e-05,2.157e-05
daAjuCham1,0.06344253,0.0152251,0.0192773,0.28915709,0.00143008,0.00195259,0.00637452,0.00751197,0.00077634,0.01115326,0.00078305,0.00059914,0.00173228,0.00032902,0.00093199,0.00061973,0.00037644,0.00017912,0.00045163,0.00044397,0.00060489,0.00029598,0.0001408,0.00015278,0.00034914,0.00018726,0.00044397,0.00032663,7.232e-05,0.00341762,0.00011638,0.00014368,0.00016188,0.00019828,0.0002227,2.107e-05,0.00012165,0.00088602,2.921e-05,0.00027682,0.00053975,0.00011494,8.142e-05,0.00013793,1.293e-05,9.818e-05,3.831e-05,8.621e-05,9.77e-05,4.262e-05,7.615e-05,0.00112931,0.00078544,6.274e-05,9.866e-05,2.251e-05,4.358e-05,8.429e-05,4.837e-05,0.00010297,0.0001159,9.77e-05,0.00023803,4.119e-05,2.538e-05,0.00012165,0.00030987,0.00024521,4.885e-05,0.00040469,5.22e-05,5.508e-05,0.00011063,0.00018487,0.00028831,1.724e-05,9.435e-05,8.573e-05,3.352e-05,0.00050718,3.209e-05,8.381e-05,2.443e-05,0.00012117,0.00039224,0.00062213,0.00011542,1.149e-05,0.00017577,6.897e-05,9.195e-05,2.155e-05,8.956e-05,0.0001432,8.14e-06,2.778e-05,2.969e-05,1.868e-05,0.0001681,0.00020307,2.107e-05,0.00020163,8.477e-05,1.245e-05,8.764e-05,0.0001068,7.184e-05,5.939e-05,5.987e-05,1.293e-05,1.916e-05,2.059e-05,1.437e-05,0.00036542,6.7e-06,0.00011494,4.885e-05,9.6e-07,0.00035057,0.00064703,1.772e-05
daArcMinu1,0.01821111,0.00762566,0.00238583,0.049663,0.00189708,0.00106367,0.13118143,0.00270129,0.0008808,0.00360172,0.00195069,0.00044615,0.00199426,0.00291431,0.00142317,0.00108521,0.00026472,0.00053997,0.0039574,0.00122259,0.00065486,0.00024079,0.00063523,0.00011489,0.00041934,0.0008765,0.16903255,0.00184203,4.404e-05,0.00048109,0.00010866,0.00079272,0.00025371,0.0002044,3.83e-05,0.0002652,1.197e-05,9.143e-05,0.00032264,5.457e-05,0.00026951,6.845e-05,0.00026999,0.00012398,6.893e-05,0.00015223,0.00010579,0.00017185,4.213e-05,0.0001527,3.303e-05,6.319e-05,0.00032169,0.00062326,0.00015462,8.329e-05,0.00011584,0.00013308,0.00017999,0.00014217,4.404e-05,2.202e-05,0.00018813,0.00013451,7.994e-05,0.00014361,2.585e-05,6.127e-05,0.00016994,6.175e-05,4.069e-05,0.00014265,3.686e-05,0.00017903,4.452e-05,1.149e-05,0.00017329,5.409e-05,9.813e-05,5.601e-05,0.00019292,0.02035759,1.101e-05,4.213e-05,4.548e-05,0.0001393,3.447e-05,1.915e-05,6.367e-05,4.691e-05,4.931e-05,0.00011297,5.936e-05,7.18e-05,4.691e-05,7.228e-05,4.308e-05,0.0137573,0.00020201,0.00023504,9.382e-05,2.154e-05,0.00018047,1.101e-05,2.441e-05,6.175e-05,0.00011489,6.079e-05,3.447e-05,2.776e-05,6.079e-05,1.723e-05,2.441e-05,5.218e-05,5.74e-06,6.079e-05,8.521e-05,1.149e-05,9.287e-05,6.558e-05,1.34e-05
daBalNigr1,0.0304988,0.06637769,0.00140785,0.00486549,0.00474868,0.00133605,0.17966587,0.00164146,0.00107707,0.00298947,0.00645045,0.00043657,0.0079057,0.00064193,0.00164193,0.00043609,0.00189756,0.00015127,0.00090282,0.00048971,0.00056869,0.00109191,0.00020584,0.000337,0.00014409,0.00024557,0.00699617,0.02678602,0.00036764,0.00026041,0.00028387,0.00046769,0.0006338,0.00033844,6.893e-05,0.00080134,0.000337,0.00022547,0.00062374,0.00040067,0.00053901,3.351e-05,6.175e-05,0.004191,2.824e-05,0.00039397,3.83e-05,0.00028578,0.00011776,0.0001259,1.819e-05,7.42e-05,0.00051269,0.00023791,7.755e-05,4.931e-05,2.872e-05,3.494e-05,3.112e-05,5.026e-05,5.266e-05,0.00143849,0.0005012,0.00016515,0.00034562,0.00016084,1.388e-05,0.00020345,9.765e-05,0.0001843,6.558e-05,0.00023121,1.628e-05,9.622e-05,0.00055864,3.447e-05,0.00025371,0.00019435,7.755e-05,0.00048109,3.016e-05,4.978e-05,2.87e-06,0.00049545,4.835e-05,0.00025898,1.675e-05,2.393e-05,2.729e-05,3.734e-05,0.0016539,4.79e-06,8.664e-05,1.723e-05,2.011e-05,2.92e-05,1.915e-05,1.963e-05,0.00035472,0.00014265,0.00025754,3.542e-05,6.606e-05,6.175e-05,3.638e-05,6.079e-05,0.00026089,0.00023456,2.489e-05,4.213e-05,4.308e-05,8.473e-05,7.18e-06,1.053e-05,4.5e-05,9.1e-06,4.213e-05,5.74e-06,1.245e-05,1.867e-05,2.39e-06
daGnaUlig1,0.00845516,0.02390839,0.02767002,0.28110695,0.00282494,0.00106283,0.00554149,0.00071367,0.00288729,0.02196259,0.00239376,0.00042638,0.00461727,0.00013046,0.00030024,0.00086667,0.00023261,0.0017765,0.00315492,0.0001952,0.00620576,0.00144221,8.729e-05,0.00042926,0.00058321,0.00019856,0.01794053,0.00113813,0.00011127,7.626e-05,0.00012134,6.954e-05,5.612e-05,0.00085132,3.885e-05,4.796e-05,1.055e-05,0.00010168,7.146e-05,0.00016595,9.544e-05,4.892e-05,0.00011319,0.00012662,1.487e-05,4.748e-05,9.59e-06,3.261e-05,4.556e-05,0.00021055,3.885e-05,1.631e-05,1.775e-05,0.00021007,3.261e-05,4.221e-05,0.00012374,0.00018034,0.00012182,0.00011751,8.777e-05,2.638e-05,5.084e-05,7.914e-05,3.07e-05,0.00026235,2.206e-05,0.0004307,8.15e-06,2.542e-05,4.508e-05,4.221e-05,5.564e-05,7.482e-05,0.0001506,0.0001223,2.686e-05,8.15e-06,5.707e-05,3.933e-05,2.59e-05,0.0003223,2.59e-05,2.686e-05,2.158e-05,4.029e-05,1.151e-05,1.151e-05,0.00045851,3.07e-05,2.4e-06,3.501e-05,2.83e-05,1.343e-05,1.583e-05,9.11e-06,8.15e-06,2.302e-05,6.091e-05,0.00011127,0.00025036,1.966e-05,0.00010695,1.44e-06,5.76e-06,3.405e-05,1.535e-05,7.19e-06,7.67e-06,4.7e-05,2.686e-05,3.453e-05,5.76e-06,6.331e-05,8.15e-06,5.76e-06,0.00025659,2.4e-06,0.00036691,5.76e-06,7.19e-06
daLigVulg1,0.09468888,0.06029243,0.05004698,0.18398274,0.00321812,0.01402685,0.22472627,0.00749473,0.00417162,0.00306088,0.00543289,0.00057095,0.00319703,0.00031927,0.00253308,0.0013581,0.00063998,0.00034372,0.00493049,0.00035187,0.00152013,0.00083749,0.00021477,0.00083605,0.00015292,0.00327085,0.00100575,0.00061122,7.383e-05,0.00034228,0.00013806,0.00016922,0.00117785,0.00037632,0.00021285,4.89e-05,0.00012608,4.362e-05,0.00027517,0.0002488,0.000186,0.00023682,0.00083557,0.00071477,1.246e-05,8.725e-05,0.00014094,0.00020422,2.78e-05,0.00036194,2.157e-05,0.00013375,4.794e-05,0.00024593,2.301e-05,0.00073154,7.718e-05,5.849e-05,0.00031304,0.00036625,7.91e-05,0.00012848,0.00010355,9.732e-05,2.349e-05,0.00017785,0.00010355,0.00011841,1.438e-05,0.00021189,7.478e-05,9.444e-05,8.006e-05,4.65e-05,0.00032023,0.00019751,0.00019271,0.00021429,0.0001232,0.00011314,7.814e-05,2.589e-05,4.698e-05,3.691e-05,0.000128,9.156e-05,4.31e-06,3.068e-05,0.00010786,0.00021477,4.458e-05,3.02e-05,0.00019511,0.00033557,4.31e-06,0.00031687,1.87e-05,5.034e-05,3.691e-05,5.705e-05,6.28e-05,9.923e-05,0.00010355,3.691e-05,8.63e-06,0.00010403,2.205e-05,0.00060594,6.663e-05,2.205e-05,2.589e-05,3.595e-05,2.013e-05,3.452e-05,2.876e-05,4.65e-05,5.561e-05,1.63e-05,1.342e-05,8.917e-05,1.438e-05
daLinVulg1,0.09942271,0.0309375,0.00556202,0.00163216,0.00348998,0.00224714,0.3145625,0.04209637,0.00149427,0.02026765,0.00347328,0.00163931,0.00328578,0.0011937,0.00086116,0.00107156,0.00107347,0.00012261,0.00040935,0.00029055,0.00040935,0.00115219,0.00019227,0.00049857,0.00037118,0.00025286,0.00041746,0.00093702,0.00143511,0.00044656,0.00034924,0.06606011,0.00016078,0.0001999,0.00025,0.00017987,7.013e-05,6.393e-05,0.00010305,0.00303865,0.00015744,0.0002333,8.397e-05,0.0001584,1.765e-05,0.0001999,0.00064599,9.876e-05,0.00023664,7.347e-05,0.00010544,0.00017128,0.00023712,0.0003626,0.00021803,5.964e-05,0.00070515,2.338e-05,0.00048282,0.00011975,2.481e-05,0.00013788,8.302e-05,6.011e-05,5.153e-05,9.399e-05,6.679e-05,0.00012595,0.00013502,0.00016412,3.435e-05,0.00015172,0.00043464,7.872e-05,0.00029819,3.769e-05,7.204e-05,0.00014122,1.956e-05,0.00131059,9.399e-05,4.437e-05,3.578e-05,0.00025859,3.865e-05,0.00018225,9.637e-05,3.96e-05,0.00015267,0.00033635,7.777e-05,2.004e-05,0.0224499,1.479e-05,1.574e-05,6.632e-05,7.443e-05,3.769e-05,4.914e-05,0.00018464,2.529e-05,0.00010496,7.061e-05,2.099e-05,9.065e-05,6.536e-05,0.00018511,0.00013788,2.958e-05,3.865e-05,5.296e-05,9.208e-05,4.485e-05,0.00010687,4.008e-05,2.004e-05,5.73e-06,9.5e-07,0.00016174,2.529e-05,0.0
daMisOron1,0.03769526,0.10652084,0.00567657,0.0243517,0.00677048,0.07396933,0.12897269,0.00862913,0.00239818,0.0147978,0.01781552,0.00073071,0.0095793,0.00067465,0.00054145,0.00309344,0.08741399,0.00071586,0.00080738,0.00030906,0.00019645,0.03399138,0.0004552,0.00076378,0.00026497,0.00022425,0.00221945,0.00233253,0.00027983,0.0096277,0.00018448,0.00034739,0.00025443,0.00115668,0.00018256,4.408e-05,3.929e-05,9.056e-05,0.00029804,0.00051941,0.00024581,0.00012985,0.00024054,0.0006114,8.62e-06,0.0037633,0.00027935,8.385e-05,3.115e-05,0.00025252,3.929e-05,0.00372353,4.456e-05,0.0007149,8.577e-05,0.00203929,7.954e-05,0.00012218,6.421e-05,6.564e-05,3.115e-05,0.00063632,0.00012075,4.744e-05,4.025e-05,0.00025299,2.396e-05,7.092e-05,3.115e-05,5.558e-05,0.00011452,0.0003977,5.894e-05,3.019e-05,0.00129947,2.108e-05,4.887e-05,0.00045664,3.833e-05,0.00011835,4.696e-05,0.00074892,0.00034787,0.00015477,8.62e-06,0.00084044,6.373e-05,8.62e-06,3.737e-05,6.373e-05,0.00019214,0.00021562,0.00230235,0.00011116,4.169e-05,3.21e-05,0.00152611,8.385e-05,2.635e-05,7.67e-06,1.294e-05,0.00034739,8.337e-05,4.648e-05,5.367e-05,2.635e-05,9.056e-05,0.00095544,6.23e-06,5.079e-05,1.006e-05,7.67e-06,1.102e-05,1.92e-06,2.4e-06,6.9e-05,1.725e-05,3.35e-06,1.92e-06,0.00021945,0.0
daPseLute1,0.03561178,0.04286932,0.00353183,0.50814122,0.00758066,0.00197367,0.00236285,0.00121924,0.00080613,0.00117903,0.00116707,0.00026807,0.00097176,0.00022068,0.00164624,0.00034514,0.00033222,0.00012398,0.0003887,0.00014888,0.00022259,0.00030541,6.702e-05,0.00017664,9.191e-05,0.00033844,0.00015366,0.0003102,8.904e-05,0.00433844,6.271e-05,0.00014026,0.00027525,0.00178411,4.5e-05,8.952e-05,6.941e-05,6.558e-05,0.00012925,9.287e-05,0.00025993,0.00018238,3.447e-05,0.00017042,5.553e-05,2.585e-05,3.734e-05,0.00012733,1.197e-05,2.25e-05,9.1e-06,0.0003619,4.596e-05,0.00028483,2.681e-05,0.00015558,9.335e-05,9.1e-06,8.952e-05,8.569e-05,5.361e-05,0.00010244,0.00011441,5.744e-05,6.032e-05,0.00023121,5.984e-05,4.548e-05,2.058e-05,8.186e-05,7.851e-05,5.74e-06,5.792e-05,8.856e-05,2.489e-05,6.223e-05,3.83e-05,6.319e-05,0.00013404,0.00018861,9.765e-05,2.441e-05,0.0001235,5.649e-05,5.026e-05,0.00021829,0.00060316,1.723e-05,2.011e-05,4.596e-05,5.601e-05,0.00010244,2.058e-05,0.00021637,5.27e-06,0.0001484,1.675e-05,3.638e-05,3.877e-05,0.00016707,5.601e-05,0.0,2.441e-05,1.628e-05,2.346e-05,8.952e-05,6.989e-05,6.606e-05,9.191e-05,1.867e-05,6.415e-05,4.069e-05,1.149e-05,3.399e-05,2.298e-05,6.989e-05,8.62e-06,2.87e-06,3.59e-05,7.563e-05,6.7e-06
daPulDyse1,0.05649593,0.0293169,0.00202202,0.02489181,0.01730014,0.013472,0.18460172,0.00734418,0.00116659,0.0061551,0.00403447,0.0006338,0.0048382,0.00076161,0.0020292,0.00635376,0.00045764,0.01705026,0.0101776,0.00155625,0.00032743,0.00037099,0.00043897,0.00043035,0.00047774,0.00224174,0.02565677,0.04131786,0.00015797,0.0013461,2.25e-05,7.228e-05,0.00039014,0.00066491,0.00027669,0.00040929,0.00012303,0.00011584,0.00017185,0.00036046,0.00069076,0.00014074,0.00127764,0.00017281,0.0003978,0.00075012,4.548e-05,0.00015749,3.83e-05,0.00028626,3.686e-05,5.697e-05,0.00018861,0.00108281,2.346e-05,0.00010196,0.00035807,1.388e-05,0.00034083,3.447e-05,0.00012159,6.798e-05,0.00041455,6.75e-05,0.00032982,0.00013164,1.532e-05,3.59e-05,0.00016802,0.00028147,8.329e-05,2.346e-05,9.67e-05,0.00040067,2.154e-05,4.31e-06,0.00018526,0.00011441,0.00032073,0.0001034,8.856e-05,0.00095835,1.867e-05,0.0002427,1.628e-05,3.59e-05,7.707e-05,0.00020967,0.00018813,5.074e-05,3.925e-05,3.303e-05,0.00025945,3.447e-05,8.952e-05,4.356e-05,0.00014026,0.0005596,6.271e-05,0.00016371,0.00013451,6.415e-05,3.542e-05,5.888e-05,0.00013212,8.904e-05,5.17e-05,0.00125658,3.351e-05,2.729e-05,0.00014409,4.835e-05,6.989e-05,5.409e-05,4.213e-05,6.319e-05,2.824e-05,1.245e-05,3.542e-05,4.404e-05,1.723e-05
daScuGale1,0.00611036,0.02292179,0.0131406,0.00087524,0.00204702,0.00277447,0.00641651,0.00106958,0.00131334,0.12090115,0.00051392,0.000869,0.00027639,0.00040307,0.00021065,0.00023321,0.00027831,0.0017428,0.00015307,0.0003834,0.0003095,0.00028791,0.00017274,0.00042274,0.00028407,4.559e-05,0.00015499,0.00013676,9.453e-05,0.00047841,9.549e-05,0.00016747,0.00020633,7.006e-05,0.00012044,4.607e-05,1.104e-05,3.935e-05,7.15e-05,6.958e-05,0.00010988,1.44e-05,4.031e-05,0.00014971,1.392e-05,0.00012044,6.91e-05,9.6e-06,1.679e-05,1.583e-05,0.03262716,2.975e-05,1.008e-05,5.086e-05,3.119e-05,4.894e-05,3.695e-05,1.296e-05,1.775e-05,3.839e-05,9.12e-06,1.775e-05,5.614e-05,3.503e-05,2.207e-05,9.6e-06,5.28e-06,1.919e-05,1.727e-05,2.111e-05,3.695e-05,0.00010749,2.063e-05,2.495e-05,2.687e-05,5.71e-05,2.879e-05,4.607e-05,1.536e-05,0.00010461,2.399e-05,1.056e-05,7.68e-06,1.344e-05,2.783e-05,2.495e-05,5.76e-06,4.32e-06,2.255e-05,2.111e-05,1.056e-05,2.111e-05,4.894e-05,1.823e-05,2.591e-05,2.783e-05,0.00011516,6.19e-05,2.063e-05,2.447e-05,7.198e-05,3.647e-05,1.92e-06,9.6e-06,3.167e-05,3.311e-05,1.296e-05,1.727e-05,3.36e-06,7.68e-06,7.68e-06,4.8e-06,1.536e-05,4.32e-06,5.28e-06,2.447e-05,0.0,2.4e-06,1.92e-06,1.104e-05,2.88e-06
daScuMino1,0.0040489,0.00890077,0.00218169,0.0038442,0.00298466,0.00155944,0.02324545,0.00083749,0.00061697,0.00073778,0.20489166,0.00032982,0.00046644,7.862e-05,0.00015724,0.00037296,7.143e-05,7.095e-05,0.00051151,0.0003092,0.00015916,0.00016155,0.00063806,0.0003466,4.65e-05,0.00044583,0.14481975,0.00076222,3.643e-05,0.00125264,8.965e-05,5.657e-05,0.00016059,0.00017641,6.616e-05,1.342e-05,2.205e-05,0.00026174,3.691e-05,0.00021429,0.00044535,1.246e-05,5.081e-05,4.554e-05,7.67e-06,4.938e-05,0.00019175,4.65e-05,1.678e-05,0.00030297,0.00010211,3.02e-05,2.876e-05,3.26e-05,7.67e-06,4.602e-05,1.294e-05,8.15e-06,0.00010355,0.00012416,1.103e-05,1.965e-05,8.437e-05,3.36e-06,2.828e-05,1.055e-05,5.081e-05,3.02e-05,6.23e-06,8.15e-06,6.184e-05,3.36e-06,0.00012464,0.00037344,0.00011601,2.493e-05,4.027e-05,3.356e-05,3.164e-05,1.44e-06,1.486e-05,7.239e-05,6.23e-06,0.00018456,1.582e-05,1.294e-05,9.59e-06,1.822e-05,0.00013758,1.534e-05,1.055e-05,6.23e-06,0.00020278,4.027e-05,1.246e-05,5.75e-06,8.63e-06,3.02e-05,2.924e-05,2.205e-05,8.63e-06,0.00014142,9.11e-06,3.84e-06,7.19e-06,0.00021285,1.103e-05,0.00025551,0.00024353,3.164e-05,9.59e-06,0.0003605,6.23e-06,2.253e-05,4.79e-06,1.534e-05,1.44e-06,3.84e-06,1.92e-06,1.774e-05,4.8e-07
daSolDulc1,0.02357451,0.22117537,0.00600192,0.0737149,0.00270963,0.08493579,0.13389459,0.00198754,0.00251078,0.002793,0.00065261,0.00150024,0.00549209,0.00059703,0.0010666,0.00066459,0.00104792,0.00246957,0.00170436,9.583e-05,0.00094298,0.00019023,0.00017777,0.00038093,0.00062147,0.00119885,0.00791471,0.00059943,1.437e-05,0.00020316,0.00043076,0.00010733,0.00093531,3.642e-05,0.00119118,5.462e-05,0.00012889,0.00012793,0.00019502,0.00014135,0.00023143,3.498e-05,0.00019406,0.09381169,8.577e-05,0.00033158,0.00029324,0.00014423,0.00012314,0.00014231,4.217e-05,3.785e-05,9.056e-05,5.319e-05,0.00013273,7.619e-05,7.762e-05,0.00022472,0.0001586,8.289e-05,0.00010254,7.235e-05,4.456e-05,4.456e-05,2.348e-05,3.498e-05,1.342e-05,0.00014806,4.169e-05,0.00013608,3.833e-05,4.504e-05,5.558e-05,0.00018831,5.654e-05,7.714e-05,0.0001241,2.108e-05,4.408e-05,3.258e-05,0.00017202,6.469e-05,0.00011691,3.402e-05,7.331e-05,2.348e-05,1.006e-05,0.00010589,9.535e-05,2.156e-05,0.00031864,5.942e-05,4.792e-05,4.935e-05,2.06e-05,5.462e-05,0.00026066,3.402e-05,0.00014566,7.523e-05,2.683e-05,4.408e-05,2.156e-05,1.437e-05,2.587e-05,3.258e-05,1.15e-05,6.037e-05,3.642e-05,1.006e-05,6.71e-06,2.396e-05,6.66e-05,8.15e-06,4.79e-06,0.00011596,2.87e-06,1.533e-05,5.75e-06,1.917e-05,2.4e-06
daVerOffi1,0.02608743,0.21411562,0.00268227,0.00545963,0.00143622,0.06852126,0.11204634,0.00150024,0.00396656,0.00125705,0.00095652,0.00078118,0.00597707,0.00018729,0.00047157,0.000301,0.15346775,7.262e-05,0.00035738,0.00010081,0.00234926,0.00129384,7.215e-05,0.00017678,0.00046154,0.00034591,0.00018634,0.00035547,5.208e-05,0.00112136,0.00053894,0.000957,0.00023507,0.00028141,0.00034161,3.822e-05,2.914e-05,6.45e-05,5.303e-05,0.00017582,6.689e-05,0.0001763,5.686e-05,7.071e-05,1.003e-05,5.16e-05,3.774e-05,0.00010511,0.00010893,0.00010559,1.72e-05,0.09156426,0.00011085,5.59e-05,0.0001677,3.631e-05,3.583e-05,1.72e-05,0.00015289,4.539e-05,6.163e-05,7.788e-05,3.727e-05,6.785e-05,2.437e-05,3.201e-05,9.795e-05,9.508e-05,7.119e-05,3.727e-05,9.46e-05,0.0001118,4.3e-05,0.00010463,6.689e-05,4.969e-05,6.259e-05,2.914e-05,1.959e-05,0.00112327,4.778e-05,9.221e-05,4.109e-05,2.819e-05,1.959e-05,0.00032585,9.986e-05,7.17e-06,2.771e-05,7.071e-05,0.0003397,2.293e-05,4.873e-05,3.822e-05,1.433e-05,5.351e-05,4.157e-05,3.727e-05,2.293e-05,4.634e-05,4.78e-06,0.00013235,2.58e-05,2.246e-05,5.16e-05,4.634e-05,1.624e-05,0.00038987,9.365e-05,3.201e-05,3.82e-06,7.64e-06,3.344e-05,7.358e-05,1.147e-05,2.054e-05,3.536e-05,9.08e-06,4.826e-05,3.679e-05,9.6e-07
dcAgrGith1,0.06826402,0.01037326,0.02947437,0.24372448,0.00324054,0.0126277,0.03489986,0.00664399,0.00151749,0.0075563,0.00109871,0.00060901,0.00095017,0.00036128,0.0005932,0.00183613,0.00037901,0.00030187,0.00060757,0.00046909,0.00112746,0.00051845,0.00036272,0.00022664,0.00112698,0.00041974,0.00164303,0.00028462,0.00012841,0.00019741,9.966e-05,0.0002161,0.00029804,8.433e-05,0.00185194,0.00018016,0.00012027,0.00011787,0.00049832,0.00016243,0.00035314,0.00016962,0.00016818,0.00036895,0.00021275,0.00018016,2.875e-05,4.792e-05,7.523e-05,0.00012171,3.019e-05,0.00012889,0.00049545,0.00015477,0.00012602,0.00010589,8.385e-05,3.929e-05,0.00043747,6.756e-05,0.00011931,5.223e-05,8.098e-05,6.181e-05,5.942e-05,3.833e-05,7.379e-05,0.00016387,0.0001265,0.00010973,0.00013896,2.827e-05,0.00028989,0.00013368,8.625e-05,2.156e-05,0.00027312,7.092e-05,0.00012314,0.0001677,4.79e-06,0.09710685,5.75e-05,4.169e-05,5.846e-05,9.583e-05,9.727e-05,5.127e-05,2.492e-05,3.594e-05,1.629e-05,0.00027312,7.475e-05,8.289e-05,1.102e-05,1.821e-05,8.864e-05,0.0010666,0.00027887,0.00011835,0.00010254,5.798e-05,4.983e-05,7.858e-05,0.00014231,1.39e-05,1.485e-05,0.00047389,5.894e-05,9.2e-05,5.702e-05,5.271e-05,3.019e-05,7.379e-05,1.917e-05,0.00017345,3.83e-06,6.71e-06,3.69e-05,7.571e-05,3.35e-06
dcCheAlbu1,0.01356739,0.02377266,0.00683213,0.26334532,0.00523309,0.02110983,0.10821966,0.00122014,0.00656691,0.05109353,0.02536739,0.00035012,0.00247674,0.00020336,0.00039616,0.00050887,0.00028825,0.00010743,0.00031367,0.00012758,0.0002,0.00050935,0.00016403,0.00119616,0.05081631,0.00012134,0.00896451,0.00024029,6.954e-05,0.00053094,0.00026667,0.00030408,9.976e-05,0.00036403,0.00058321,3.885e-05,1.295e-05,3.837e-05,0.00026763,4.7e-05,0.00035827,7.002e-05,0.00010408,0.00034293,4.988e-05,9.305e-05,6.043e-05,0.00013669,5.42e-05,9.928e-05,1.918e-05,0.00010647,0.00019568,4.221e-05,1.151e-05,0.00017362,6.475e-05,1.583e-05,0.00026859,4.508e-05,2.446e-05,9.353e-05,4.7e-05,5.468e-05,2.782e-05,0.00027674,3.549e-05,8.249e-05,3.933e-05,6.619e-05,6.954e-05,3.213e-05,4.029e-05,8.01e-05,5.612e-05,1.439e-05,0.00021679,4.365e-05,4.892e-05,0.00069448,4.8e-06,8.921e-05,3.261e-05,0.00015444,1.727e-05,0.00018273,3.741e-05,2.446e-05,0.00012566,2.59e-05,1.583e-05,6.283e-05,4.269e-05,6.906e-05,1.535e-05,2.158e-05,6.475e-05,0.00011607,7.29e-05,9.017e-05,7.67e-06,2.974e-05,2.254e-05,6.71e-06,5.132e-05,3.453e-05,1.679e-05,7.53e-05,1.103e-05,9.688e-05,1.199e-05,1.918e-05,2.062e-05,2.638e-05,1.295e-05,3.741e-05,2.4e-06,2.4e-06,3.357e-05,4.029e-05,1.391e-05
dcPolAvic1,0.02059704,0.00542065,0.00466157,0.04646319,0.00117925,0.00159751,0.18166252,0.00344455,0.00159465,0.00392113,0.00029398,0.00092208,0.02755545,0.0004283,0.00150574,0.00190153,0.00107887,0.00022275,0.00145268,0.00029254,0.00172323,0.00121224,5.593e-05,0.00034465,0.00012189,0.00089532,8.365e-05,0.00517256,5.641e-05,0.0002065,4.446e-05,6.31e-05,0.00078155,0.00358987,1.386e-05,7.027e-05,2.39e-06,4.493e-05,7.075e-05,5.784e-05,0.00010277,0.00011377,1.577e-05,2.772e-05,2.725e-05,6.119e-05,6.358e-05,5.115e-05,3.633e-05,4.398e-05,4.111e-05,7.839e-05,2.103e-05,0.00011568,4.637e-05,6.644e-05,5.354e-05,0.00011855,0.00031931,8.13e-06,9.895e-05,4.637e-05,6.883e-05,5.115e-05,0.00200048,5.975e-05,3.394e-05,2.533e-05,5.115e-05,0.00014436,2.916e-05,1.816e-05,4.924e-05,0.00019646,4.254e-05,5.163e-05,2.868e-05,1.434e-05,2.486e-05,5.736e-05,7.648e-05,3.824e-05,3.107e-05,0.00072323,1.53e-05,0.00047897,8.413e-05,1.243e-05,0.00013623,3.872e-05,2.247e-05,4.3e-06,0.00011472,4.398e-05,2.342e-05,8.6e-06,4.685e-05,1.195e-05,7.983e-05,0.00012715,9.08e-06,2.342e-05,7.744e-05,1.769e-05,3.537e-05,4.828e-05,5.115e-05,3.35e-06,1.482e-05,3.728e-05,5.74e-06,9.799e-05,9.178e-05,2.39e-05,4.78e-06,1.816e-05,2.438e-05,1.434e-05,1.577e-05,6.69e-06,1.052e-05
dcSalRamo1,0.03008552,0.02033923,0.01468753,0.16137697,0.00735069,0.00421739,0.01622551,0.00180363,0.00344243,0.01293932,0.06798997,0.00117821,0.00153559,0.00043622,0.00077974,0.0009269,0.00301529,0.00014477,0.00097707,0.00015146,0.00045963,0.00138653,0.00010846,0.00100573,0.00013091,0.0001161,0.03350884,0.00898137,3.249e-05,0.00048304,3.392e-05,0.00024988,0.00010702,0.02178786,0.0003483,1.911e-05,1.624e-05,0.00016961,0.0001462,4.682e-05,0.00031056,6.45e-05,9.986e-05,0.00013187,5.065e-05,1.433e-05,3.488e-05,0.00015289,9.412e-05,0.00115576,0.00012183,0.00014333,2.676e-05,0.00016197,2.246e-05,4.73e-05,3.822e-05,3.631e-05,0.00016961,4.826e-05,4.348e-05,9.842e-05,2.437e-05,2.15e-05,3.631e-05,0.0001462,7.74e-05,0.00021405,9.938e-05,9.03e-05,2.867e-05,0.00010989,4.204e-05,0.00030005,0.00010033,4.969e-05,1.768e-05,0.00013569,3.87e-05,0.00026708,8.791e-05,4.348e-05,1.386e-05,3.488e-05,6.641e-05,0.00101959,0.00016961,2.15e-05,3.153e-05,1.433e-05,0.00025466,3.297e-05,4.539e-05,0.00010607,3.297e-05,6.307e-05,4.3e-05,7.262e-05,3.87e-05,0.0008366,1.672e-05,0.00073101,6.307e-05,1.386e-05,2.007e-05,0.00023125,0.00012757,4.396e-05,3.249e-05,1.72e-05,1.194e-05,7.167e-05,9.08e-06,6.211e-05,0.0,6.45e-05,0.00022742,8.6e-06,7.262e-05,5.542e-05,3.82e-06
dcSpeBocc1,0.02619838,0.02645064,0.02964711,0.2451526,0.02838293,0.0052866,0.0011073,0.02532046,0.00728374,0.0043133,0.02553124,0.0006104,0.0008598,0.00026276,0.00040677,0.00412732,0.00028517,0.0001464,0.00135193,0.0002351,0.00092036,0.00578016,0.00012494,0.00124607,0.00020982,0.00195804,0.0007525,0.00020649,4.196e-05,0.00010587,0.00011159,0.00038913,0.00023891,0.00016786,0.00013829,4.53e-05,0.00038627,9.728e-05,8.965e-05,7.296e-05,0.00019123,6.533e-05,0.00012828,0.00231283,7.63e-06,0.00012017,0.00019027,2.575e-05,3.052e-05,0.00076586,0.16759609,1.86e-05,0.00045017,5.579e-05,1.621e-05,0.00023939,9.347e-05,1.049e-05,4.435e-05,8.155e-05,0.00042585,6.772e-05,9.68e-05,0.00160706,7.535e-05,0.00020029,2.909e-05,9.54e-06,2.957e-05,4.244e-05,1.144e-05,0.00017406,0.0001855,9.251e-05,0.00026419,1.001e-05,0.00017358,2.718e-05,5.103e-05,8.536e-05,4.77e-06,6.485e-05,3.91e-05,4.196e-05,2.957e-05,6.2e-06,6.39e-05,3.863e-05,0.00016357,4.053e-05,2.718e-05,7.344e-05,5.913e-05,4.673e-05,3.815e-05,5.818e-05,0.00046876,6.581e-05,2.718e-05,6.724e-05,2.289e-05,9.013e-05,8.11e-06,6.199e-05,4.769e-05,0.00011922,5.627e-05,2.718e-05,3.81e-06,0.00011397,0.00018264,5.722e-05,1.001e-05,0.00019313,5.25e-06,0.00028517,5.72e-06,2.38e-06,6.199e-05,6.915e-05,4.8e-07
dcSpeMari1,0.00446176,0.00302886,0.00152044,0.29042376,0.00342617,0.00126647,0.00079028,0.00090957,0.00080375,0.00071236,0.00173545,0.00055315,0.00013612,9.187e-05,0.00011785,0.00016787,9.187e-05,4.954e-05,0.0001544,6.397e-05,6.975e-05,0.00118374,6.782e-05,0.00012314,0.00019432,0.00029197,0.00145118,7.119e-05,7.119e-05,0.00013131,7.22e-06,0.00022222,5.387e-05,0.00084416,3.559e-05,1.92e-06,3.367e-05,2.213e-05,2.357e-05,6.686e-05,0.00012073,4.425e-05,1.299e-05,0.00020443,1.587e-05,0.00011304,2.646e-05,4.137e-05,5.964e-05,5.243e-05,0.14968591,0.0001039,6.157e-05,5.82e-05,6.73e-06,2.309e-05,3.463e-05,3.85e-06,0.00011977,4.858e-05,5.051e-05,8.66e-06,1.924e-05,3.8e-05,2.597e-05,2.213e-05,0.0,2.02e-05,2.41e-06,1.635e-05,8.18e-06,1.154e-05,1.587e-05,2.886e-05,3.752e-05,8.18e-06,6.542e-05,1.443e-05,1.154e-05,7.167e-05,9.14e-06,4.762e-05,3.175e-05,9.14e-06,3.175e-05,0.00040019,6.73e-06,1.251e-05,2.357e-05,1.058e-05,3.415e-05,3.37e-06,2.646e-05,1.395e-05,9.62e-06,4.521e-05,4.81e-06,3.85e-06,1.443e-05,1.876e-05,1.44e-06,4.329e-05,6.73e-06,8.033e-05,1.299e-05,2.934e-05,1.347e-05,7.696e-05,1.876e-05,2.89e-06,9.62e-06,6.013e-05,1.78e-05,3.319e-05,1.395e-05,2.41e-06,6.25e-06,1.92e-06,7.7e-06,5.77e-06,7.311e-05
ddAraThal4,0.00394775,0.00759396,0.00448945,0.13345206,0.01201726,0.00134708,0.00216635,0.00065964,0.09353691,0.00307239,0.00016874,0.0001721,0.00028715,7.718e-05,0.00013902,0.00033797,0.00011026,2.397e-05,0.00075551,8.006e-05,0.00031256,0.00053452,3.164e-05,0.00038495,0.00068792,0.00013327,3.452e-05,0.0001443,3.26e-05,9.3e-05,3.5e-05,5.896e-05,4.794e-05,0.48055177,4.458e-05,1.822e-05,1.198e-05,5.992e-05,4.267e-05,4.027e-05,2.828e-05,6.23e-06,1.246e-05,3.212e-05,2.637e-05,3.595e-05,5.321e-05,4.027e-05,3.404e-05,2.061e-05,7.67e-06,3.356e-05,2.924e-05,3.116e-05,8.63e-06,2.445e-05,3.5e-05,8.63e-06,1.965e-05,4.554e-05,1.151e-05,1.103e-05,2.493e-05,1.246e-05,3.739e-05,9.59e-06,1.678e-05,1.103e-05,1.246e-05,2.397e-05,4.79e-06,2.4e-06,2.301e-05,1.007e-05,6.855e-05,3.931e-05,1.39e-05,8.63e-06,3.931e-05,2.589e-05,1.246e-05,3.452e-05,1.294e-05,3.36e-06,1.965e-05,2.876e-05,7.67e-06,6.71e-06,2.541e-05,2.4e-06,1.63e-05,7.19e-06,0.00012752,4.458e-05,1.965e-05,1.342e-05,1.198e-05,1.63e-05,1.246e-05,1.822e-05,1.582e-05,1.774e-05,1.007e-05,5.75e-06,1.007e-05,2.013e-05,4.79e-06,1.246e-05,2.061e-05,2.013e-05,2.061e-05,0.000407,1.294e-05,1.92e-06,6.52e-05,4.8e-07,1.055e-05,4.79e-06,9.6e-07,4.31e-06,3.84e-06
ddBarVulg1,0.01279113,0.00670959,0.0488412,0.02126609,0.0043567,0.01202527,0.00425846,0.02323701,0.04573438,0.00534287,0.00117358,0.00086552,0.00189461,0.00081831,0.0003133,0.00253696,0.00112446,0.00021078,0.00128994,0.00013352,0.00022031,0.00846543,0.0001278,0.00367144,0.00464616,0.00028469,0.00046066,0.00037244,2.194e-05,0.00031283,3.243e-05,0.00010157,0.00026896,0.00012351,0.00026609,2.575e-05,6.39e-05,6.676e-05,0.00018884,3.052e-05,4.101e-05,8.822e-05,2.098e-05,0.00018503,1.097e-05,0.00062136,0.00039866,4.101e-05,3.052e-05,0.00028946,0.00017406,3.958e-05,3.815e-05,9.776e-05,0.00029948,7.773e-05,0.00012876,2.432e-05,3.72e-05,0.00013114,9.585e-05,7.248e-05,3.004e-05,7.058e-05,2.814e-05,1.955e-05,2.575e-05,5.818e-05,1.526e-05,6.962e-05,3.338e-05,2.337e-05,0.00070339,8.155e-05,0.00016071,6.2e-06,5.913e-05,4.244e-05,3.34e-06,2.909e-05,4.959e-05,0.0001073,1.669e-05,4.006e-05,5.818e-05,8.774e-05,2.48e-05,3.004e-05,4.673e-05,1.86e-05,4.77e-06,4.53e-05,7.678e-05,5.627e-05,1.955e-05,6.819e-05,3.29e-05,3.91e-05,9.54e-06,2.051e-05,6.2e-06,5.055e-05,1.097e-05,5.25e-06,4.29e-06,5.72e-06,2.194e-05,3.672e-05,2.861e-05,5.961e-05,0.00029041,9.5e-07,9.54e-06,4.77e-06,1.144e-05,4.959e-05,1.192e-05,0.0,3.81e-06,0.00010253,3.81e-06
ddEupLath1,0.00997943,0.00462249,0.00413732,0.10061531,0.06045694,0.00748995,0.1477689,0.00095359,0.05222344,0.07637751,0.00161435,0.00062392,0.0020799,0.00078182,0.00036172,0.00370335,0.00058517,9.569e-05,0.00075072,0.00011053,0.00056746,0.00054402,0.00170096,0.00922153,0.00109091,0.00052967,0.18268708,0.0001555,5.885e-05,6.938e-05,0.00011148,0.00023589,0.00016029,0.00052057,0.00082775,1.292e-05,3.828e-05,0.00018469,0.00012967,0.00066746,5.646e-05,7.703e-05,0.00071914,0.00083301,2.775e-05,0.00036268,0.00142679,7.033e-05,1.91e-06,0.00017081,6.124e-05,0.00017273,6.699e-05,7.416e-05,0.00021531,4.689e-05,0.00010431,9.09e-06,3.062e-05,1.722e-05,3.254e-05,3.158e-05,3.541e-05,3.684e-05,1.722e-05,4.306e-05,5.74e-06,9.617e-05,8.086e-05,4.019e-05,0.00012967,4.402e-05,0.0001067,1.483e-05,8.66e-05,4.31e-06,0.00049665,7.56e-05,8.13e-06,6.316e-05,9.09e-06,0.00050526,1.579e-05,2.775e-05,1.962e-05,4.354e-05,5.407e-05,5.359e-05,7.464e-05,1.77e-05,5.407e-05,4.211e-05,0.0197311,3.206e-05,2.87e-06,9.665e-05,2.632e-05,7.416e-05,4.306e-05,9.569e-05,2.201e-05,2.679e-05,1.44e-06,3.541e-05,4.067e-05,4.593e-05,1.005e-05,1.818e-05,9.57e-06,4.545e-05,1.579e-05,2.153e-05,5.74e-06,2.39e-06,4.31e-06,0.0001134,9.091e-05,1.435e-05,1.435e-05,4.211e-05,3.397e-05
ddEupPepu3,0.01201433,0.00595272,0.01744986,0.00109694,0.09143601,0.00134241,0.09479035,0.00152961,0.01174594,0.01970392,0.0056958,0.00062178,0.00168243,0.00251289,0.00060888,0.00031757,0.00031041,0.00016905,0.00037631,0.00029417,0.00026552,0.00063324,0.00096657,0.00585339,0.00027221,2.531e-05,0.00023209,0.00024546,0.0007851,0.00026695,0.00077794,0.00040735,0.00027077,0.00014613,9.121e-05,3.964e-05,0.00024785,0.00017096,0.00012703,0.0003319,0.00101576,2.627e-05,0.00028606,0.00105731,2.818e-05,0.00016285,0.00010411,2.245e-05,0.00012512,0.00024308,6.829e-05,0.00026361,0.00011891,0.00071729,0.00025501,4.107e-05,0.00011557,1.385e-05,2.913e-05,7.545e-05,1.576e-05,0.00026457,0.00016428,5.635e-05,1.624e-05,1.098e-05,2.436e-05,6.065e-05,0.0001022,0.00019866,3.056e-05,7.736e-05,1.098e-05,4.68e-05,7.259e-05,2.674e-05,0.00013372,6.351e-05,5.158e-05,1.242e-05,6.065e-05,2.053e-05,0.0001127,0.00019293,1.767e-05,0.29343649,7.02e-05,3.2e-05,1.958e-05,1.242e-05,8.6e-06,3.916e-05,6.351e-05,4.585e-05,1.051e-05,5.683e-05,5.444e-05,0.0001638,5.635e-05,0.00030993,2.865e-05,0.0001404,1.098e-05,1.289e-05,3.916e-05,0.0007851,1.051e-05,3.152e-05,1.051e-05,4.394e-05,2.149e-05,2.865e-05,3.725e-05,5.73e-06,3.104e-05,4.489e-05,8.6e-06,1.43e-06,0.00015377,7.16e-06,4.8e-07
ddLepDidy1,0.01862308,0.01677921,0.08066284,0.39776485,0.0070704,0.00539847,0.0035091,0.00404502,0.0069933,0.00129023,0.06449856,0.00071695,0.00086973,0.00017385,0.00037739,0.00498372,0.00016619,0.00010201,0.0026341,0.00018822,0.00478688,0.00191906,0.00062356,0.00279023,0.00184435,0.00013793,0.00169444,0.00045594,0.00019013,0.00015565,0.00012692,0.0004205,6.992e-05,0.001125,0.00015421,9.243e-05,0.00017146,0.00023372,0.00012404,0.0003683,0.00035776,5.843e-05,0.00209579,0.00029406,5.75e-06,0.00049473,0.0001887,0.0001408,2.634e-05,0.00036207,2.299e-05,5.939e-05,0.00034483,9.243e-05,2.778e-05,4.119e-05,0.00119875,1.389e-05,8.19e-05,0.00055029,0.00017002,0.00010393,0.0001432,0.0003659,5.316e-05,4.023e-05,8.62e-06,0.00010153,3.017e-05,0.00030843,4.454e-05,0.00010249,0.0002069,6.418e-05,0.02497174,3.065e-05,0.00019588,0.00013266,3.113e-05,0.00022605,2.538e-05,0.00023036,5.987e-05,3.209e-05,7.088e-05,4.406e-05,1.197e-05,0.00018247,9.387e-05,5.364e-05,3.927e-05,4.071e-05,5.795e-05,3.209e-05,1.102e-05,2.443e-05,8.285e-05,0.00010105,0.00014607,0.00015565,0.00011351,5.508e-05,1.772e-05,4.646e-05,0.00014703,0.00014416,5.891e-05,5.125e-05,3.065e-05,0.00031034,7.28e-05,5.508e-05,5.699e-05,9.148e-05,4.167e-05,2.203e-05,8.14e-06,2.39e-06,7.18e-06,1.628e-05,2.299e-05
ddPopNigr1,0.01338557,0.06128333,0.28300382,0.0400989,0.00493693,0.00128763,0.00392833,0.03053798,0.00458003,0.00193837,0.00601051,0.00109508,0.00142045,0.00057286,0.00083612,0.00771906,0.00068514,0.00124271,0.05533923,0.00187817,0.00032346,0.00942905,0.00050454,0.00579599,0.00034496,0.00022647,0.00016292,0.00099236,4.634e-05,0.00156808,0.00014907,0.0007506,0.00050645,0.00087195,9.269e-05,0.00086813,0.00021596,0.00031534,0.00015624,0.07132585,0.00025323,0.00016484,0.00024319,0.00020927,0.0003784,0.0017205,0.00016197,0.06551075,2.293e-05,0.00074104,4.873e-05,0.00020067,0.00033636,4.587e-05,3.01e-05,3.727e-05,7.692e-05,1.863e-05,1.433e-05,0.00045103,2.676e-05,0.0001677,0.00172336,2.58e-05,4.491e-05,1.672e-05,6.355e-05,0.00011132,1.43e-06,0.00015528,7.119e-05,8.12e-06,7.406e-05,3.774e-05,0.00026374,1.147e-05,0.01192785,9.699e-05,2.437e-05,0.00026326,1.911e-05,4.013e-05,2.58e-05,2.054e-05,4.3e-05,3.822e-05,3.201e-05,0.00017248,0.00015289,1.672e-05,4.634e-05,1.386e-05,0.00015624,0.00035117,1.051e-05,0.00016101,6.163e-05,7.262e-05,0.00012709,7.979e-05,0.00029575,2.58e-05,1.911e-05,9.56e-06,6.928e-05,0.00010129,3.392e-05,5.399e-05,8.6e-06,0.00274009,3.918e-05,3.058e-05,3.297e-05,1.863e-05,6.21e-06,0.00011658,7.17e-06,9.6e-07,3.82e-06,2.58e-05,7.17e-06
ddPriVeri1,0.09018959,0.08775024,0.02000382,0.06585291,0.00576266,0.19666237,0.13356399,0.0020659,0.01605587,0.02385673,0.00087584,0.00077937,0.01477459,0.00095177,0.00087536,0.00378415,0.00189685,0.00031471,0.01410458,0.00028367,0.00081041,0.00067765,0.00027555,0.01980755,0.00025215,0.00011509,0.00018959,0.00014756,2.006e-05,0.00028606,0.00019293,0.00010506,7.02e-05,0.00012273,0.00172206,6.113e-05,1.91e-05,5.922e-05,0.0001681,0.00010076,0.00036199,0.00013658,0.00031662,7.545e-05,1.003e-05,4.107e-05,6.017e-05,5.062e-05,5.874e-05,0.00097421,5.158e-05,0.00035244,0.00010124,0.00012942,0.0001022,4.346e-05,2.388e-05,0.00034623,0.00019484,5.205e-05,0.00097755,5.635e-05,7.832e-05,0.00015043,2.722e-05,7.832e-05,0.00049952,5.062e-05,1.862e-05,5.54e-05,4.585e-05,0.0001084,7.641e-05,0.00010411,0.0001361,0.00018195,3.582e-05,7.736e-05,9.981e-05,4.919e-05,7.832e-05,8.978e-05,3.438e-05,1.289e-05,0.00020392,5.826e-05,7.116e-05,0.00010506,5.014e-05,0.00012225,6.972e-05,1.098e-05,9.694e-05,2.961e-05,4.202e-05,0.00016858,0.0001213,0.00025119,2.436e-05,0.00013992,5.587e-05,0.00020201,0.00013276,5.25e-06,2.579e-05,0.00019914,0.00022875,8.071e-05,4.441e-05,5.11e-05,2.674e-05,1.433e-05,1.671e-05,0.00060984,2.053e-05,4.107e-05,8.978e-05,1.003e-05,1.003e-05,0.00012751,1.43e-06
ddSalCapr1,0.03581496,0.02143049,0.14847028,0.01574736,0.00224545,0.0017373,0.05103691,0.04633317,0.0020163,0.02585858,0.00127709,0.0006371,0.00308917,0.00111122,0.00168025,0.00149712,0.01414765,0.00057622,0.00153068,0.00195781,0.00027613,0.05066299,0.00051965,0.00053547,0.0005604,9.779e-05,0.00011841,0.00090077,4.794e-05,0.00044583,0.00021189,0.00011649,0.00036817,0.00049808,0.00185331,0.00010163,9.59e-06,0.00013854,0.00031064,5.177e-05,0.00106232,4.458e-05,0.00020709,0.00012033,1.198e-05,8.821e-05,4.075e-05,0.0003768,3.356e-05,0.0001908,1.198e-05,0.00072291,7.43e-05,9.54e-05,5.896e-05,2.924e-05,1.294e-05,3.931e-05,0.00010403,0.00010451,4.554e-05,5.561e-05,0.00034803,0.00045542,8.677e-05,0.00010594,8.15e-06,0.00021285,0.00128044,0.00040077,0.00016012,5.944e-05,6.52e-05,1.822e-05,4.842e-05,0.00010786,0.00066826,7.047e-05,6.23e-06,5.321e-05,0.00013758,0.0002047,2.349e-05,0.00019271,0.00042042,0.00033126,0.00064525,0.00024065,2.301e-05,6.328e-05,3.02e-05,1.918e-05,4.506e-05,3.787e-05,0.00050767,3.5e-05,0.00027229,0.00243384,0.00011218,0.00024976,0.0001232,3.84e-06,9.11e-06,2.685e-05,0.00053068,4.602e-05,3.691e-05,4.075e-05,0.00020134,2.828e-05,5.992e-05,1.534e-05,9.779e-05,9.156e-05,2.4e-06,0.00021477,5.75e-06,2.88e-06,0.0001256,2.253e-05,7.19e-06
ddVioOdor1,0.01258956,0.03485393,0.01358764,0.58421025,0.00059052,0.00667289,0.000966,0.00171312,0.00191044,0.01236925,0.00078209,0.00042577,0.00104693,0.00019013,0.00027682,0.00041762,0.00021839,0.00010824,0.00032807,0.0001159,0.00015757,0.00040613,8.621e-05,0.00078879,0.00017481,0.00045211,0.0002251,0.00017337,5.939e-05,0.00130699,0.00011063,0.00032759,0.00016475,0.00033525,0.00011782,4.262e-05,2.73e-05,1.868e-05,6.226e-05,0.0009114,0.00010776,4.31e-05,3.64e-05,0.00029693,1.92e-06,5.172e-05,0.00432759,2.586e-05,3.736e-05,4.646e-05,2.49e-05,7.088e-05,8.86e-05,1.533e-05,2.969e-05,5.077e-05,5.508e-05,1.724e-05,5.22e-05,3.831e-05,5.795e-05,0.00010536,2.395e-05,9.58e-06,5.75e-06,0.00015038,2.682e-05,6.23e-06,2.443e-05,4.789e-05,0.00040948,1.341e-05,3.448e-05,5.077e-05,3.4e-05,1.149e-05,1.916e-05,2.155e-05,1.102e-05,0.00053831,3.017e-05,3.831e-05,2.395e-05,4.933e-05,2.538e-05,5.699e-05,8.381e-05,3.35e-06,4.31e-05,8.14e-06,5.412e-05,2.347e-05,7.902e-05,6.944e-05,9.58e-06,3.113e-05,5.508e-05,3.352e-05,4.933e-05,2.059e-05,3.35e-06,5.27e-06,0.00016906,2.299e-05,1.916e-05,0.00010728,2.874e-05,4.358e-05,2.921e-05,2.443e-05,1.533e-05,1.44e-06,3.4e-05,6.322e-05,7.66e-06,0.00021312,3.83e-06,1.772e-05,2.107e-05,3.879e-05,9.6e-07
dhAlnGlut1,0.00937099,0.0102293,0.00313212,0.00031738,0.00375491,0.00061273,0.02534035,0.00123839,0.00297798,0.11205218,0.03644854,0.00075921,0.00189852,0.00092149,0.02076065,0.00073193,0.00276209,0.00035089,0.00013739,0.00060364,0.00014361,0.00061273,0.00094447,0.0011618,0.00041455,3.112e-05,0.00010627,0.00022451,0.00042461,0.0001709,0.00014648,0.00013021,7.228e-05,1.532e-05,0.00046099,6.032e-05,7.755e-05,0.0007123,0.00026472,7.563e-05,0.00010053,1.532e-05,0.00017185,6.079e-05,0.00015462,0.00018095,0.00011154,0.00014026,2.106e-05,5.122e-05,5.314e-05,0.00010483,3.734e-05,5.84e-05,5.697e-05,4.548e-05,1.675e-05,2.87e-06,0.00010053,0.00016371,2.729e-05,0.00010244,6.271e-05,4.883e-05,0.00037338,3.542e-05,2.25e-05,9.861e-05,9.1e-06,6.271e-05,1.34e-05,7.037e-05,5.218e-05,1.005e-05,1.245e-05,8.14e-06,0.27843562,2.872e-05,0.00012925,5.84e-05,0.00017472,3.351e-05,5.792e-05,2.298e-05,5.792e-05,2.441e-05,0.00010196,1.771e-05,4.308e-05,0.00011202,2.011e-05,3.351e-05,0.00010053,3.83e-05,7.994e-05,3.494e-05,1.44e-06,0.00025371,9.957e-05,4.213e-05,9.57e-06,9.1e-06,0.0,1.005e-05,0.00010244,7.085e-05,1.101e-05,1.388e-05,1.675e-05,2.633e-05,1.005e-05,1.675e-05,3.83e-06,6.22e-06,2.298e-05,1.053e-05,1.34e-05,3.83e-06,6.22e-06,5.74e-06,1.628e-05
dmBerVulg1,0.04532824,0.04146679,0.06371954,0.09368896,0.00101051,0.00808409,0.166215,0.0099871,0.05915862,0.01530626,0.00169183,0.00360392,0.00756235,0.00050884,0.0007592,0.00247444,0.00064644,8.457e-05,0.00329479,0.0006904,0.03367415,0.00262685,9.412e-05,0.00051218,0.00150454,0.00030769,0.00028237,0.001914,4.061e-05,0.00024845,0.00022504,0.00016292,0.00020736,0.00045628,0.00021835,0.00019685,0.00011371,0.00015671,0.00013091,9.269e-05,0.0002236,0.00013282,0.00026374,0.00015719,1.194e-05,6.498e-05,9.795e-05,0.00029097,0.00012088,0.00010511,0.00010081,0.000172,0.00076159,9.508e-05,0.00011228,0.00306355,2.198e-05,2.341e-05,7.883e-05,8.696e-05,0.00022074,0.00010368,7.453e-05,0.00012661,5.065e-05,0.00038462,0.00034496,0.00018681,4.634e-05,0.00012805,7.931e-05,3.249e-05,3.631e-05,0.00013712,0.00022886,0.00170903,0.00021357,2.293e-05,9.317e-05,0.00032441,0.00029479,0.00024224,7.023e-05,0.00042618,0.00028141,0.00059341,0.00011897,4.969e-05,5.542e-05,2.389e-05,2.293e-05,0.00034448,5.017e-05,7.31e-05,6.832e-05,5.16e-05,4.873e-05,1.768e-05,8.122e-05,0.00020019,3.488e-05,1.194e-05,0.00099904,2.867e-05,4.491e-05,0.0001763,4.969e-05,1.386e-05,2.532e-05,0.00018729,1.43e-06,3.536e-05,0.00018968,5.399e-05,0.00010511,5.208e-05,2.054e-05,3.488e-05,8.457e-05,8.791e-05,1.91e-06
drAilAlti1,0.01034372,0.01529434,0.01992042,0.09914382,0.04218313,0.08715388,0.02927325,0.07599233,0.01791179,0.00115053,0.00932502,0.00053164,0.00157047,0.00122963,0.00078715,0.00062943,0.00203308,8.821e-05,0.00268169,0.00037967,0.00031544,0.01198849,6.28e-05,0.00510547,0.00026414,0.00027804,0.00674017,0.00423873,3.164e-05,0.00058677,2.589e-05,0.00036002,0.00168169,0.00077756,0.00016539,1.44e-06,4.746e-05,0.00023921,0.00012464,0.00015724,0.00016779,5.753e-05,4.41e-05,9.012e-05,8.917e-05,0.134907,0.00031064,0.00018984,2.109e-05,0.00074832,5.225e-05,3.691e-05,0.00027996,5.657e-05,0.00032119,6.903e-05,6.52e-05,1.965e-05,0.00012081,7.191e-05,3.404e-05,5.321e-05,4.123e-05,7.335e-05,5.225e-05,1.534e-05,3.835e-05,0.00011553,5.417e-05,0.00023586,0.00023058,1.965e-05,3.068e-05,0.00015532,0.00032502,1.198e-05,0.00103452,0.00017977,4.506e-05,0.00010355,0.00010547,6.088e-05,1.534e-05,1.438e-05,1.055e-05,6.711e-05,3.5e-05,3.36e-06,0.00021045,1.582e-05,8.63e-06,7.67e-06,0.00224928,0.00015005,1.726e-05,1.294e-05,0.00011361,1.151e-05,4.458e-05,0.00028715,2.88e-06,1.198e-05,4.746e-05,9.59e-06,1.726e-05,4.31e-06,1.342e-05,0.00025791,3.739e-05,3.308e-05,1.678e-05,2.4e-06,3.356e-05,9.11e-06,4.8e-07,1.151e-05,2.157e-05,1.92e-06,2.685e-05,3.595e-05,7.19e-06
drAstGlyc1,0.04896174,0.0169407,0.02005308,0.25538451,0.00086753,0.00127212,0.00772119,0.00562745,0.00162889,0.01541798,0.00352941,0.00058297,0.00181492,0.00116882,0.00024916,0.00041416,0.00113104,0.00129125,0.00073936,0.00034433,0.00152893,0.00039742,0.00056911,0.00017599,0.00068771,0.00035198,0.01863606,0.00078479,5.165e-05,0.00044237,0.00017169,0.00102726,0.00012482,0.00029507,3.348e-05,6.504e-05,2.63e-05,5.308e-05,0.00021856,0.00021999,3.587e-05,0.0002659,0.00012099,0.00036059,3.109e-05,0.00096796,0.00047872,7.556e-05,2.63e-05,0.00019273,1.769e-05,0.00015112,0.00023769,7.7e-05,6.217e-05,0.00013008,9.421e-05,0.00027499,0.0003869,3.252e-05,0.00029173,4.495e-05,7.891e-05,5.452e-05,3.348e-05,0.00024055,3.348e-05,0.00165136,0.00014778,5.882e-05,9.087e-05,0.00010091,0.00033094,5.404e-05,0.00014443,0.00014299,3.491e-05,3.109e-05,1.435e-05,0.00010521,2.439e-05,0.02625442,4.687e-05,0.00044333,9.09e-06,0.00012291,2.104e-05,4.352e-05,1.769e-05,1.961e-05,2.87e-06,0.00062649,4.4e-05,1.53e-05,1.243e-05,0.00015256,6.839e-05,0.00019321,0.0001363,1.53e-05,5.835e-05,0.00024055,1.674e-05,0.0,0.00012626,7.652e-05,0.00015925,8.56e-05,3.061e-05,2.822e-05,5.165e-05,5.74e-06,0.00011047,0.00014491,3.252e-05,1.339e-05,9.09e-06,1.387e-05,0.0001033,7.317e-05,1.004e-05
drBuxSemp1,0.01502304,0.12793519,0.01561306,0.08534662,0.00076188,0.00953481,0.03088382,0.03618243,0.02671627,0.01662554,0.00228229,0.00050408,0.00257801,8.305e-05,0.00049256,0.00228229,0.00050456,3.505e-05,0.00043495,0.00028084,0.00042679,0.00182621,9.073e-05,0.00092703,0.00040614,0.00928997,0.0083903,0.00334854,8.161e-05,0.02295247,0.00016275,0.00010322,0.00032597,0.0002602,4.081e-05,2.88e-05,0.00033653,0.00014978,0.00044407,8.929e-05,0.00033173,6.289e-05,0.00031973,0.0001181,7.68e-06,5.857e-05,0.00094383,7.585e-05,5.713e-05,8.929e-05,3.841e-05,0.00156745,0.00018339,3.697e-05,3.601e-05,0.00030917,6.529e-05,2.016e-05,0.00010706,5.041e-05,0.0013639,2.496e-05,0.00018963,0.00106385,0.00018867,0.00024148,1.536e-05,9.938e-05,1.92e-05,8.497e-05,1.152e-05,3.265e-05,9.554e-05,2.832e-05,1.296e-05,5.665e-05,0.0001061,0.00030389,0.00043447,5.233e-05,0.00011618,1.2e-05,2.544e-05,7.729e-05,0.00012482,0.00018243,3.985e-05,2.784e-05,0.00010322,1.2e-05,6.865e-05,4.081e-05,0.00238934,0.00025876,5.28e-06,4.753e-05,8.497e-05,3.84e-06,2.832e-05,0.00024436,3.217e-05,0.0002314,4.081e-05,0.000241,1.44e-05,0.0013735,0.00028709,6.72e-06,6.625e-05,1.536e-05,4.705e-05,3.12e-05,1.68e-05,2.016e-05,9.169e-05,4.081e-05,7.2e-06,9.6e-07,6.529e-05,4.32e-06,7.2e-06
drChaAngu1,0.03198609,0.0094211,0.00273381,0.06649784,0.00355635,0.0009693,0.23140144,0.00157938,0.00106763,0.00493237,0.00139808,0.00057074,0.00220767,0.00152086,0.01040624,0.0008048,0.00093429,9.209e-05,0.00182926,0.00031894,0.00021918,0.00130168,0.00012662,0.00102302,0.00014676,0.00087866,0.00024029,0.00269976,0.00339808,0.00045084,0.00017698,0.0003036,0.00086427,0.00120096,0.00066475,0.00016787,2.206e-05,0.00019856,0.00021679,0.00023597,0.00035204,4.365e-05,9.257e-05,0.00025707,0.00283741,8.153e-05,0.00016355,0.00030168,0.00013237,0.00014245,2.686e-05,0.00023549,0.00027914,0.00013046,0.00035588,7.67e-06,0.00033046,2.974e-05,0.00030408,6.139e-05,4.796e-05,6.715e-05,0.00024988,7.002e-05,5.468e-05,2.206e-05,4.892e-05,6.379e-05,4.412e-05,0.00011031,0.00037362,9.11e-06,5.276e-05,5.276e-05,1.343e-05,1.535e-05,2.686e-05,0.0009506,6.379e-05,0.00023837,0.00152038,4.508e-05,5.084e-05,9.257e-05,2.398e-05,0.00056355,8.393e-05,2.686e-05,0.00013669,0.00011607,0.00058561,1.631e-05,0.00082446,3.309e-05,9.4e-05,0.00017698,3.213e-05,5.803e-05,0.00025899,0.00021583,2.302e-05,0.00024748,9.784e-05,0.00027242,1.631e-05,0.0002705,6.523e-05,7.722e-05,0.00014293,7.146e-05,1.199e-05,0.00051942,1.343e-05,1.535e-05,4.8e-06,0.00023118,1.391e-05,1.535e-05,2.782e-05,0.0002048,9.6e-07
drCraLaev2,0.0908307,0.07832138,0.01804065,0.01293257,0.00376662,0.01011286,0.22774653,0.0087451,0.03638403,0.01224773,0.00281827,0.0040593,0.00219321,0.0001626,0.00044907,0.00193974,0.00095457,0.00011239,0.00053276,0.00046102,0.00073984,0.00065662,0.00035103,0.00124008,0.01827594,0.00042372,0.00053659,0.00048207,5.022e-05,0.00034338,0.00066045,0.00025586,0.00016356,0.00155524,0.00011239,7.747e-05,3.969e-05,0.00012243,0.00017456,0.00011956,8.752e-05,0.00011717,0.00041703,0.0002659,8.13e-06,0.00029029,0.00013869,0.00066332,0.00010187,0.00035677,8.178e-05,0.00011573,0.00011,4.065e-05,2.009e-05,1.1e-05,0.00013821,7.126e-05,0.00068627,0.00027977,0.0008197,0.00014873,0.00080775,7.126e-05,3.826e-05,0.00017408,3.826e-05,9.23e-05,6.791e-05,0.00011908,2.2e-05,2.391e-05,0.03774462,0.00014873,0.00025012,9.56e-06,9.565e-05,0.00031516,2.63e-05,0.00036442,6.408e-05,0.00012243,0.00011765,0.00011765,5.213e-05,0.0001076,4.687e-05,6.648e-05,4.878e-05,3.587e-05,0.00021712,4.878e-05,0.00021282,2.822e-05,2.535e-05,9.421e-05,5.882e-05,1.961e-05,2.248e-05,0.0001186,0.0002769,0.00013056,5.26e-06,2.391e-05,0.00041224,0.00010426,0.00018938,0.00023482,5.882e-05,2.439e-05,5.022e-05,0.0001516,7.891e-05,0.00336107,4.161e-05,1.53e-05,7.65e-06,4.8e-07,2.296e-05,2.822e-05,0.0
drEroMari8,0.00603498,0.03859751,0.01634931,0.08820795,0.00273455,0.00222808,0.09556732,0.00372017,0.06117873,0.00322808,0.00190081,0.00049401,0.00065165,9.583e-05,0.00025491,0.00208769,0.00024437,3.785e-05,0.00058888,9.391e-05,0.00058313,0.00025395,0.00010829,0.00025683,0.00039291,0.00062674,0.0774183,0.00024533,1.054e-05,0.00012746,3.977e-05,7.906e-05,7.283e-05,0.0001677,0.00010398,2.87e-06,7.19e-06,0.00032535,3.115e-05,0.00018256,5.798e-05,6.325e-05,1.965e-05,3.306e-05,2.54e-05,9.248e-05,0.00014902,2.108e-05,3.737e-05,0.00015668,0.16282846,1.965e-05,4.792e-05,1.39e-05,2.156e-05,5.989e-05,2.252e-05,1.102e-05,3.115e-05,6.517e-05,2.444e-05,2.396e-05,7.19e-06,5.75e-06,7.67e-06,0.00016531,1.677e-05,0.00048107,8.241e-05,1.917e-05,3.498e-05,8.62e-06,6.133e-05,1.246e-05,1.677e-05,2.683e-05,2.54e-05,2.87e-06,1.773e-05,9.58e-06,5.175e-05,0.00017345,6.23e-06,1.629e-05,1.773e-05,2.444e-05,6.23e-06,2.731e-05,1.821e-05,1.677e-05,3.785e-05,1.869e-05,7.523e-05,3.35e-06,1.92e-06,2.204e-05,2.492e-05,1.533e-05,3.977e-05,5.702e-05,1.485e-05,1.054e-05,3.402e-05,1.44e-06,1.198e-05,2.635e-05,9.6e-07,4.217e-05,9.583e-05,1.581e-05,8.62e-06,2.3e-05,4.31e-06,1.198e-05,1.629e-05,9.1e-06,2.827e-05,2.731e-05,2.06e-05,9.1e-06,1.92e-06
drFilUlma1,0.12837608,0.05776993,0.00239145,0.00351441,0.00557685,0.00430548,0.23351441,0.00595437,0.00355427,0.00654227,0.02074832,0.0369414,0.00655235,0.0004001,0.00453074,0.00158694,0.00783525,0.00013016,0.00114025,0.00071902,0.00060999,0.0041806,0.00023487,0.00061864,0.00281124,0.00088088,0.00086647,0.00222719,2.738e-05,0.00058598,2.69e-05,0.00036407,0.00050624,0.08688088,0.00012296,1.393e-05,0.00038521,0.00727666,0.00035975,0.00021518,7.109e-05,0.00067531,0.00017675,0.00048655,5.187e-05,0.00100144,0.0002147,0.00027666,4.419e-05,0.00041402,0.0004366,0.00070509,0.00096398,0.00055187,7.205e-05,0.00158405,0.00017003,5.187e-05,0.00018972,0.00014313,0.0002243,0.00010279,0.00011287,0.00059462,0.0001292,0.00020845,3.602e-05,0.00085879,0.00047935,7.205e-05,0.0002171,0.00022815,0.00012008,0.00013833,0.00013305,7.541e-05,0.00106532,0.00187992,0.00054947,0.00080596,0.00021518,5.283e-05,0.00010375,0.0001609,5.476e-05,0.00055379,7.012e-05,5.572e-05,0.00020269,0.0005634,0.00012296,0.00015706,0.00071518,4.755e-05,1.393e-05,0.00045773,1.489e-05,3.314e-05,0.0003367,0.00072478,6.772e-05,0.00069597,5.283e-05,7.877e-05,7.397e-05,5.956e-05,0.00011335,4.419e-05,0.00017531,4.659e-05,2.354e-05,4.467e-05,1.537e-05,1.873e-05,3.314e-05,0.00047166,5.28e-06,4.32e-06,0.00011575,2.882e-05,1.873e-05
drGeuUrba1,0.09955614,0.09575576,0.00131718,0.00419386,0.00090499,0.00296113,0.2201214,0.00142035,0.00067562,0.01160509,0.00102687,0.00394434,0.01984741,0.0004856,0.00106574,0.00331622,0.20727207,0.00062764,0.00054846,0.00020729,0.00055086,0.00058205,0.00072841,0.00034741,0.00026871,0.00115355,7.006e-05,0.00042322,0.00034261,0.00023512,0.00021737,0.0004453,0.00017226,0.0010739,0.00016171,2.735e-05,1.871e-05,6.67e-05,0.0001142,0.00022025,8.589e-05,0.00010653,0.0001118,0.00016123,3.36e-06,0.0001881,0.00010365,6.958e-05,4.031e-05,0.00017562,0.00016891,0.01359357,3.407e-05,4.319e-05,8.109e-05,3.983e-05,4.655e-05,6.91e-05,0.00024424,3.647e-05,0.00025912,0.00022553,3.503e-05,6.43e-05,5.086e-05,7.342e-05,1.2e-05,9.165e-05,2.063e-05,8.925e-05,8.301e-05,4.415e-05,0.00033925,0.00020058,4.079e-05,0.00010029,2.255e-05,8.445e-05,2.447e-05,0.00014155,7.486e-05,0.00015211,6.43e-05,2.495e-05,5.902e-05,0.00018666,3.263e-05,1.775e-05,0.0001953,0.00010701,3.311e-05,5.422e-05,0.0005024,4.942e-05,2.927e-05,7.678e-05,8.733e-05,4.463e-05,1.871e-05,4.463e-05,3.839e-05,5.278e-05,3.359e-05,2.159e-05,8.925e-05,7.869e-05,3.599e-05,5.038e-05,0.0002428,2.927e-05,3.695e-05,0.00031238,1.008e-05,7.246e-05,4.8e-07,0.00010029,5.23e-05,1.92e-06,1.392e-05,1.392e-05,1.536e-05
drHedHeli1,0.09843657,0.00486692,0.00894016,0.04046577,0.00799569,0.03155673,0.28878794,0.02665055,0.00812207,0.00328865,0.00076687,0.00040737,0.0023619,0.00250407,0.0006381,0.00098085,0.00049593,0.00049689,0.00148684,0.0017573,0.00252513,0.00364624,0.00025371,0.00099904,0.00057061,0.00020297,0.00013978,0.00228722,0.00010053,0.00040594,8.904e-05,0.00070847,0.0006472,0.00105122,0.00023552,9.67e-05,4.021e-05,5.984e-05,0.00044471,9.861e-05,0.00020488,0.00015989,0.00015797,0.00010627,5.74e-06,0.00016324,7.516e-05,4.021e-05,0.00011345,0.00010819,4.165e-05,7.468e-05,0.00013739,8.329e-05,7.516e-05,0.00015318,0.00037817,3.112e-05,0.00028818,0.00016467,9.765e-05,0.00014935,0.00011872,0.00014935,0.0003236,0.00054524,0.0001551,3.064e-05,5.361e-05,0.00015414,3.686e-05,6.7e-06,3.782e-05,6.032e-05,9.57e-06,6.127e-05,2.537e-05,8.14e-06,0.00015318,0.00013787,5.697e-05,6.415e-05,2.92e-05,0.00013356,7.324e-05,9.095e-05,7.228e-05,2.011e-05,5.601e-05,1.532e-05,4.31e-06,6.367e-05,0.0007731,5.984e-05,1.771e-05,5.649e-05,0.00034418,8.952e-05,5.409e-05,2.393e-05,0.00014122,2.872e-05,4.978e-05,7.66e-06,3.016e-05,8.617e-05,0.00017042,0.00211872,3.542e-05,3.734e-05,0.0001326,8.138e-05,2.537e-05,0.00011776,2.968e-05,7.66e-06,7.66e-06,3.83e-06,1.915e-05,7.372e-05,5.74e-06
drIleAqui2,0.13971456,0.09387208,0.00737566,0.14748831,0.00167589,0.00440382,0.19448544,0.02818568,0.00672983,0.00386205,0.00101575,0.00062053,0.00235609,0.00039857,0.00030931,0.00189403,0.00049403,0.00022673,0.00075084,0.00248544,0.00164487,0.0009494,0.00051074,0.00039141,0.00276277,0.00164296,0.00040907,0.00119284,0.00052936,0.00043341,0.00058186,0.00010979,0.00033556,0.00010644,4.439e-05,0.00012745,4.487e-05,7.78e-05,0.00026301,0.00015036,6.969e-05,8.353e-05,0.0002358,8.258e-05,2.912e-05,0.00219761,0.00314797,0.00029356,3.055e-05,0.00014272,4.487e-05,0.000179,0.00042339,0.00032076,8.831e-05,0.0002926,4.821e-05,4.153e-05,0.00182482,7.255e-05,9.737e-05,0.00037757,0.00020334,0.00020143,0.00012601,5.346e-05,8.59e-06,3.532e-05,7.64e-06,4.296e-05,9.594e-05,3.341e-05,0.00014463,0.00016325,0.000158,0.0001074,0.00015418,3.15e-05,4.2e-05,7.589e-05,0.00011313,0.00014177,2.578e-05,0.00028735,6.587e-05,2.1e-05,2.1e-05,9.165e-05,0.00012029,4.153e-05,8.926e-05,2.912e-05,0.00015752,3.007e-05,6.921e-05,0.00010119,0.0001031,7.64e-06,9.117e-05,5.203e-05,9.976e-05,2.1e-05,2.291e-05,8.735e-05,0.00026683,4.487e-05,6.444e-05,2.339e-05,0.00012315,6.11e-05,0.00010215,2.148e-05,2.721e-05,3.771e-05,8.687e-05,4.01e-05,9.5e-07,8.59e-06,3.15e-05,7.78e-05,8.59e-06
drMalDome5,0.09602837,0.00775577,0.00876971,0.00256971,0.03342019,0.09375481,0.24323942,0.00449038,0.0587774,0.03588029,0.00225,0.00180817,0.01606298,0.00079567,0.00129375,0.0147774,0.00157404,0.00016635,0.00036971,0.0003875,0.00445144,0.00240096,0.000375,0.00041538,0.01044615,0.00015817,0.00033029,0.00088269,8.65e-06,0.00187115,5.865e-05,0.00036394,0.00011298,0.00044663,0.00036058,3.99e-05,0.00011298,0.00586731,0.00317212,8.51e-05,6.587e-05,0.00014952,0.00014856,0.00014231,1.971e-05,0.000225,0.00023029,9.519e-05,5.192e-05,0.0002101,4.808e-05,4.471e-05,5e-05,1.635e-05,1.106e-05,0.00041635,6.346e-05,3.317e-05,0.00011442,0.00015673,0.00019375,2.308e-05,8.269e-05,3.654e-05,3.558e-05,0.00022115,0.00016923,0.0004274,0.00044663,5.673e-05,6.01e-05,0.00017596,0.00019135,0.00012067,5.433e-05,5.577e-05,0.00018606,4.279e-05,7.5e-05,6.923e-05,3.75e-05,0.00107644,5.721e-05,7.933e-05,3.99e-05,4.423e-05,5e-05,4.952e-05,8.894e-05,2.404e-05,6.73e-06,0.00033846,0.00015096,0.00080865,1.154e-05,7.356e-05,2.067e-05,4.76e-05,0.00013365,3.942e-05,0.00020048,5.913e-05,1.106e-05,2.692e-05,3.413e-05,7.115e-05,1.394e-05,2.308e-05,6.442e-05,0.00036058,7.115e-05,1.202e-05,0.00016442,6.827e-05,3.221e-05,4.615e-05,2.74e-05,2.788e-05,3.654e-05,5.288e-05,9.6e-07
drMalDome10,0.11135759,0.00288511,0.00496697,0.00067257,0.01172571,0.1323394,0.18750886,0.00308473,0.00310866,0.02521541,0.00312015,0.0007415,0.01283389,0.00100096,0.00735232,0.00205361,0.00112733,0.00047678,0.00041934,0.00032839,0.0015237,0.00063619,0.00034753,0.00025754,0.05506079,3.351e-05,0.00038679,0.00116132,0.00022259,0.00040258,7.516e-05,6.702e-05,0.00025132,8.664e-05,0.00551795,1.675e-05,0.00069172,0.00125515,8.042e-05,0.00049545,0.00010627,0.00011872,0.00041599,0.00020488,2.298e-05,0.00014409,3.494e-05,9.047e-05,6.415e-05,5.601e-05,1.819e-05,2.202e-05,0.00024557,0.00014888,0.0002001,0.00032599,5.074e-05,6.175e-05,0.00023887,6.989e-05,3.494e-05,4.978e-05,0.00010244,9.43e-05,5.074e-05,8.904e-05,3.159e-05,0.00011776,0.00016419,0.00016994,1.867e-05,2.441e-05,8.617e-05,0.00020823,1.532e-05,0.00019627,0.00036285,0.00010914,0.00012638,1.628e-05,4.213e-05,0.00040881,7.228e-05,3.064e-05,7.659e-05,5.888e-05,3.638e-05,3.255e-05,0.00012638,4.452e-05,7.994e-05,6.51e-05,0.00113451,2.537e-05,8.76e-05,6.75e-05,3.59e-05,0.00017712,0.00010196,2.92e-05,5.984e-05,0.00026999,1.771e-05,6.032e-05,0.00015462,5.409e-05,4.883e-05,0.00046146,3.303e-05,9.43e-05,1.675e-05,1.628e-05,4.308e-05,1.053e-05,4.739e-05,8.281e-05,8.138e-05,4.691e-05,5.601e-05,4.548e-05,2.776e-05
drMalDome11,0.1737748,0.04202827,0.01334883,0.00223047,0.07181696,0.06680834,0.22827935,0.01662722,0.01001917,0.00315956,0.00786775,0.00318591,0.01505127,0.00040345,0.0043953,0.00221754,0.00146382,0.0008874,0.00225731,0.0003656,0.00289554,0.0012161,0.0006483,0.00104169,0.04905846,0.00024054,0.00071921,0.00074269,2.683e-05,0.0003747,0.00028174,0.00019118,0.00016579,0.0002391,0.00014327,1.869e-05,0.00018879,0.00164207,0.00015477,0.00041447,0.00050551,0.00026449,0.00126977,0.00014471,1.485e-05,0.00022568,0.00016723,0.00019885,0.00013416,6.469e-05,0.00016435,0.00011404,0.0001241,0.00011596,3.019e-05,0.00224581,0.00058074,0.00010158,6.66e-05,0.00011404,0.00019166,2.827e-05,0.00015381,0.00022041,2.827e-05,0.00023766,7.858e-05,0.0003656,0.000115,0.00023047,2.204e-05,0.00013512,0.0004183,3.258e-05,6.756e-05,0.00013848,0.00038189,3.785e-05,4.121e-05,9.104e-05,7.523e-05,9.775e-05,0.00014087,0.00014518,0.00026689,0.0001955,2.875e-05,0.00018304,6.996e-05,8.577e-05,3.019e-05,7.235e-05,0.00024533,1.965e-05,3.019e-05,2.923e-05,2.252e-05,7.331e-05,0.00012218,0.00011021,0.00035122,6.996e-05,0.00020747,5.414e-05,4.79e-06,0.00013416,0.0002161,7.571e-05,8.769e-05,4.264e-05,1.533e-05,7.858e-05,7.954e-05,1.294e-05,1.821e-05,9.58e-06,2.87e-06,0.0,3.737e-05,2.971e-05,0.0
drMalRobu1,0.01029243,0.01074209,0.02480633,0.02945062,0.0021232,0.00268121,0.22853979,0.00583078,0.06309156,0.05647411,0.00402061,0.00174017,0.00131448,0.00047411,0.00029243,0.00030058,0.00057718,7.335e-05,0.00077469,0.00022196,0.00030105,0.00077756,0.00030968,0.00109348,0.00074353,0.00050144,0.00022004,0.00032694,8.821e-05,7.383e-05,0.00027852,0.0003883,8.485e-05,0.01789693,7.287e-05,1.151e-05,2.013e-05,3.787e-05,7.718e-05,0.00011409,4.842e-05,8.533e-05,5.561e-05,0.00025695,1.87e-05,0.00028619,6.328e-05,5.034e-05,4.41e-05,0.00024305,7.766e-05,8.533e-05,5.609e-05,2.637e-05,2.397e-05,3.691e-05,4.219e-05,1.486e-05,0.00035043,0.00011457,4.362e-05,4.458e-05,3.02e-05,5.369e-05,3.02e-05,4.746e-05,2.876e-05,2.733e-05,1.726e-05,0.00011937,2.78e-05,0.00013758,7.67e-05,2.972e-05,0.00024017,2.109e-05,0.00012368,5.992e-05,3.116e-05,4.075e-05,2.445e-05,8.965e-05,3.212e-05,8.677e-05,1.055e-05,3.5e-05,4.79e-06,1.965e-05,1.918e-05,5.657e-05,2.109e-05,1.63e-05,0.00029818,2.493e-05,3.356e-05,2.78e-05,3.787e-05,2.061e-05,1.726e-05,4.65e-05,1.534e-05,1.918e-05,1.678e-05,9.11e-06,1.774e-05,2.301e-05,3.308e-05,1.342e-05,3.36e-06,4.027e-05,2.637e-05,4.458e-05,7.67e-06,1.486e-05,6.23e-06,2.78e-05,2.397e-05,2.397e-05,1.342e-05,1.63e-05,9.6e-07
drMalSylv7,0.05604914,0.01407586,0.00342366,0.00176097,0.1037333,0.26359208,0.15937071,0.00708158,0.00442653,0.00185305,0.00096517,0.00100573,0.01256059,0.00030773,0.02080916,0.02066269,0.00329198,0.00021135,0.00327004,0.00024571,0.00674905,0.00076145,5.725e-05,0.00050525,0.07727529,0.00085973,0.00027052,0.00083969,4.342e-05,0.00022615,0.00012357,7.347e-05,0.0001708,0.00014552,0.00027863,0.00016985,5.868e-05,0.00042939,0.00019227,0.00034971,6.059e-05,0.00024523,3.817e-05,4.914e-05,0.00011975,5.868e-05,0.00017748,0.00039552,3.817e-05,7.681e-05,4.58e-05,0.00020324,3.674e-05,5.964e-05,0.00012118,0.00072328,7.968e-05,8.302e-05,0.00025191,0.00038311,0.00012261,9.971e-05,7.3e-05,8.158e-05,4.819e-05,0.00018177,0.00018177,0.00032634,0.00010544,6.775e-05,0.00023187,6.68e-06,0.00011116,3.721e-05,5.439e-05,0.00032061,0.00015792,2.481e-05,0.00020563,2.195e-05,0.00031966,0.00014504,0.00010973,2.242e-05,2.433e-05,3.626e-05,4.771e-05,6.489e-05,0.00011403,4.103e-05,4.055e-05,0.00070611,0.00047615,0.00012452,5.773e-05,0.00022662,0.00014456,2.529e-05,0.00018893,3.769e-05,9.351e-05,7.968e-05,8.874e-05,1.384e-05,3.912e-05,5.01e-05,1.002e-05,0.00041937,6.059e-05,0.00053149,7.681e-05,8.59e-06,7.872e-05,9.54e-06,1.336e-05,4.723e-05,0.00013263,9.351e-05,1.91e-06,3.006e-05,1.574e-05
drMedArab1,0.0060478,0.00175526,0.002076,0.5374847,0.00448566,0.00831883,0.00161855,0.00121272,0.03128776,0.00084704,0.00081644,0.00042686,0.00032075,0.00014532,0.00013384,0.00105832,0.00012428,6.358e-05,0.00109321,0.00042161,0.00019646,0.00022658,0.0004479,0.00052629,0.00035755,0.012163,0.0013934,0.0001066,2.294e-05,0.00051482,2.39e-05,6.405e-05,5.258e-05,9.226e-05,0.00023375,8.6e-06,0.00010803,9.751e-05,3.059e-05,7.744e-05,6.979e-05,2.151e-05,5.975e-05,0.00016826,7.65e-06,0.00136138,7.983e-05,8.748e-05,2.87e-06,0.00015774,4.876e-05,2.82e-05,0.00031166,7.122e-05,1.434e-05,4.111e-05,2.868e-05,3.35e-06,5.21e-05,3.633e-05,0.00013815,1.53e-05,4.637e-05,3.442e-05,5.26e-06,3.394e-05,8.6e-06,6.21e-06,8.031e-05,2.247e-05,8.6e-06,4.732e-05,2.868e-05,6.166e-05,9.034e-05,7.65e-06,1.099e-05,2.008e-05,1.052e-05,2.772e-05,3.059e-05,3.155e-05,5.74e-06,3.776e-05,9.08e-06,8.6e-06,1.099e-05,1.43e-06,3.633e-05,3.35e-06,2.103e-05,2.87e-06,0.00011377,6.69e-06,3.82e-06,1.338e-05,6.023e-05,9.08e-06,1.099e-05,1.625e-05,0.00014579,5.832e-05,8.6e-06,2.39e-05,9.08e-06,3.346e-05,0.0,2.87e-06,4.78e-06,6.21e-06,1.625e-05,1.338e-05,3.35e-06,8.6e-06,8.6e-06,2.581e-05,1.577e-05,9.6e-07,4.3e-06,1.004e-05,1.43e-06
drMedLupu1,0.01777906,0.00703506,0.14334486,0.18049328,0.00383814,0.00176177,0.010939,0.0368194,0.00307109,0.08712872,0.00212536,0.00059414,0.00175937,0.00145149,0.0004318,0.02070029,0.000317,0.00055427,0.00160855,0.00041258,0.00106436,0.00085639,0.00035303,0.00038473,0.00104275,0.0026585,0.00027906,0.00092843,2.065e-05,8.453e-05,1.825e-05,0.00015754,9.366e-05,0.00044332,0.00011623,1.489e-05,8.17e-06,0.00053314,0.00014169,0.00013064,7.925e-05,0.00031508,0.0001489,5.187e-05,2.69e-05,0.00025841,0.00115802,3.314e-05,1.777e-05,4.323e-05,5.668e-05,4.419e-05,8.838e-05,0.00082469,0.00067819,0.00028818,0.00013064,3.554e-05,0.00024304,4.947e-05,3.314e-05,9.606e-05,3.218e-05,5.043e-05,0.00017387,0.0001316,0.00011335,0.00014217,0.00010711,0.00011047,0.00022526,0.00010615,2.354e-05,0.00029155,0.00012008,0.00012824,5.86e-05,6.388e-05,7.925e-05,5.572e-05,1.969e-05,0.00092699,9.61e-06,0.00017195,3.36e-06,7.109e-05,1.489e-05,1.249e-05,0.00027137,1.729e-05,3.314e-05,6.72e-06,3.65e-05,7.829e-05,1.969e-05,2.017e-05,8.069e-05,2.209e-05,0.0003194,0.000244,4.899e-05,0.00012824,2.161e-05,1.105e-05,3.458e-05,2.834e-05,3.602e-05,8.069e-05,7.733e-05,7.2e-06,6.052e-05,1.009e-05,1.489e-05,1.969e-05,3.84e-06,1.057e-05,0.00023583,1.585e-05,7.68e-06,1.729e-05,4.8e-06
drParJuda1,0.22488586,0.02703343,0.00455396,0.00291977,0.00229799,0.00192359,0.22224833,0.00140544,0.00263181,0.00204107,0.00093649,0.00147469,0.0047574,0.00070821,0.00255349,0.00786294,0.17857068,0.00013945,0.00076934,9.456e-05,0.00164804,0.00077841,0.00010888,0.00026457,0.00074642,0.00020917,0.00014661,0.00055396,0.00018099,0.00054823,6.304e-05,0.00117431,0.00028701,0.00114804,3.916e-05,5.731e-05,2.34e-05,0.00013181,8.787e-05,0.00020248,7.975e-05,0.00012369,0.00010506,5.683e-05,1.337e-05,0.0002149,9.217e-05,6.543e-05,2.627e-05,6.59e-05,4.107e-05,0.1025745,0.0001915,0.00011843,0.00014756,6.495e-05,0.00012082,2.245e-05,9.79e-05,2.483e-05,0.00025501,4.107e-05,7.259e-05,6.113e-05,6.256e-05,0.0001767,3.82e-06,0.00041117,2.292e-05,0.00018147,2.77e-05,1.433e-05,0.00016476,0.00027794,3.438e-05,6.304e-05,9.456e-05,7.211e-05,6.304e-05,0.00019771,0.00046514,0.00020153,0.00014852,3.916e-05,3.391e-05,8.835e-05,5.062e-05,9.312e-05,8.166e-05,0.00010602,2.292e-05,0.00010793,0.00010124,0.0002383,1.433e-05,0.00016141,5.062e-05,1.958e-05,0.00010936,3.104e-05,2.436e-05,7.163e-05,2.245e-05,4.967e-05,8.405e-05,5.826e-05,0.00013849,3.391e-05,0.00027125,0.00016189,1.194e-05,1.719e-05,0.00019723,0.00022445,1.289e-05,0.00019389,1.815e-05,6.829e-05,1.194e-05,0.00014709,5.826e-05
drPotAnse1,0.00516013,0.00328728,0.00641587,0.03759847,0.00351243,0.00677725,0.02139149,0.00631931,0.028163,0.00071797,0.00070315,0.00026243,0.00055258,0.00014054,0.00043451,0.00057935,0.00013145,0.00017161,0.00132983,0.00035851,0.00030019,0.00160946,0.00040727,0.00041635,0.0006869,0.00118738,0.00010851,0.0001195,2.103e-05,0.00011902,5.354e-05,0.00013576,0.00075478,0.00070411,8.317e-05,5.449e-05,7.075e-05,1.625e-05,0.00012094,0.00012094,0.00024092,2.772e-05,2.868e-05,0.00012715,2.247e-05,0.00011329,3.155e-05,5.545e-05,1.195e-05,0.00012859,1.912e-05,2.151e-05,3.25e-05,0.00012333,2.677e-05,3.394e-05,9.273e-05,2.677e-05,7.65e-06,2.39e-05,3.011e-05,3.537e-05,9.608e-05,9.417e-05,5.832e-05,2.103e-05,1.004e-05,1.673e-05,8.6e-06,1.673e-05,1.769e-05,2.772e-05,7.409e-05,1.195e-05,3.298e-05,4.3e-06,5.545e-05,2.772e-05,1.099e-05,1.386e-05,3.489e-05,8.556e-05,1.195e-05,3.394e-05,4.3e-06,7.648e-05,2.486e-05,4.3e-06,6.453e-05,7.65e-06,5.449e-05,1.291e-05,0.33868451,0.00018451,1.53e-05,8.843e-05,2.342e-05,0.00018977,4.732e-05,4.254e-05,0.00016252,2.008e-05,1.195e-05,9.6e-07,1.912e-05,9.56e-06,1.769e-05,4.302e-05,4.541e-05,3.82e-06,3.059e-05,1.004e-05,4.78e-06,1.864e-05,1.864e-05,1.482e-05,0.0,4.78e-06,0.0,1.052e-05,9.6e-07
drPotSter1,0.03221514,0.02150934,0.01011883,0.17996358,0.00210685,0.00090561,0.00720747,0.00182942,0.00115525,0.00978773,0.00221706,0.00627983,0.01178773,0.00029037,0.00077288,0.00069478,0.06221562,0.00017441,0.0003287,0.00015668,0.00047245,0.0005587,0.00010398,0.00010781,0.00036512,0.00010541,0.00229899,0.00092046,0.0002367,0.00057163,0.00069861,0.00030522,6.564e-05,0.00035793,0.00011021,2.731e-05,4.696e-05,0.00023431,6.373e-05,0.00053234,0.0001356,0.0001725,0.00012171,0.00012266,6.71e-06,4.696e-05,6.085e-05,0.00012746,2.731e-05,0.00020987,0.00014279,0.00158553,4.504e-05,7.523e-05,0.00015333,3.402e-05,9.535e-05,1.437e-05,0.00019981,0.00011644,0.00039962,0.00013225,0.00019262,1.869e-05,8.15e-06,0.00036991,6.517e-05,0.00136703,0.00016866,0.0001035,1.821e-05,1.581e-05,0.00012027,9.631e-05,0.00068328,9.679e-05,0.00015525,0.00022856,6.996e-05,8.577e-05,6.66e-05,0.00017873,0.00012075,3.833e-05,0.00038045,0.00021035,0.00019741,4.552e-05,2.012e-05,0.00015429,3.594e-05,0.000207,5.367e-05,3.402e-05,1.198e-05,2.156e-05,4.839e-05,3.83e-06,8.146e-05,3.498e-05,2.444e-05,2.54e-05,1.725e-05,4.217e-05,4.6e-05,1.006e-05,7.954e-05,3.642e-05,2.444e-05,1.054e-05,1.725e-05,0.00065261,9.391e-05,2.971e-05,1.725e-05,0.00034116,0.00030762,9.58e-06,9.056e-05,5.989e-05,0.0
drPruPadu1,0.04584811,0.07867322,0.04665597,0.31733637,0.01401629,0.01428749,0.00490704,0.01345616,0.0158735,0.00304264,0.00149257,0.0083608,0.00162338,0.00033541,0.000977,0.00199521,0.00148107,9.056e-05,0.00713368,0.02966555,0.00265213,0.00677144,0.00032151,0.00608912,0.00072305,0.00066986,0.00011931,0.00035362,5.031e-05,0.0001701,0.00011883,0.00015716,0.00032726,0.00518448,0.00022712,9.487e-05,3.546e-05,0.00015141,0.00012314,0.00018495,0.00017537,0.00014135,0.00273215,6.037e-05,2.06e-05,0.00017393,0.00012075,0.00041255,1.342e-05,0.00068807,0.09449305,0.00036368,0.00055486,7.331e-05,1.629e-05,6.229e-05,0.00067274,3.83e-06,8.146e-05,0.00055295,6.133e-05,4.792e-05,0.00023095,0.00026354,0.00016531,0.00010158,1.44e-06,0.00012937,1.725e-05,0.00011835,3.306e-05,5.606e-05,4.696e-05,0.00017729,3.019e-05,6.133e-05,0.00012889,0.00011069,0.00017873,0.0001907,4.792e-05,0.00015573,6.037e-05,0.0001011,0.00011021,3.354e-05,1.917e-05,2.492e-05,0.00035266,0.00011404,7.19e-06,4.6e-05,0.00047149,7.283e-05,0.00020939,0.00035506,8.912e-05,8.05e-05,1.869e-05,0.0002597,0.00010781,0.00011212,2.971e-05,1.533e-05,0.0011677,9.1e-06,0.00014471,0.00018256,3.402e-05,0.00044322,9.248e-05,1.917e-05,7.67e-06,0.00017825,3.019e-05,2.444e-05,1.629e-05,3.35e-06,5.175e-05,0.00014375,1.102e-05
drPyrComm1,0.01369659,0.01831781,0.02150552,0.0148603,0.00312242,0.00174988,0.08561882,0.1036097,0.00316899,0.08719203,0.00254441,0.00055065,0.00776812,0.00057849,0.00102736,0.0003471,0.00126884,0.0003783,0.00092895,0.00020835,0.0039059,0.00038646,0.00053337,0.00070043,0.0006001,0.00023764,0.00031733,0.00359434,0.00010034,0.00076284,0.00014066,0.00014834,0.00020115,0.00165146,0.00068315,0.00017139,6.961e-05,0.00018771,0.00027316,0.00021747,9.89e-05,3.505e-05,0.0005156,0.0001109,2.448e-05,0.00011714,9.938e-05,0.00021123,1.344e-05,4.609e-05,3.793e-05,1.824e-05,0.00014546,3.553e-05,7.153e-05,2.688e-05,4.033e-05,9.506e-05,0.00017331,0.00010754,0.00011138,3.072e-05,2.304e-05,0.00044215,0.00013394,0.00016611,9.458e-05,0.00055689,1.2e-05,3.024e-05,0.00026404,2.784e-05,4.177e-05,4.609e-05,1.728e-05,6.817e-05,0.00016227,9.217e-05,9.602e-05,1.2e-05,6.049e-05,7.153e-05,0.00013106,0.00375852,0.00139894,0.00064234,3.072e-05,0.0001061,8.593e-05,7.921e-05,2.544e-05,9.025e-05,0.00048008,0.00029429,9.554e-05,0.00042487,7.441e-05,4.753e-05,4.609e-05,6.625e-05,2.592e-05,1.824e-05,0.00016083,8.545e-05,1.68e-05,7.729e-05,1.392e-05,5.76e-06,6.673e-05,0.00044263,0.00018003,0.00010946,2.592e-05,1.344e-05,6.961e-05,0.00024388,3.937e-05,7.393e-05,9.073e-05,6.193e-05,2.4e-06
drTriFrag1,0.2818463,0.06387289,0.00785549,0.08955244,0.0098405,0.00228951,0.21866796,0.01302368,0.00856162,0.02065152,0.00592653,0.00763702,0.00347173,0.00037796,0.00139198,0.00101353,0.00146448,0.00038666,0.00068342,0.00096617,0.00154567,0.00108265,0.00097632,0.00043064,0.01054471,0.00025955,0.00142629,0.00077815,5.172e-05,0.00019865,0.00018656,0.00033929,0.00014016,0.00114161,6.815e-05,4.785e-05,0.00019091,0.00018415,0.00015756,0.00010971,0.00021363,0.00120058,0.00025423,0.0001682,1.788e-05,0.00220203,0.00016771,0.00023635,8.603e-05,0.00010826,6.863e-05,0.0001537,0.00025906,0.0018666,2.61e-05,0.00024988,0.00060802,5.027e-05,7.395e-05,5.993e-05,0.00011261,0.00017206,0.00024601,0.00049058,0.00017545,9.232e-05,5.752e-05,0.00073224,4.398e-05,0.00029193,7.73e-06,0.00010295,9.377e-05,0.00022088,7.057e-05,3.093e-05,0.00034654,0.00067617,0.00020155,0.00020783,4.833e-05,0.00013485,0.00014065,0.00016385,0.00014113,0.00085597,8.845e-05,1.692e-05,0.00013001,0.00018656,4.882e-05,0.00020445,0.00014451,0.00034509,6.283e-05,3.48e-05,0.0001537,4.205e-05,6.96e-05,0.00019333,3.867e-05,2.658e-05,9.908e-05,0.00015225,2.465e-05,0.0001073,1.93e-06,5.413e-05,3.383e-05,1.643e-05,3.238e-05,1.982e-05,5.51e-05,3.142e-05,1.982e-05,4.302e-05,2.175e-05,9.7e-07,8.99e-05,3.093e-05,1.112e-05
drTriSubt1,0.0212966,0.10480546,0.00766794,0.27844562,0.01992861,0.11596646,0.02623814,0.00257451,0.06853953,0.00563057,0.03033972,0.00064207,0.00098275,0.00013033,0.00060326,0.12190034,0.00023575,0.00028079,0.02048874,0.00041255,0.00104169,0.0006598,0.00038764,0.00147916,0.00060038,0.0005218,0.00116579,0.00031337,5.51e-05,0.00016004,6.804e-05,0.00012506,0.0001677,0.00036703,0.00072928,3.594e-05,0.00020316,0.00017585,0.00021945,0.00018831,0.00045328,5.031e-05,0.00092813,0.00032678,5.606e-05,0.00014423,9.344e-05,7.667e-05,6.037e-05,0.0004667,1.869e-05,5.894e-05,8.769e-05,9.535e-05,1.437e-05,7.81e-05,0.00020077,2.444e-05,3.067e-05,0.00041495,0.00035218,6.804e-05,0.00011116,0.00059128,3.402e-05,7.571e-05,3.642e-05,5.367e-05,0.00024437,0.00015477,2.971e-05,7.81e-05,0.00016675,4.839e-05,5.414e-05,8.337e-05,0.00027072,4.552e-05,2.396e-05,5.989e-05,7.092e-05,0.00061476,6.421e-05,6.948e-05,3.402e-05,4.792e-05,2.3e-05,0.00015764,0.0001586,1.246e-05,1.773e-05,7.667e-05,0.00020077,6.852e-05,1.917e-05,3.929e-05,3.881e-05,0.00012075,6.948e-05,2.971e-05,0.00042262,2.348e-05,1.773e-05,7.523e-05,8.673e-05,0.00021802,3.69e-05,6.469e-05,7.379e-05,0.0001126,8.15e-06,5.271e-05,9.58e-06,2.779e-05,4.696e-05,3.594e-05,2.156e-05,1.869e-05,1.342e-05,5.27e-06,2.87e-06
drUmbRupe1,0.00678773,0.0580551,0.00573119,0.30937662,0.02528079,0.00390321,0.00067561,0.00147197,0.14394969,0.00087063,0.00173503,0.00063201,0.00041495,0.00010925,0.00024772,0.0001356,0.00028414,6.085e-05,0.00018256,0.00013752,0.00021227,0.00625252,4.456e-05,0.00016004,0.00018831,0.00027983,0.05258122,0.00023143,5.175e-05,6.469e-05,9.966e-05,4.025e-05,0.00014279,0.00048011,6.085e-05,4.504e-05,0.00012985,3.019e-05,4.648e-05,7.714e-05,6.421e-05,7.379e-05,2.444e-05,0.00027935,6.71e-06,0.00019406,0.00019406,4.648e-05,8.15e-06,8.721e-05,4.408e-05,4.073e-05,8.816e-05,0.00015908,3.35e-06,3.929e-05,4.887e-05,1.102e-05,0.00023718,8.433e-05,8.529e-05,2.683e-05,9.535e-05,7.235e-05,2.06e-05,1.917e-05,6.71e-06,2.396e-05,7.19e-06,6.325e-05,2.156e-05,1.15e-05,5.127e-05,6.133e-05,1.581e-05,7.379e-05,3.977e-05,1.917e-05,3.402e-05,2.731e-05,2.252e-05,2.827e-05,9.487e-05,0.00014471,0.00016866,3.162e-05,0.00014471,2.779e-05,4.31e-06,2.492e-05,2.492e-05,6.23e-06,1.821e-05,2.635e-05,6.325e-05,5.558e-05,6.277e-05,8.15e-06,3.35e-06,2.06e-05,5.75e-06,0.0,7.19e-06,1.677e-05,2.012e-05,1.677e-05,6.23e-06,6.373e-05,7.19e-06,3.83e-06,1.821e-05,2.06e-05,2.108e-05,5.75e-06,2.635e-05,1.725e-05,9.6e-07,9.1e-06,6.564e-05,4.79e-06,1.773e-05
drUrtUren1,0.0244758,0.04351414,0.00941543,0.00175563,0.43485913,0.00201677,0.06520316,0.00139674,0.00895352,0.001138,0.00111883,0.00145137,0.00423622,0.00020508,0.0005793,0.00093004,0.00042549,0.0001931,0.00027216,0.00013752,0.000885,0.00056109,0.00083757,0.00584571,0.00029324,9.008e-05,0.00080307,0.0041725,0.00141064,0.00033349,0.00037901,0.00025587,0.00048922,0.001138,0.00011787,0.00012458,3.498e-05,0.00021083,5.846e-05,0.00024485,7.667e-05,7.379e-05,0.00110494,0.00016675,1.869e-05,0.00049832,3.498e-05,0.000207,0.00010206,0.00026929,2.923e-05,0.0002276,0.0001907,0.00158361,3.354e-05,8.577e-05,1.485e-05,2.012e-05,0.00024341,0.00034212,4.792e-05,0.00010302,0.00014087,5.51e-05,0.00013321,6.852e-05,0.00015812,0.00032487,1.342e-05,0.00013081,9.583e-05,5.606e-05,0.00221179,0.00047245,0.00015477,0.00010062,0.00038428,4.217e-05,5.558e-05,7.139e-05,1.629e-05,0.00375994,1.917e-05,9.008e-05,1.869e-05,0.00035122,0.00027408,2.3e-05,0.00015381,2.731e-05,0.0001816,4.408e-05,5.462e-05,0.00011404,1.773e-05,6.133e-05,1.198e-05,0.00012937,0.00013848,4.648e-05,8.337e-05,0.00030235,3.785e-05,3.642e-05,2.587e-05,0.00015573,3.498e-05,0.00092238,1.054e-05,9.1e-06,0.00013848,2.779e-05,0.00034883,5.75e-06,0.0001816,3.881e-05,0.00015093,1.246e-05,0.00028989,3.354e-05,3.35e-06
eaLuiSars1,0.14934672,0.09317169,0.00743568,0.09551172,0.00227977,0.00134385,0.00246772,0.15289431,0.00117599,0.00318795,0.00126016,0.0642922,0.0121693,0.00075466,0.01454711,0.00227786,0.05413678,0.00053419,0.0044175,0.00178527,0.00033955,0.0005868,0.00037972,0.00033046,0.0014792,0.00064036,0.00042276,0.00068867,0.0006681,0.00040459,0.00101674,0.00015543,0.0001033,0.00085988,0.00011478,0.00029603,0.00044955,0.00046102,0.00027786,0.00102248,0.00042898,0.0001296,0.00028503,0.00017551,8.417e-05,0.00018843,0.0002176,0.0003955,9.66e-05,0.00022334,7.365e-05,0.00042229,0.00027977,0.00348637,0.00018938,0.00021043,8.8e-05,8.226e-05,0.01234959,0.00081827,0.00012865,0.00426351,0.00053563,0.00015686,8.56e-05,0.0001889,2.2e-05,0.00464323,5.165e-05,5.739e-05,0.00013152,0.0001186,0.00016165,0.00057293,0.00071688,8.417e-05,0.00018699,0.00098326,0.00030607,0.00027499,0.00098183,0.00025347,0.00024199,0.00022956,2.869e-05,0.00064706,2.487e-05,6.695e-05,0.00033429,0.00294787,0.00039216,7.365e-05,9.421e-05,0.00016978,2.774e-05,9.23e-05,9.23e-05,2.391e-05,0.00048733,0.00039694,4.448e-05,4.974e-05,0.00063797,0.00092157,4.591e-05,0.00013917,0.00017408,4.304e-05,0.00011143,3.778e-05,6.217e-05,4.926e-05,0.00010617,2.248e-05,0.0,3.491e-05,0.00016834,1.91e-06,3.109e-05,4.448e-05,1.052e-05
eaMarGlac1,0.15337303,0.12778862,0.00687374,0.00342707,0.10343998,0.00319943,0.0461846,0.18262315,0.01813821,0.02753706,0.0062922,0.00124151,0.00249115,0.00068532,0.00563606,0.01778957,0.00101913,0.00020564,0.00304113,0.00039837,0.00043807,0.00050359,0.00019847,0.00666858,0.0006308,0.00029651,0.00066332,0.00104543,0.00021808,0.00120134,0.00024773,0.00058106,0.00032903,0.00014921,0.00112434,0.00018173,0.0167054,0.00015878,0.00079101,0.00079244,0.0004682,0.00017264,9.23e-05,0.00014299,2.917e-05,0.0002023,8.895e-05,0.00094931,1.961e-05,0.00046437,7.126e-05,0.00034338,0.00042468,4.782e-05,3.396e-05,0.00011765,0.00040937,5.835e-05,0.00018364,2.391e-05,0.00029125,0.00013343,0.00011047,0.0001186,0.00016547,0.00012865,3.874e-05,0.0005122,0.00211717,6.839e-05,3.061e-05,3.635e-05,0.00034959,0.0001516,1.53e-05,2.582e-05,0.00013582,0.00291679,8.704e-05,0.00020038,0.0004505,0.00016356,6.791e-05,0.00024773,9.9e-05,0.00081827,1.674e-05,4.687e-05,0.00016499,5.213e-05,8.61e-06,7.269e-05,0.00023912,0.00074558,7.939e-05,0.00020564,2.678e-05,5.022e-05,4.83e-05,0.0056131,6.026e-05,4.926e-05,0.00142468,1.148e-05,0.00020851,0.0001363,0.00019703,2.822e-05,4.304e-05,0.00070445,0.00016165,0.0004462,1.148e-05,0.00013725,2.009e-05,0.00017169,2.2e-05,2.87e-06,3.443e-05,3.635e-05,8.034e-05
ecAntBifi1,0.14651797,0.02614471,0.00748251,0.00165357,0.52006085,0.00119406,0.00554193,0.03045951,0.00065884,0.01434451,0.00169238,0.00057786,0.00430714,0.00042789,0.01540585,0.00111835,0.00031193,0.00026593,0.00104792,0.0015817,0.00044082,0.00025012,0.00014614,0.000161,0.00083565,0.00024245,0.00045951,0.00022856,5.894e-05,0.00102587,0.00025299,0.00022233,0.00035266,0.00020125,3.833e-05,0.0003426,0.00088836,0.00199281,0.00026449,0.00028366,0.00036895,0.00051078,0.0001907,0.00023766,0.00047293,7.235e-05,0.00062338,0.00104744,0.00117825,0.00013321,5.989e-05,7.427e-05,0.00045616,0.0003977,2.779e-05,0.00013943,0.00024341,5.894e-05,0.00013368,0.00112985,4.504e-05,0.00015764,0.00022568,0.00024006,0.00010589,0.00053282,3.83e-06,0.00024437,2.587e-05,0.00149497,9.535e-05,4.264e-05,0.00033781,1.677e-05,8.385e-05,8.098e-05,0.00014854,0.00015525,5.558e-05,9.296e-05,3.019e-05,8.241e-05,0.0002482,0.00058026,0.00031816,0.00020364,9.439e-05,0.00012937,0.00012985,8.481e-05,4.025e-05,4.792e-05,0.00075132,6.469e-05,7.427e-05,6.708e-05,3.929e-05,8.769e-05,0.00014758,0.00050551,0.00015046,0.000115,8.625e-05,0.00013512,7.523e-05,0.00017058,0.00028989,5.798e-05,0.00010158,0.00040441,0.00012793,5.367e-05,4.552e-05,0.00016818,0.00010925,4.073e-05,4.025e-05,2.3e-05,0.00032631,4.552e-05,8.15e-06
fAbrBra2,0.1962186,0.25196548,0.02919751,0.00250384,0.00073154,0.00116779,0.0029813,0.00432694,0.00108773,0.0082464,0.00094727,0.00091563,0.00690508,0.00655992,0.00470757,0.00145638,0.00293097,0.03119511,0.00050288,0.15283988,0.00373058,0.00142617,0.00040508,0.00011649,0.00050431,0.00020997,0.00013567,0.00092857,0.00022915,0.00051582,0.00035139,0.00017354,0.00042953,0.00012368,2.78e-05,0.00028044,4.506e-05,0.00016539,0.00209156,8.437e-05,0.00068025,0.00018121,0.00075935,0.00012512,0.00015532,0.00011361,2.924e-05,0.00019751,2.541e-05,0.00011601,2.493e-05,4.219e-05,0.00030968,0.00013615,6.28e-05,0.00017162,0.00027565,0.00035475,0.00022052,2.301e-05,5.034e-05,0.00017977,0.00014334,0.00029291,0.00038543,7.095e-05,0.00016539,0.00112416,2.876e-05,0.00010547,0.00011697,1.438e-05,6.088e-05,0.00018408,3.404e-05,0.00013567,0.00014621,8.341e-05,1.198e-05,2.205e-05,0.00065244,0.00010499,7.574e-05,0.00021429,0.00048658,0.00021237,5.177e-05,5.465e-05,5.705e-05,8.917e-05,1.822e-05,5.753e-05,8.006e-05,8.917e-05,0.00011314,0.00011601,6.663e-05,9.444e-05,5.753e-05,0.00011361,3.787e-05,5.177e-05,0.00011601,1.918e-05,1.63e-05,5.273e-05,0.00014669,6.568e-05,0.00013615,5.417e-05,7.91e-05,6.663e-05,2.253e-05,2.445e-05,4.075e-05,2.013e-05,5.27e-06,1.198e-05,0.00011553,2.924e-05,9.6e-07
fAciRut3,0.19140833,0.34996793,0.00333892,0.01223121,0.00126951,0.00089947,0.00283772,0.04336381,0.00088655,0.01747487,0.00050263,0.00069938,0.01164385,0.00466012,0.00533126,0.00220728,0.01336525,0.05391575,0.0005371,0.01683916,0.0003662,0.00845907,0.00097367,0.00017616,0.0005505,0.00185448,0.0001484,0.00017329,0.00035472,0.00014217,0.00022403,0.00068502,0.00067401,0.00069603,3.447e-05,5.649e-05,0.00011441,0.00032121,0.00020057,0.0001235,0.00012398,0.00021302,9.861e-05,0.00018191,6.989e-05,0.00072858,0.00021206,8.712e-05,7.085e-05,7.563e-05,1.675e-05,0.0001527,0.00025945,0.00027429,0.00011106,0.00010148,0.00011537,0.00017664,0.00019435,8.138e-05,6.127e-05,0.00015558,0.00037721,8.234e-05,1.915e-05,0.00012542,4.739e-05,0.000236,4.26e-05,0.00015366,0.00013404,8.329e-05,0.00023696,0.00013882,1.963e-05,6.223e-05,9.67e-05,5.409e-05,6.654e-05,4.26e-05,0.00012733,0.00030445,0.00014169,0.0001551,7.516e-05,1.771e-05,5.792e-05,2.681e-05,0.00012973,0.00026376,4.452e-05,4.308e-05,0.00011967,6.271e-05,4.452e-05,4.691e-05,2.25e-05,0.00012063,8.808e-05,4.787e-05,0.00013164,6.079e-05,4.643e-05,1.915e-05,3.925e-05,3.59e-05,0.00013451,2.011e-05,2.393e-05,5.266e-05,6.606e-05,9.287e-05,4.165e-05,5.074e-05,7.18e-06,2.489e-05,3.83e-06,6.22e-06,2.585e-05,6.415e-05,1.675e-05
fBarBab1,0.1116721,0.20875503,0.00330393,0.00835714,0.08293337,0.00334899,0.00930441,0.00933413,0.00213039,0.00122196,0.00682407,0.0006908,0.00188015,0.00357143,0.00093049,0.004907,0.00039022,0.03758437,0.00086577,0.10953787,0.00041563,0.0056999,0.00531687,0.00041275,0.0002047,0.00046596,0.0012488,0.00134036,0.0011534,0.00067593,0.00018792,0.00183269,0.00032982,0.00025072,3.547e-05,6.52e-05,0.00018313,6.328e-05,0.0002373,0.00022723,0.00033078,9.012e-05,0.00040364,0.00069895,2.493e-05,0.00282215,0.00018217,4.65e-05,0.00010642,0.00039597,3.931e-05,8.725e-05,0.00029147,0.00015101,0.00014573,9.252e-05,0.00327948,2.109e-05,0.0002325,0.00012512,9.636e-05,0.00145973,0.00020038,0.0001093,5.465e-05,0.00061889,1.918e-05,3.979e-05,1.438e-05,0.00020374,3.835e-05,0.00015197,0.00062081,5.177e-05,0.00083461,3.979e-05,0.00013279,4.219e-05,7.67e-05,0.00013567,1.822e-05,0.00027804,0.0001558,0.00051774,0.00030537,0.00077709,0.00010786,5.225e-05,0.00017785,3.116e-05,5.896e-05,1.246e-05,0.00039214,4.554e-05,5.129e-05,0.00017498,0.00034324,0.00016155,0.00013327,0.00014573,7.574e-05,9.108e-05,9.59e-06,3.164e-05,0.00041659,0.00029482,0.00051918,0.00026222,0.00011505,0.00071908,5.801e-05,7.622e-05,7.67e-06,0.00014334,3.835e-05,3.36e-06,1.007e-05,4.79e-06,4.794e-05,7.814e-05,6.28e-05
fBarBar1,0.19097124,0.21707287,0.0068116,0.06077517,0.03573011,0.00072387,0.01473873,0.0735187,0.00106184,0.0040326,0.00135523,0.00200336,0.00366443,0.00227948,0.00200336,0.0005791,0.00546644,0.00056663,0.00069128,0.01074593,0.00020901,0.00090029,0.00015964,0.00017018,0.00071524,0.00495829,0.0003303,0.00073394,7.383e-05,0.00064238,2.876e-05,0.00110882,0.00373634,0.01594008,5.513e-05,6.52e-05,5.27e-06,5.321e-05,0.00035427,0.00014813,5.465e-05,0.00028715,7.095e-05,0.00019511,6.951e-05,0.00017114,0.00061074,0.00025791,0.00084468,8.293e-05,7.335e-05,0.00088782,0.00054602,0.0002464,3.835e-05,4.89e-05,0.00019271,7.526e-05,0.00043624,0.00020374,0.00010403,0.00014477,0.00076846,9.396e-05,7.862e-05,0.00269511,6.951e-05,8.629e-05,0.00032071,5.034e-05,0.00013279,3.068e-05,0.00015005,9.636e-05,3.452e-05,6.711e-05,0.00015005,0.00027948,9.6e-07,0.00028907,0.00282502,0.00046884,0.00056663,0.00021141,4.123e-05,0.00011793,0.00011074,0.00025024,0.00026702,2.924e-05,0.00011218,4.65e-05,0.00068504,0.00038734,2.733e-05,0.00013423,1.534e-05,7.526e-05,0.0010815,0.00063471,5.849e-05,8.293e-05,0.00031544,0.00015292,0.00013087,2.876e-05,0.00011697,1.294e-05,7.383e-05,4.362e-05,0.00013519,3.212e-05,8.869e-05,7.91e-05,7.574e-05,5.417e-05,1.486e-05,4.506e-05,5.705e-05,0.00036002,1.44e-06
fBleOce1,0.06568804,0.2178177,0.01344258,0.01020478,0.00102536,0.00131244,0.00389665,0.00855359,0.00038708,0.00915742,0.00186986,0.00087416,0.04215215,0.24171866,0.03890335,0.00409426,0.00313732,0.00015167,0.00446172,0.0005311,0.00048612,0.00127081,8.469e-05,0.00017177,0.00011866,0.00033684,0.00010957,0.00049761,3.206e-05,0.0002488,7.608e-05,8.66e-05,0.00019856,0.00022727,0.00022153,0.00029282,0.00017368,0.00189378,0.00033206,0.00014689,0.00043684,0.00038565,0.00013397,0.00028804,3.923e-05,6.603e-05,0.00012775,0.00014593,0.00023636,0.00015455,3.732e-05,0.00029426,9.713e-05,4.498e-05,0.00010191,3.828e-05,7.56e-05,6.651e-05,0.00039474,0.00281483,0.00042919,0.00021148,4.354e-05,0.00012775,6.746e-05,0.0005311,0.00022105,0.00054211,0.00012919,0.00013732,0.0002177,1.196e-05,6.411e-05,5.742e-05,1.435e-05,7.66e-06,0.01417273,0.000111,0.00035981,0.00012967,0.00084545,6.746e-05,0.00012105,1.627e-05,0.00041005,8.804e-05,6.986e-05,0.00013014,0.00010526,0.00012775,2.01e-05,2.297e-05,4.737e-05,0.00014258,5.215e-05,0.00021962,0.00020383,6.124e-05,0.00025598,0.00018182,0.00018469,3.206e-05,3.11e-05,2.105e-05,1.675e-05,3.062e-05,8.469e-05,9.139e-05,5.789e-05,9.139e-05,2.297e-05,5.646e-05,0.00010478,8.995e-05,1.627e-05,6.507e-05,8.373e-05,4.31e-06,3.11e-05,0.00014641,0.0
fCarCar2,0.12872601,0.26594194,0.00884117,0.09742466,0.02945777,0.00237476,0.00365835,0.00385029,0.00640451,0.00319674,0.00614299,0.00079079,0.00163052,0.00111756,0.00252207,0.01154942,0.00128407,0.01309117,0.01039971,0.13993282,0.00044866,0.00750288,0.00585461,0.00105998,0.00076056,0.00104127,0.00027111,0.00027687,5.47e-05,0.00040451,8.589e-05,0.00026583,0.00064251,0.00047937,0.00019002,6.43e-05,4.99e-05,0.00033253,0.00026104,0.00015739,0.0003594,0.00014012,0.00087236,0.00061996,4.75e-05,0.00391795,0.00026583,0.0005,0.00013724,0.00136276,6.91e-05,6.718e-05,0.00016315,0.00021113,8.637e-05,5.086e-05,0.00020729,8.157e-05,6.286e-05,5.71e-05,7.63e-05,0.00012188,0.00012236,0.00013772,5.134e-05,8.781e-05,2.591e-05,9.981e-05,7.965e-05,0.00031766,5.998e-05,4.319e-05,0.00010653,0.0001737,5.758e-05,7.102e-05,0.00012572,0.00016651,6.046e-05,0.00017274,3.551e-05,6.094e-05,7.102e-05,5.566e-05,2.063e-05,0.00016363,0.00011276,0.00011564,0.00015739,4.655e-05,0.00011708,9.357e-05,0.00020489,3.215e-05,3.695e-05,0.00015403,2.255e-05,0.00012476,4.798e-05,6.766e-05,0.00013532,0.00013244,1.008e-05,7.68e-06,0.00010509,0.00026775,5.71e-05,7.246e-05,4.367e-05,4.511e-05,2.399e-05,2.687e-05,1.823e-05,5.422e-05,1.775e-05,9.213e-05,2.831e-05,4.8e-07,2.015e-05,5.758e-05,6.24e-06
fCheLab1,0.04094757,0.21917172,0.04014815,0.00128283,0.00294036,0.00319048,0.00444156,0.01819288,0.00171765,0.05088793,0.01278499,0.00791438,0.00324868,0.01581962,0.00299759,0.00080904,0.00104666,0.00120443,0.00023954,0.0092405,0.00277633,0.00698268,0.00025012,0.00016546,0.00022559,0.00011785,0.00132131,0.0004151,8.081e-05,0.00051948,0.0003343,0.0003848,9.716e-05,0.00011881,9.428e-05,3.223e-05,0.00042953,0.00041366,0.00034873,0.0001063,0.00027609,0.00065993,0.000367,0.00030207,0.00015248,0.00016258,0.00081193,0.00052573,0.00044974,0.00022703,0.0001342,6.734e-05,0.00062049,0.00016979,6.926e-05,0.00075902,4.521e-05,2.309e-05,0.00013516,0.00032612,0.0001722,0.00013853,0.00032275,0.0003925,5.724e-05,0.00042232,5.002e-05,0.00026744,2.549e-05,0.00023088,7.023e-05,4.233e-05,8.321e-05,2.309e-05,0.00016354,0.00011207,0.01708658,0.00012169,0.00047763,0.00012795,7.119e-05,6.638e-05,0.00025589,0.00021068,0.00051275,0.00057431,1.058e-05,0.00011929,0.00010005,4.377e-05,1.491e-05,1.587e-05,0.0004329,0.00092833,2.79e-05,0.00013276,0.00017124,2.597e-05,5.772e-05,0.00010871,0.00017989,3.271e-05,0.00033093,5.435e-05,1.395e-05,0.00013997,0.0001342,6.205e-05,5.435e-05,3.896e-05,3.223e-05,1.491e-05,2.02e-05,0.00012939,8.754e-05,2.116e-05,8.18e-06,2.309e-05,2.165e-05,3.752e-05,1.876e-05
fConCon1,0.14203922,0.23008369,0.01183118,0.01203396,0.0021076,0.00352319,0.00246963,0.00389096,0.00400813,0.01375418,0.00098278,0.00609087,0.00510856,0.00101387,0.00301961,0.04812099,0.00068819,0.00011,0.01984218,0.17953706,0.00094739,0.00122621,0.00174366,0.00211286,0.00070301,0.00186035,0.00013965,0.00037207,7.126e-05,0.00032616,0.0001999,0.00029651,8.274e-05,0.00030368,0.00031899,0.00021234,2.487e-05,0.00023673,0.00018843,0.00016165,0.00014921,0.00057102,0.00150024,0.00014204,0.00015878,6.695e-05,0.00027451,0.00026542,5.643e-05,0.00036729,8.943e-05,9.995e-05,0.00011956,0.00011,2.774e-05,1.387e-05,0.00016021,3.013e-05,6.743e-05,0.00038929,0.00034481,0.00279818,0.00020134,0.00013439,7.461e-05,0.00021951,6.552e-05,6.217e-05,5.213e-05,9.947e-05,7.221e-05,0.00019177,0.00021569,0.00016882,0.00014969,4.735e-05,5.978e-05,0.00011191,8.321e-05,0.00047394,8.13e-05,5.261e-05,0.00014395,6.121e-05,0.00016547,3.061e-05,5.5e-05,2.104e-05,0.00037877,2.248e-05,0.00021138,9.326e-05,9.374e-05,0.00021712,1.769e-05,0.00011382,8.752e-05,1.817e-05,0.00019034,6.791e-05,2.535e-05,0.00016117,3.109e-05,2.391e-05,0.00031564,0.00039455,0.0001956,5.5e-05,6.504e-05,0.00012721,9.56e-06,7.126e-05,6.074e-05,0.00093209,3.109e-05,7.078e-05,2.343e-05,1.91e-06,5.117e-05,0.00012243,3.969e-05
fCycLum2,0.2724413,0.22081696,0.00648299,0.00465549,0.00328414,0.00317681,0.00318495,0.0095769,0.0075242,0.02888404,0.00197892,0.0046689,0.0232942,0.102184,0.00466315,0.00431529,0.00283948,0.04381025,0.00685769,0.01790561,0.00067657,0.00148922,0.00067849,0.00093052,0.00117345,0.00040537,0.0003747,0.0001701,9.008e-05,0.0008505,0.00050168,0.00011835,0.00032918,0.00026402,0.00025395,3.642e-05,0.00067561,0.00495783,9.056e-05,0.00019981,0.00053713,0.00087207,0.00040728,9.631e-05,2.971e-05,4.887e-05,3.929e-05,0.00011308,9.008e-05,0.00033301,0.00014087,7.667e-05,0.00028893,0.00013608,3.115e-05,0.0015587,0.00017441,0.00027504,0.00019837,0.00020747,0.00064638,8.769e-05,0.00026833,0.0001931,2.587e-05,0.00047197,9.391e-05,0.00042453,3.785e-05,4.312e-05,0.00016483,0.00021131,0.00019214,0.00024245,0.00017298,0.0007724,0.00019166,0.00012746,2.635e-05,6.421e-05,0.0004298,8.481e-05,2.731e-05,0.00012746,0.00010925,8.864e-05,4.264e-05,0.00017633,4.217e-05,0.00038955,8.625e-05,6.373e-05,1.965e-05,6.66e-05,6.277e-05,4.456e-05,0.00012218,7.81e-05,4.264e-05,7.044e-05,0.00023862,4.121e-05,0.00035026,4.025e-05,9.919e-05,8.385e-05,8.864e-05,4.121e-05,6.421e-05,2.54e-05,2.06e-05,2.348e-05,7.331e-05,1.725e-05,0.00013704,1.198e-05,2.779e-05,7.187e-05,7.714e-05,2.731e-05,9.6e-07
fDanRer4,0.03614293,0.20763885,0.00197986,0.00318465,0.17605659,0.00838225,0.002494,0.00410791,0.00080911,0.01058801,0.14571942,0.00171942,0.00094868,0.03225755,0.00098849,0.00078897,0.00319808,0.16719281,0.00112998,0.00251559,8.777e-05,0.00109832,0.00061823,0.00034916,0.00043693,0.00030168,0.00083981,0.00071463,0.00018225,0.00086043,0.00012614,0.00013046,0.00021631,0.00016355,0.00178177,7.098e-05,2.782e-05,8.633e-05,8.537e-05,0.00017074,0.00022398,0.00027146,0.00034436,0.00983549,6.379e-05,0.00041631,0.00011703,0.00045132,2.398e-05,0.00027194,0.00015012,0.0001295,0.00014053,2.542e-05,0.00324365,3.07e-05,9.305e-05,3.933e-05,0.00088777,0.00012038,7.674e-05,5.084e-05,0.00019664,2.686e-05,4.077e-05,0.00014628,3.261e-05,0.00016211,4.412e-05,0.00011655,0.00015012,5.564e-05,6.571e-05,0.00011463,3.213e-05,5.468e-05,0.00025084,9.832e-05,5.995e-05,0.00011511,1.103e-05,0.00012182,9.832e-05,1.871e-05,0.00013957,2.254e-05,1.966e-05,4.221e-05,0.00021199,4.269e-05,4.221e-05,5.899e-05,7.194e-05,2.59e-05,0.00017314,6.523e-05,3.885e-05,4.125e-05,2.11e-05,4.269e-05,7.242e-05,1.775e-05,1.391e-05,1.631e-05,0.000106,2.062e-05,4.7e-05,0.000353,1.487e-05,1.44e-06,2.206e-05,1.295e-05,7.67e-06,2.83e-05,3.405e-05,9.64e-05,1.007e-05,1.103e-05,1.199e-05,6.954e-05,2.4e-06
fEchVip8,0.01986104,0.1066023,0.0310321,0.00103881,0.00189938,0.00964686,0.00310254,0.00197029,0.0143287,0.06272401,0.00124102,0.00036176,0.00115573,0.18450072,0.00042262,0.00047149,0.00028414,0.00010685,0.00029276,0.05027456,0.00040345,0.17792813,0.0002942,0.00040105,0.00248107,9.248e-05,6.756e-05,0.00054816,0.00074557,0.00015716,5.223e-05,0.00011596,0.00148251,0.00030666,0.00027264,3.977e-05,1.39e-05,0.00011069,0.00011596,0.00041064,0.00013896,8.241e-05,0.00010062,6.133e-05,1.294e-05,7.523e-05,5.606e-05,4.169e-05,4.456e-05,0.00010877,2.156e-05,2.492e-05,5.894e-05,0.00021418,0.01021418,1.917e-05,3.977e-05,3.737e-05,0.00014566,0.00015956,1.006e-05,4.6e-05,0.00023718,0.00010637,0.00010254,4.887e-05,3.35e-06,2.108e-05,3.258e-05,6.181e-05,0.00022137,1.294e-05,4.025e-05,2.779e-05,5.558e-05,2.06e-05,3.881e-05,4.935e-05,1.581e-05,0.00041064,3.067e-05,6.277e-05,1.198e-05,4.121e-05,7.283e-05,2.779e-05,0.00023383,1.437e-05,1.629e-05,9.487e-05,3.019e-05,6.66e-05,7.523e-05,4.121e-05,3.21e-05,9.679e-05,8.62e-06,3.258e-05,1.485e-05,0.00015381,0.00012218,6.708e-05,0.00016387,0.00025539,3.402e-05,0.00015285,5.27e-06,9.296e-05,4.36e-05,7.523e-05,3.21e-05,0.00010925,1.294e-05,4.073e-05,2.444e-05,2.54e-05,2.87e-06,2.87e-06,5.175e-05,2.54e-05,4.79e-06
fEutGur1,0.08999525,0.19134394,0.0112114,0.00348789,0.00791971,0.00192067,0.04362185,0.0133943,0.00372922,0.00788219,0.00655724,0.00240143,0.00372494,0.09016532,0.01168979,0.01677245,0.04747411,0.00061758,0.0010152,0.02294584,0.00030499,0.00508171,0.00053017,0.00048694,0.00107648,0.00078195,0.00095724,0.00106318,0.00034252,0.00061378,7.316e-05,0.00055962,0.00152922,0.00150309,7.601e-05,0.00010831,0.00053682,0.00088599,0.00011496,0.00051449,0.0012285,0.00026461,0.00021758,0.0013658,4.941e-05,0.00035059,0.00010024,0.00077767,3.42e-05,0.00028361,6.271e-05,0.00036437,0.00026318,0.00047696,0.00167743,8.266e-05,5.131e-05,4.276e-05,0.00035772,0.00015059,5.558e-05,0.00031734,0.000638,9.549e-05,7.458e-05,0.00011306,5.368e-05,0.00037862,0.00017767,5.986e-05,0.00013587,9.121e-05,0.0001658,9.644e-05,7.458e-05,3.943e-05,0.00048314,0.00992542,0.00031306,0.0107905,5.273e-05,0.00011116,0.00010356,7.506e-05,5.511e-05,0.00061235,0.00015059,3.658e-05,0.00070974,8.361e-05,0.00147743,9.881e-05,0.00034157,0.00017435,1.33e-05,5.178e-05,3.325e-05,5.131e-05,0.0004171,0.00045986,2.945e-05,0.00034822,7.173e-05,0.00510309,0.00011259,0.00050309,0.00012494,0.00012969,0.00022613,2.09e-05,0.00010974,0.00017577,3.183e-05,4.466e-05,6.18e-06,0.00011449,3.8e-06,1.9e-06,7.363e-05,0.00028646,0.00010926
fGobGob1,0.21641188,0.1409454,0.03301533,0.00201437,0.00318391,0.01023611,0.00332759,0.00775431,0.00154262,0.00555747,0.00140613,0.00096552,0.01625,0.00464033,0.00329885,0.0005431,0.00224904,0.00346216,0.00071983,0.2402342,0.00063362,0.0002749,0.00042241,0.00046983,0.00229215,0.00016858,8.908e-05,0.00036015,5.316e-05,0.00090948,0.00030556,0.00091523,0.00045019,0.00013362,0.00010393,6.513e-05,0.00025718,0.00200862,0.00028161,0.0007342,0.00030699,0.00022941,0.00012931,0.00011734,3.975e-05,0.00030077,0.00018056,0.00024904,0.00014703,6.466e-05,1.102e-05,0.00150766,0.00019684,0.000125,0.00024042,0.00014703,0.00016475,0.00056418,5.46e-05,0.00020354,6.705e-05,0.00027299,0.00010776,0.00029454,7.423e-05,0.00012644,0.00019684,0.00062931,0.00012787,9.531e-05,3.305e-05,4.071e-05,0.00027682,1.628e-05,0.00017337,0.00023946,0.0001183,0.00027203,5.268e-05,0.00052395,9.195e-05,5.46e-05,6.082e-05,0.00038841,0.00026389,0.00017146,9.1e-05,1.676e-05,0.00167385,6.178e-05,3.257e-05,3.448e-05,0.00010297,0.00019205,4.933e-05,0.000341,0.00037692,3.496e-05,0.00010105,0.00030747,0.00011542,1.628e-05,0.00045163,7.18e-06,0.00034435,5.795e-05,0.00023515,5.22e-05,0.00016284,8.477e-05,0.00107902,6.274e-05,3.161e-05,1.868e-05,1.964e-05,2.251e-05,2.682e-05,2.059e-05,1.724e-05,2.826e-05,2.299e-05
fGobNig1,0.24503649,0.19181373,0.00681709,0.00413394,0.00184398,0.03635382,0.00289438,0.04567595,0.00638262,0.00808593,0.0011037,0.00060586,0.00813346,0.00024052,0.00049592,0.00069083,0.00038358,5.953e-05,0.00031685,0.08783005,0.00219539,0.00484253,0.00016131,0.00019107,0.00161498,0.0008819,0.00015458,0.00057369,0.00015458,0.0006073,0.00017763,0.00039318,0.00321267,0.00019587,9.025e-05,2.784e-05,1.008e-05,0.00015699,0.00026692,0.00066635,0.00022084,0.00067259,0.00012482,7.681e-05,1.296e-05,3.697e-05,1.776e-05,3.409e-05,7.153e-05,0.0001109,5.425e-05,5.521e-05,0.00042199,0.00018771,2.304e-05,0.00716803,4.8e-06,4.753e-05,0.0002386,6.625e-05,0.00011954,1.68e-05,0.00022324,6.673e-05,0.00010802,0.000277,4.417e-05,3.985e-05,6.193e-05,3.12e-05,0.0011325,1.632e-05,0.00011426,0.00012242,2.448e-05,0.00017235,6.289e-05,1.296e-05,4.177e-05,4.705e-05,0.00015122,4.609e-05,1.824e-05,0.00012098,6.961e-05,5.377e-05,0.00102208,2.688e-05,5.905e-05,3.553e-05,0.00013826,0.00038262,5.041e-05,1.056e-05,1.152e-05,9.41e-05,2.064e-05,1.008e-05,0.00051032,1.776e-05,1.008e-05,1.392e-05,0.00089294,1.104e-05,8.209e-05,7.345e-05,5.137e-05,2.448e-05,0.00025156,0.00020307,0.00012818,0.00023044,3.841e-05,6.049e-05,0.00010322,9.217e-05,4.129e-05,2.976e-05,8.929e-05,3.985e-05,3.84e-06
fHypImm3,0.08265197,0.11500719,0.01197315,0.12057718,0.11381927,0.00131831,0.00130441,0.01424161,0.00300719,0.01240988,0.00355369,0.0068418,0.00413471,0.25859779,0.00144391,0.00097076,0.00795206,0.0015326,0.00058245,0.02021908,0.00044871,0.03985714,0.00308485,0.00065436,0.00054267,0.0016443,0.00011889,0.00026846,0.00015916,0.00087009,0.00019032,0.00034132,0.00061266,0.00126174,4.554e-05,0.00014717,9.59e-06,0.00012128,0.00016251,0.0001884,7.67e-05,0.00018792,0.00020757,0.00025216,0.00013039,0.0007488,0.00043528,0.00016635,3.787e-05,0.00025839,9.108e-05,9.012e-05,9.684e-05,0.00022483,6.807e-05,5.609e-05,0.00022052,0.00046213,0.00015532,5.034e-05,2.013e-05,0.0003605,0.00026318,2.301e-05,7.287e-05,0.00019032,5.513e-05,0.00013423,5.657e-05,0.00030201,4.267e-05,6.568e-05,9.348e-05,0.00014477,5.657e-05,4.31e-06,7.526e-05,0.00015676,2.876e-05,0.00015388,3.02e-05,0.00021812,8.773e-05,0.00011985,2.109e-05,1.582e-05,8.63e-06,8.533e-05,6.232e-05,0.00010115,2.637e-05,9.108e-05,3.068e-05,3.547e-05,4.219e-05,7.478e-05,4.506e-05,6.328e-05,0.00021285,1.438e-05,4.314e-05,1.39e-05,1.965e-05,0.0001117,0.00010259,6.184e-05,9.971e-05,4.267e-05,1.103e-05,4.986e-05,3.739e-05,6.184e-05,2.301e-05,5.465e-05,5.705e-05,2.541e-05,7.19e-06,1.007e-05,2.397e-05,1.918e-05,5.27e-06
fLabBer1,0.07777443,0.31782759,0.04368199,0.00102443,0.00236494,0.00224904,0.00315996,0.00975814,0.00204933,0.01511782,0.00132232,0.00456274,0.02288793,0.14569157,0.00224808,0.00278496,0.00079358,0.0001317,0.00072174,0.00496504,0.00037452,0.00136638,0.000125,0.00063266,0.00027586,7.423e-05,0.00013793,0.00114655,6.801e-05,0.0012749,0.00111063,0.0001317,0.00323851,5.747e-05,7.998e-05,0.00015996,0.00057759,8.046e-05,0.00011159,0.00021264,0.00028448,0.0001183,5.125e-05,0.00010872,2.49e-05,6.657e-05,0.00012069,0.00011303,0.00034483,0.00016284,0.00020929,0.00130364,0.00165326,0.00082088,4.981e-05,0.00056178,0.0003999,3.257e-05,6.897e-05,0.00020546,5.46e-05,0.00910153,0.00169253,0.00016523,9.148e-05,8.669e-05,3.784e-05,0.0001523,8.908e-05,7.759e-05,4.598e-05,0.00013314,2.538e-05,0.00018822,0.00014655,3.113e-05,5.556e-05,0.00052347,6.178e-05,0.00042625,0.00757088,7.18e-06,0.00023515,7.471e-05,9.77e-05,0.00077011,1.916e-05,5.651e-05,6.466e-05,3.736e-05,1.245e-05,3.927e-05,4.454e-05,0.00017337,5.029e-05,6.944e-05,0.00017289,1.149e-05,0.00015805,0.00048228,1.485e-05,3.784e-05,0.00011446,3.927e-05,0.00029933,8.573e-05,0.00016954,1.916e-05,7.854e-05,5.364e-05,5.603e-05,4.454e-05,2.682e-05,7.184e-05,4.646e-05,2.011e-05,8.62e-06,6.23e-06,7.998e-05,0.0002864,8.14e-06
fLabMix1,0.10763828,0.22942632,0.05165981,0.00276172,0.00394258,0.00169378,0.00970861,0.00854976,0.00196507,0.00486555,0.00324067,0.00234211,0.01189474,0.21031531,0.00481579,0.00273493,0.00107895,0.00032105,0.00242919,0.0091689,0.00135789,0.00469761,0.00018947,0.00016364,0.00241053,0.0002,0.00068708,0.00012057,0.00012105,0.00023158,0.00014737,0.00024976,0.00028565,0.00013301,8.852e-05,5.837e-05,0.00015933,0.0010555,0.00133684,9.522e-05,0.0004555,0.00057321,0.00014115,0.0001689,2.392e-05,0.00023349,0.00013971,0.00036938,7.177e-05,8.66e-05,0.00016699,6.651e-05,0.00075981,0.00012871,0.00057225,4.163e-05,0.00017464,6.89e-05,0.00017847,0.00101292,0.00032871,4.067e-05,0.00023206,0.00013732,0.00014689,0.0001311,0.00011818,7.847e-05,0.00042967,5.167e-05,5.455e-05,8.61e-06,6.603e-05,0.00011388,0.00012297,7.033e-05,0.05808517,2.871e-05,8.995e-05,5.502e-05,7.56e-05,0.00060431,0.00034976,3.301e-05,0.00020096,2.823e-05,6.268e-05,0.00041388,2.201e-05,0.00010287,2.823e-05,0.00044641,0.00032871,0.00027368,7.847e-05,0.00068708,4.833e-05,8.038e-05,0.00021722,0.00018708,0.00153445,2.823e-05,7.416e-05,3.062e-05,0.00018517,3.349e-05,1.148e-05,4.78e-06,6.746e-05,0.00079617,1.1e-05,3.397e-05,2.823e-05,5.837e-05,5.455e-05,7.416e-05,3.78e-05,9.6e-07,3.35e-06,9.761e-05,9.6e-07
fLipPho2,0.08445189,0.19221158,0.01663571,0.00163763,0.00117664,0.00349354,0.00129344,0.00267257,0.00754284,0.00764959,0.00271422,0.00635376,0.00517903,0.28256151,0.01964816,0.00070656,0.00459071,0.00016563,0.00057587,0.0003145,0.00034227,0.00146817,0.00070512,0.00115845,0.0017439,0.00026376,0.00050024,0.00050598,9.67e-05,0.00060172,0.00015223,0.0010718,0.00016084,0.00019387,0.00016946,0.00018861,6.606e-05,0.00108904,0.00036668,5.744e-05,0.00010962,0.00012255,0.00075491,9.287e-05,4.117e-05,0.00011632,0.00023839,0.000427,0.00053566,0.00017616,8.76e-05,0.00010101,0.00011297,0.00010196,7.516e-05,3.59e-05,7.611e-05,0.00015989,0.00051077,0.00127046,0.00044519,0.00021541,0.00025515,0.00011345,6.032e-05,8.76e-05,0.01292149,0.00070225,6.845e-05,7.42e-05,4.213e-05,5.505e-05,0.00011489,0.00022164,0.0001551,0.00012207,0.01579655,0.00013643,1.292e-05,0.00092293,0.00401963,9.478e-05,9.047e-05,7.037e-05,0.00660795,0.00055098,0.00010866,7.468e-05,7.228e-05,0.00019674,1.723e-05,2.298e-05,6.75e-05,0.00042413,0.00021637,0.00357635,8.808e-05,3.016e-05,0.00013834,0.00012733,0.00030589,7.899e-05,0.00040498,8.62e-06,6.606e-05,0.00050215,0.00011249,5.218e-05,0.00020345,0.00013739,4.978e-05,2.968e-05,0.00137721,0.0001776,0.00017903,6.367e-05,4.978e-05,2.87e-06,0.00016515,3.494e-05,0.0
fMicPou1,0.03864641,0.20278134,0.00372392,0.0025378,0.00940622,0.00137703,0.00665502,0.0403512,0.00150239,0.01925311,0.01877321,0.00042297,0.0010445,0.24789091,0.02279665,0.00383301,0.0011689,0.000189,0.00136268,0.04803206,0.00144976,0.00365263,0.00049426,0.00055694,0.00015742,0.00028565,0.00043062,0.00021388,0.00018182,0.0001689,9.378e-05,0.00018325,0.00019043,0.00040478,0.00017273,0.00047703,5.598e-05,0.0004445,0.00026651,0.00068756,0.00011675,0.00027943,0.00102967,0.00021627,5.694e-05,0.00011196,0.00011914,3.971e-05,0.00017321,0.00178947,3.397e-05,0.00021914,0.00044641,0.00013014,6.986e-05,0.00023636,0.00010478,9.904e-05,5.742e-05,0.00029522,6.411e-05,9.187e-05,0.00034402,0.0008689,3.923e-05,0.00014163,2.01e-05,0.00024211,0.00061483,6.986e-05,0.00010718,0.00013014,0.00020478,1.722e-05,7.56e-05,8.612e-05,0.00054115,0.00020718,0.00036842,9.713e-05,8.038e-05,0.0002866,5.167e-05,3.78e-05,3.158e-05,2.919e-05,7.56e-05,4.115e-05,0.0005488,0.00012201,5.646e-05,5.933e-05,0.00122297,8.565e-05,2.201e-05,0.00027799,0.00016316,0.00016411,0.00012201,3.78e-05,1.148e-05,0.00019809,3.35e-06,7.799e-05,0.00024785,8.086e-05,0.00027177,6.603e-05,4.785e-05,0.00010813,5.55e-05,6.699e-05,6.7e-06,1.866e-05,3.83e-06,3.636e-05,2.823e-05,0.0005488,9.6e-07,4.833e-05,2.105e-05
fMicVar1,0.03687906,0.15604876,0.06028298,0.01524379,0.01627964,0.00751864,0.00455832,0.03744646,0.01718356,0.06886233,0.00121797,0.00060468,0.00099618,0.07413623,0.00071797,0.0162261,0.00024044,0.00108317,0.00267782,0.00353298,0.00036377,0.05541922,0.00025143,0.00047897,0.00057075,0.00092973,0.00033939,0.00048709,7.744e-05,0.00043977,0.00044646,0.00014054,0.00166061,0.00035946,0.00096367,0.00018117,0.00223088,0.00011185,0.00016205,4.111e-05,0.00031262,7.6e-05,8.365e-05,0.00214627,0.00016539,0.00018212,5.354e-05,0.00033604,3.489e-05,0.00134465,3.346e-05,0.00010468,0.00979637,0.00019981,9.178e-05,0.00060946,6.501e-05,8.13e-06,4.78e-05,0.00094455,8.7e-05,0.00012141,0.00037189,0.00011233,0.00012524,0.00010468,0.00019646,4.446e-05,1.721e-05,0.00013193,0.00111616,2.438e-05,0.00023279,0.0001238,0.0001348,0.00010755,0.00035277,0.00022084,0.00024092,0.00039484,2.868e-05,5.21e-05,7.887e-05,0.00011281,0.0001109,5.258e-05,0.00129398,0.00046272,5.641e-05,1.912e-05,5.163e-05,6.262e-05,0.00022036,0.00031979,2.82e-05,0.0002175,0.00016922,3.82e-06,0.00103155,0.00013002,3.776e-05,2.294e-05,2.342e-05,2.87e-06,2.725e-05,0.0004369,0.0001305,0.00029159,3.776e-05,0.00038098,0.00017878,4.685e-05,9.6e-07,9.512e-05,0.00036138,0.00021941,4.78e-06,4.493e-05,0.00020172,6.644e-05,2.199e-05
fPhoGun1,0.109279,0.23222531,0.00146884,0.00185331,0.04706088,0.0023629,0.00409348,0.00195638,0.00743337,0.00383605,0.00163279,0.00094295,0.00141035,0.17813567,0.0033883,0.00122963,0.00074497,0.0003931,0.00398849,0.00167114,0.0014257,0.00358629,0.0010652,0.00036242,0.00132454,0.00022435,0.00050336,0.00048035,5.992e-05,0.00081496,3.26e-05,0.00140364,0.00040029,0.00039453,0.00010067,0.00012464,0.00011841,0.00027325,0.00488351,0.00011793,0.0003279,0.00013806,0.00030585,7.622e-05,1.486e-05,0.00065197,0.00011314,8.629e-05,0.0003001,0.00084899,0.00021045,0.00015005,0.00205369,9.684e-05,2.109e-05,4.267e-05,9.875e-05,4.842e-05,0.00037824,0.00021812,0.00022387,0.00086625,0.00065484,0.00030153,8.629e-05,4.027e-05,2.972e-05,6.232e-05,6.711e-05,7.958e-05,3.595e-05,8.054e-05,5.321e-05,7.095e-05,4.314e-05,0.00024928,0.0001395,0.00016874,0.00018504,4.554e-05,9.108e-05,4.938e-05,3.02e-05,0.00049281,0.00019319,0.00028284,4.362e-05,5.705e-05,0.00016587,2.349e-05,0.00065292,0.00016251,5.992e-05,8.293e-05,6.71e-06,0.00041755,3.404e-05,8.485e-05,4.794e-05,0.00022963,5.705e-05,7.622e-05,0.00023011,4.027e-05,4.362e-05,3.212e-05,0.00048706,5.705e-05,0.00770182,0.00242186,0.00013519,8.629e-05,2.88e-06,0.00074928,0.00012416,9.3e-05,1.294e-05,1.151e-05,1.726e-05,0.00393768,2.157e-05
fPhoPho1,0.10998183,0.15831516,0.0148111,0.00147585,0.01145194,0.00152654,0.00380105,0.03174749,0.00212052,0.03699857,0.00150311,0.00129316,0.00121043,0.00066906,0.00182544,0.00128694,0.02081253,0.00012099,0.00024582,0.28856958,0.00019703,0.02397944,7.843e-05,0.00026064,0.0003056,0.00013199,0.00013486,0.00031229,4.543e-05,0.0003209,5.356e-05,0.00018077,0.00801387,0.00018843,7.556e-05,2.248e-05,3.396e-05,6.361e-05,0.00019225,0.00022286,0.00060928,4.161e-05,0.00010904,0.00039168,1.148e-05,4.113e-05,7.221e-05,6.504e-05,0.00011239,0.00042133,8.178e-05,0.00013965,0.00017551,0.0002946,4.782e-05,0.00012243,4.639e-05,3.013e-05,0.00017982,8.56e-05,3.874e-05,2.535e-05,0.04122382,3.73e-05,3.109e-05,6.743e-05,0.00015112,0.00016069,0.00016404,9.374e-05,8.178e-05,5.069e-05,0.00058154,0.0001406,3.682e-05,0.00011765,0.00016451,5.739e-05,4.3e-06,0.00011526,0.0003759,0.0001296,3.826e-05,0.00016069,8.369e-05,5.165e-05,6.552e-05,0.00017647,3.443e-05,2.296e-05,3.109e-05,6.121e-05,0.00025729,0.0001296,1.339e-05,0.00020851,3.109e-05,2.63e-05,0.00021999,0.00017121,5.069e-05,2.822e-05,1.291e-05,0.00025203,0.00035342,7.413e-05,0.0001846,8.513e-05,0.00041081,4.639e-05,2.582e-05,9.56e-06,6.504e-05,0.00011382,2.439e-05,0.00010234,1.339e-05,3.013e-05,2.343e-05,0.00012052,4.78e-06
fPlaFle2,0.0195999,0.30715022,0.04425373,0.06953876,0.00284641,0.00158498,0.00352094,0.03190515,0.00099085,0.04016177,0.001,0.0104131,0.00079153,0.06813962,0.00051805,0.00070631,0.00052431,5.826e-05,0.00041502,0.00155657,0.00052768,0.01545643,0.0001247,0.00017381,0.00039047,0.02749543,0.00015936,0.00018151,0.00016129,9.244e-05,0.00015744,0.00015407,0.00012614,0.00036928,2.6e-05,6.211e-05,5.441e-05,3.563e-05,0.00010785,7.752e-05,0.0011974,0.00010207,0.00010496,0.00013288,1.974e-05,7.463e-05,0.00030717,0.00012518,0.00020558,0.00040828,0.00910448,9.148e-05,6.259e-05,7.848e-05,0.0002157,5.248e-05,0.00036591,1.059e-05,0.00025758,0.00024362,0.0003168,0.00010833,0.00013433,3.9e-05,2.407e-05,9.629e-05,6.933e-05,3.322e-05,0.00025132,7.126e-05,4.815e-05,2.263e-05,2.07e-05,3.226e-05,0.00020751,6.644e-05,0.00013385,2.022e-05,3.948e-05,0.00027347,1.781e-05,6.789e-05,0.00015792,6.163e-05,0.00010833,0.00012855,5.392e-05,1.204e-05,1.685e-05,3.13e-05,3.948e-05,9.87e-05,6.163e-05,0.00011074,0.00015311,0.00051709,1.44e-06,6.355e-05,2.407e-05,0.00115792,2.696e-05,1.926e-05,2.648e-05,2.937e-05,5.97e-05,3.563e-05,2.89e-06,5.78e-06,2.07e-05,6.596e-05,3.13e-05,9.1e-05,9.437e-05,2.07e-05,2.215e-05,2.118e-05,1.93e-06,2.407e-05,6.74e-06,5.537e-05,6.74e-05
fPlePla1,0.04970678,0.22615186,0.01699809,0.01037966,0.00327794,0.00177507,0.00204537,0.00634575,0.00250669,0.00218338,0.01113992,0.00132904,0.00136199,0.07423782,0.00198997,0.00107402,0.00338013,0.00054059,0.00186437,0.0010086,0.00033142,0.0293553,0.00054585,0.00048758,0.00026074,0.00019675,0.00049809,0.00040831,0.00028367,0.06693696,0.00018338,0.00023018,0.00162225,0.00049522,2.245e-05,7.545e-05,0.00164661,0.00011318,6.543e-05,0.00028319,0.0011958,0.00078319,0.00057402,0.00036724,3.2e-05,0.01804107,0.00047135,0.00039351,2.913e-05,7.116e-05,3.152e-05,0.00010649,0.00242693,0.00139685,7.784e-05,9.169e-05,0.00029513,9.694e-05,0.00026934,0.00015807,7.641e-05,7.689e-05,0.00099761,0.00015521,7.593e-05,9.121e-05,4.967e-05,0.00021872,3.916e-05,0.00024308,1.576e-05,0.0003171,4.394e-05,4.298e-05,0.00022827,1.48e-05,1.862e-05,0.00045033,3.104e-05,0.00019914,0.00015138,3.247e-05,3.773e-05,3.295e-05,4.011e-05,0.00035339,1.91e-06,0.00012321,2.34e-05,0.00026695,7.402e-05,2.101e-05,4.823e-05,4.967e-05,1.289e-05,5.253e-05,7.16e-06,6.113e-05,1.289e-05,0.00017956,4.871e-05,8.691e-05,5.492e-05,0.00503056,9.838e-05,0.00022015,0.00110649,3.964e-05,2.961e-05,3.2e-05,4.78e-06,2.818e-05,1.767e-05,0.0007851,1.91e-05,2.913e-05,1.194e-05,6.69e-06,7.975e-05,0.00023687,7.16e-06
fPolPol2,0.09601006,0.1136368,0.00483517,0.00575084,0.00494538,0.00187877,0.00275084,0.00295783,0.00421945,0.00245855,0.06385242,0.00048011,0.00218687,0.35235218,0.02095113,0.00041926,0.00054336,0.00035506,0.02251797,0.000954,0.00173119,0.00172161,0.00127887,0.00053282,0.0005333,0.00044609,0.0011907,0.00037901,6.421e-05,0.00029708,0.00012698,0.00037039,0.00105606,0.00101629,0.00016627,7.235e-05,0.00010781,0.00028749,0.00024964,9.583e-05,0.00011548,0.00052803,0.00050024,0.00061284,1.246e-05,0.00020125,0.00020316,5.894e-05,0.00012171,0.00016195,3.737e-05,0.00029468,0.00024533,0.00018975,9.439e-05,0.00015141,0.00016914,7.379e-05,0.00014806,0.00024868,0.00044993,6.708e-05,0.00024964,0.00058361,1.581e-05,0.00020364,4.217e-05,0.00011596,6.037e-05,0.00094586,0.00018927,0.00151318,8.337e-05,4.792e-05,8.337e-05,0.0001011,0.00010973,0.00162626,4.935e-05,2.875e-05,0.00020172,0.0001725,6.277e-05,0.00037135,0.00022281,0.00025635,9.1e-06,0.00016435,0.00011212,0.00040393,0.00021514,1.15e-05,5.319e-05,0.00011739,3.21e-05,0.00011404,0.00011116,6.804e-05,0.00011308,8.433e-05,4.6e-05,6.996e-05,1.533e-05,1.006e-05,0.00012218,5.271e-05,1.15e-05,4.887e-05,0.00015812,0.00027599,0.00011979,5.798e-05,5.414e-05,9.104e-05,3.69e-05,9.439e-05,3.546e-05,1.965e-05,0.00010829,3.019e-05,4.8e-07
fPunPun2,0.07414559,0.25028831,0.0053683,0.0688046,0.0036887,0.00137308,0.00146791,0.00289033,0.00481274,0.00190134,0.01058525,0.00084962,0.00233285,0.0217931,0.02953065,0.00272749,0.01456992,0.00011782,0.07037835,0.00030508,0.00086877,0.01479071,0.00012356,0.00036973,0.00081753,0.01062596,0.0028817,0.00096743,4.55e-05,0.00021839,0.0001772,0.00020259,0.00031944,0.00069253,6.226e-05,7.519e-05,0.00014895,0.00015182,0.00014464,0.00014607,0.00027059,0.00036111,0.00026006,0.0003568,3.4e-05,0.00018008,8.285e-05,0.00534052,9.674e-05,0.00115565,1.82e-05,0.000284,0.00038554,0.00025,0.00015565,4.598e-05,0.00026485,2.251e-05,0.00120163,0.00021504,0.00028352,5.699e-05,0.00030412,0.00064368,1.58e-05,0.00017481,3.448e-05,0.00015709,0.00012117,0.00025192,0.00023946,0.00017289,9.052e-05,0.00018295,0.00019444,0.00010967,0.00017146,0.00055651,1.628e-05,0.00026724,0.01094349,4.023e-05,0.00016619,0.00020498,7.854e-05,8.908e-05,4.837e-05,6.944e-05,0.00019492,4.406e-05,0.00037883,0.00021169,8.716e-05,0.00062548,0.0002251,0.001875,7.95e-05,1.245e-05,0.00028305,0.00013027,2.107e-05,1.916e-05,1.772e-05,2.73e-05,0.00010632,5.125e-05,0.00028017,2.826e-05,0.00027347,0.00054358,2.538e-05,7.998e-05,2.921e-05,3.113e-05,2.538e-05,4.693e-05,0.00019732,0.00011159,5.27e-06,8.381e-05,4.79e-06
fRutRut2,0.14356574,0.20986708,0.0631953,0.00722889,0.00169194,0.00168906,0.00696833,0.04432534,0.00078119,0.00585749,0.0016166,0.00153023,0.00703167,0.0144856,0.00064779,0.00110125,0.0006857,0.00342274,0.00067994,0.21599328,0.00198656,0.00066219,0.00046257,0.00020058,7.342e-05,0.00015979,0.00035605,0.00111612,0.00018042,0.00047841,0.00091123,0.00021881,0.00019242,0.00021689,9.549e-05,0.00018186,0.00020154,0.00012812,0.00015115,0.00015883,6.622e-05,0.00052543,0.00012236,0.00022601,3.647e-05,0.00023944,0.00035988,0.00019098,3.071e-05,0.00010605,4.367e-05,8.061e-05,0.00105134,0.00030806,0.00016027,0.00040259,0.00022793,0.00021689,0.00028071,0.00010509,6.19e-05,0.00023417,0.00017131,9.021e-05,0.00016939,0.00021161,0.00015547,0.00018522,4.655e-05,0.00019098,2.975e-05,9.165e-05,1.871e-05,0.00026871,6.718e-05,1.392e-05,8.685e-05,0.00012284,6.958e-05,5.614e-05,0.00015547,0.00016699,0.00047217,0.00016075,7.294e-05,7.869e-05,4.079e-05,5.71e-05,3.839e-05,6.526e-05,4.175e-05,2.543e-05,7.678e-05,8.397e-05,0.00056094,0.0002476,2.975e-05,0.00029319,8.013e-05,5.518e-05,2.975e-05,3.167e-05,2.975e-05,1.344e-05,7.15e-05,7.486e-05,7.438e-05,0.00028455,2.399e-05,9.741e-05,3.839e-05,1.775e-05,5.806e-05,3.935e-05,3.263e-05,5.278e-05,1.296e-05,2.88e-06,2.927e-05,5.28e-06,1.92e-06
fScoMax1,0.07683788,0.17680583,0.05820756,0.00502056,0.00561741,0.00117121,0.00150598,0.00769919,0.00485844,0.00278957,0.00810282,0.0016045,0.00203874,0.27892348,0.00211621,0.00077475,0.001022,0.00050311,0.00085796,0.00073075,0.00019177,0.00760115,0.0002616,0.00172788,0.00023242,0.00012865,0.00026399,0.00101196,9.326e-05,0.00293974,0.00028312,0.00037303,0.00023482,0.00078288,3.73e-05,0.00023673,0.00012147,0.00012721,7.939e-05,0.00031229,9.039e-05,0.00012339,7.126e-05,0.00021282,4.352e-05,0.00010187,0.00040459,0.00026447,5.595e-05,0.00017838,0.00013439,0.00028981,0.0002329,6.456e-05,0.00011956,8.178e-05,3.682e-05,6.265e-05,0.00011143,0.0012549,4.591e-05,0.00026925,8.369e-05,0.00014921,0.00013486,0.00064658,0.00036681,0.0002836,2.774e-05,0.00021043,4.065e-05,7.604e-05,4.161e-05,0.00024438,0.00028121,0.00020851,0.00015065,4.495e-05,5.5e-05,0.00027451,0.00121951,0.00036872,0.00015065,0.00013582,3.204e-05,0.00416834,0.00018747,0.00021951,0.00038881,0.0001363,0.00027786,0.00014778,2.439e-05,4.543e-05,5.165e-05,0.00143807,2.296e-05,4.256e-05,5.548e-05,9.995e-05,4.448e-05,3.156e-05,2.726e-05,0.00017456,0.00011047,0.00019799,0.00032759,0.00011,0.00032233,0.00016786,2.965e-05,0.00029412,0.0005605,0.00013534,7.652e-05,0.00124677,6.169e-05,4.3e-06,5.5e-05,0.00017838,6.7e-06
fScoSco1,0.01352606,0.13135007,0.01917743,0.08147728,0.23964562,0.00139694,0.00772023,0.00119034,0.09118125,0.00785796,0.0220043,0.00021043,0.00080631,0.2419517,0.00049259,0.0004089,0.00026016,0.00011956,0.00045481,0.0004792,0.00013678,0.00146389,0.00016499,0.00099426,0.0001889,9.565e-05,0.00057437,0.0001803,0.00042659,9.9e-05,0.00016547,7.078e-05,0.00047154,0.00101243,5.93e-05,5.739e-05,0.00012339,9.374e-05,4.113e-05,0.00019082,0.00011526,6.743e-05,0.00015065,8.56e-05,1.196e-05,6.982e-05,0.00012099,5.691e-05,2.535e-05,3.348e-05,2.774e-05,6.6e-05,7.747e-05,0.00039981,0.00269201,0.0001516,8.369e-05,1.53e-05,6.982e-05,4.543e-05,4.113e-05,9.56e-06,0.00012339,3.826e-05,1.243e-05,9.278e-05,4.017e-05,6.217e-05,0.00014682,1.387e-05,2.104e-05,3.778e-05,6.552e-05,0.00010952,3.826e-05,8.991e-05,7.317e-05,5.739e-05,3.348e-05,2.056e-05,2.248e-05,5.452e-05,1.817e-05,3.874e-05,3.922e-05,2.104e-05,1.43e-06,1.91e-06,3.682e-05,1.865e-05,6.695e-05,1.578e-05,8.991e-05,3.635e-05,1.387e-05,4.782e-05,2.248e-05,3.635e-05,3.443e-05,5.261e-05,2.535e-05,2.535e-05,3.3e-05,1.387e-05,2.63e-05,4.017e-05,0.0001186,2.009e-05,1.578e-05,4.256e-05,1.961e-05,4.591e-05,6.7e-06,1.626e-05,5.26e-06,4.065e-05,3.922e-05,1.43e-06,3.061e-05,4.591e-05,5.26e-06
fSprSpr1,0.03027743,0.12723383,0.0476023,0.00739914,0.0071955,0.00159176,0.00102348,0.00781888,0.00174701,0.00883134,0.01107571,0.00255247,0.00164159,0.10423479,0.00182607,0.00100958,0.0003953,0.00021322,0.01271682,0.20947724,0.00026402,0.04512698,0.00013656,0.00041974,0.00034787,0.00063776,0.00030091,0.0002712,5.127e-05,0.00044801,5.175e-05,0.00018591,0.00018016,0.0017633,0.00011691,6.277e-05,1.39e-05,0.0012736,0.00010206,0.00017777,0.00021658,0.00011644,0.00012602,7.858e-05,0.00082127,0.00029564,0.00023191,0.00045472,0.00045807,0.00017729,0.00017968,5.031e-05,0.00026689,0.00013177,0.00019166,3.881e-05,0.00026785,1.15e-05,0.00013464,0.0025932,0.00021802,0.00031912,0.00016195,2.779e-05,0.00021658,7.187e-05,0.00069909,0.00014902,7.67e-06,0.00254863,4.264e-05,5.462e-05,0.00011069,6.469e-05,0.05191088,3.258e-05,0.00080834,7.762e-05,0.00028845,0.00035122,8.62e-06,7.954e-05,5.654e-05,0.00011835,6.037e-05,0.00013464,7.81e-05,0.0003311,4.121e-05,0.0004346,3.498e-05,5.702e-05,6.181e-05,0.00021227,2.54e-05,7.235e-05,3.833e-05,1.102e-05,5.175e-05,0.00022281,9.631e-05,2.348e-05,0.00013512,7.092e-05,9.296e-05,6.085e-05,7.523e-05,1.965e-05,3.498e-05,2.971e-05,8.721e-05,2.87e-06,2.348e-05,2.779e-05,4.744e-05,5.798e-05,3.642e-05,9.6e-07,2.012e-05,3.977e-05,0.0
fSquCep2,0.11393295,0.24399713,0.02872462,0.01097941,0.00571648,0.00141523,0.04119205,0.00351772,0.01510967,0.00408764,0.00401772,0.00042577,0.00232615,0.00295307,0.0021523,0.00810632,0.00110105,0.00211351,0.0147342,0.23204789,0.00096169,0.01101245,0.00080747,0.00090852,0.00041427,0.00107807,0.00035824,0.00066379,0.00030747,0.00094205,0.00036877,0.00016523,0.00342241,0.00061734,0.00014655,0.00040517,0.00020402,0.00020163,0.00053784,0.00037835,8.764e-05,0.00013075,0.00026341,0.00022845,2.059e-05,0.00042385,6.13e-05,0.00014128,7.663e-05,0.00509483,2.874e-05,0.00013649,0.00017385,0.0007318,0.00048324,8.669e-05,0.00013889,0.00028831,0.00035297,0.0001317,0.00015996,0.00026245,0.0003568,0.00025814,0.00013362,0.00011877,5.699e-05,0.00052874,4.071e-05,0.00010536,0.00091331,0.00015374,5.699e-05,0.00026964,4.981e-05,3.496e-05,0.00016188,8.908e-05,1.82e-05,5.029e-05,0.0001068,0.00014464,5.364e-05,0.00012165,3.975e-05,4.55e-05,0.0001432,0.00032711,9.148e-05,0.0001317,6.513e-05,4.119e-05,0.0001068,3.305e-05,4.406e-05,0.00014033,4.981e-05,6.082e-05,8.477e-05,0.00020402,6.657e-05,0.00013218,0.00022031,5.077e-05,0.00014655,0.00011255,6.897e-05,8.429e-05,7.328e-05,8.573e-05,0.00012452,2.778e-05,3.017e-05,2.443e-05,4.358e-05,1.054e-05,1.149e-05,1.149e-05,0.00016427,4.741e-05,6.7e-06
fSymMel2,0.02496346,0.23073558,0.01335962,0.00317019,0.16384327,0.00136635,0.00143173,0.10641058,0.00305913,0.00783317,0.00110096,0.00095721,0.0020125,0.1194875,0.0036024,0.0012875,0.00110577,0.00056587,0.00041154,0.03929856,0.00036971,0.01323558,0.00063125,0.00027115,0.00165385,0.00232452,0.00035433,0.00032308,0.00011923,0.0001875,9.519e-05,0.00064327,0.0004375,0.00010577,0.00013221,5.385e-05,0.00031442,0.00048413,0.00036923,0.00038269,0.00073798,0.00016923,0.00033558,0.00020096,2.404e-05,0.00061587,0.00016971,0.0008524,6.923e-05,0.00013798,2.5e-05,6.827e-05,4.183e-05,8.99e-05,0.0001351,1.202e-05,3.942e-05,5.721e-05,0.00043606,0.00028702,4.231e-05,8.846e-05,0.00025144,0.00064423,0.00018317,0.00011442,0.00011923,4.952e-05,4.231e-05,0.00017788,0.00023942,5.24e-05,5.24e-05,7.26e-05,9.808e-05,4.231e-05,0.00144327,0.00025577,0.00075913,0.00013029,1.875e-05,4.76e-05,0.00011538,6.01e-05,0.00020337,1.635e-05,0.0001399,7.404e-05,0.00050192,3.462e-05,0.00036923,0.00025481,3.99e-05,0.00023654,7.981e-05,0.00019423,0.00052692,2.212e-05,0.00097212,0.00025096,0.00011779,1.25e-05,6.25e-06,0.00196635,0.00017692,6.106e-05,4.471e-05,6.106e-05,0.00013413,6.25e-06,0.00032548,1.923e-05,5.096e-05,1.058e-05,2.115e-05,5.337e-05,1.923e-05,4.33e-06,6.683e-05,9.13e-06,0.00042644
fSynAcu2,0.03560374,0.13012889,0.01925204,0.00541782,0.01171299,0.00091902,0.00214471,0.00230187,0.00410829,0.00917633,0.0032597,0.00208481,0.00857499,0.01835218,0.00571826,0.00071682,0.02013512,0.00255774,0.00377384,0.00062003,0.00127743,0.00174701,0.00043603,0.00057882,0.00142885,0.00051845,0.00125874,0.00054097,3.067e-05,0.00027216,0.00023047,0.00015046,0.00045089,0.00082942,6.804e-05,4.648e-05,8.194e-05,0.00041878,0.00011644,9.535e-05,0.00012937,0.00078486,0.00073167,6.421e-05,3.115e-05,0.00116387,0.00020747,0.0006162,0.00022233,0.0005769,0.00010446,0.00010685,7.523e-05,0.00013177,5.51e-05,3.45e-05,0.00023143,0.0011931,0.00014566,0.0011035,8.241e-05,0.00011356,0.00010925,0.00082798,8.816e-05,0.00025635,7.571e-05,0.0003172,5.606e-05,0.00077767,0.00011356,3.785e-05,0.00013321,4.744e-05,0.00013943,0.00022568,0.00056445,5.606e-05,0.00013225,3.881e-05,0.00035697,5.319e-05,5.798e-05,3.546e-05,0.00018352,3.833e-05,6.277e-05,0.00026497,7.858e-05,0.00015381,2.827e-05,1.725e-05,9.58e-06,0.00011644,0.00035458,0.00020604,3.354e-05,4.648e-05,5.127e-05,3.642e-05,0.00011739,4.025e-05,3.306e-05,3.83e-06,0.00013081,3.929e-05,6.948e-05,1.965e-05,6.23e-06,6.948e-05,2.779e-05,4.6e-05,1.485e-05,5.414e-05,4.31e-06,6.708e-05,9.58e-06,0.31802587,3.498e-05,9.58e-06,3.306e-05
fTauBub2,0.01210481,0.04602692,0.00361779,0.00131875,0.00577644,0.00139712,0.00660433,0.00150962,0.07876346,0.01762788,0.00036731,0.00102981,0.00215769,0.35801346,0.00025625,0.00044375,0.00024808,0.10289231,0.00015433,0.00092452,0.00021683,0.00211394,0.00077644,0.00143846,0.00029856,0.00014712,0.00010481,0.0006851,1.442e-05,0.00068125,0.00454952,0.00062692,0.00049471,4.76e-05,0.00042885,3.606e-05,1.49e-05,4.231e-05,3.75e-05,0.00017981,9.76e-05,5.481e-05,4.183e-05,0.00015144,2.88e-06,7.837e-05,8.846e-05,4.856e-05,1.442e-05,0.00361202,0.00012837,2.788e-05,0.00065913,3.846e-05,0.00068558,1.587e-05,5.817e-05,2.163e-05,1.827e-05,3.029e-05,1.346e-05,6.875e-05,9.615e-05,7.26e-05,5.481e-05,3.51e-05,1.01e-05,2.356e-05,0.00013894,7.981e-05,1.298e-05,4.279e-05,0.00031058,0.00036106,1.779e-05,2.019e-05,9.13e-06,1.731e-05,2.452e-05,0.00022692,1.731e-05,0.00013125,3.99e-05,0.00013029,2.885e-05,0.00020625,3.365e-05,2.115e-05,7.596e-05,5.77e-06,8.462e-05,5.29e-06,0.00027019,6.875e-05,6.25e-06,0.00013125,1.635e-05,9.808e-05,6.971e-05,0.00015481,1.49e-05,4.76e-05,2.452e-05,1.44e-06,0.00043462,4.327e-05,9.615e-05,5.29e-06,3.846e-05,1.058e-05,3.413e-05,5.29e-06,1.01e-05,4.327e-05,1.779e-05,4.279e-05,6.73e-06,2.356e-05,2.692e-05,1.923e-05,9.6e-07
fTelBon1,0.12567498,0.21582886,0.00122771,0.0007651,0.04605705,0.00294104,0.00132311,0.01234084,0.00068121,0.02390988,0.00493576,0.00163279,0.00316443,0.00080537,0.01305561,0.00079722,0.00395014,0.14406663,0.00034324,0.04762033,0.00016059,0.00296788,0.00030201,0.00027996,0.00038159,0.00138974,0.00015724,0.0014976,6.52e-05,0.00021524,0.0002814,0.00040796,0.0019813,4.746e-05,0.00165916,3.068e-05,7.43e-05,0.01286481,0.00020566,0.00075983,0.00018025,0.00048993,3.068e-05,0.00118169,0.0002373,0.00021333,0.00022387,0.00019559,6.807e-05,8.533e-05,7.958e-05,8.198e-05,0.00012752,0.00019032,7.622e-05,0.00052445,7.143e-05,0.00147076,0.00853979,8.15e-05,5.801e-05,0.00016683,0.00014717,0.00011074,6.424e-05,0.00053356,7.67e-05,0.00039645,8.821e-05,7.862e-05,0.00061266,3.931e-05,8.485e-05,0.00050575,9.11e-06,0.00014717,0.00311889,9.827e-05,1.582e-05,8.15e-05,0.00086721,3.979e-05,3.595e-05,0.00014861,0.00016922,3.883e-05,6.711e-05,0.00011649,0.00020901,4.89e-05,2.253e-05,8.389e-05,3.02e-05,0.00014525,5.657e-05,0.00010499,0.00019511,2.972e-05,0.00031592,0.00010451,6.663e-05,9.06e-05,4.79e-06,7.19e-06,0.00037248,1.486e-05,8.581e-05,6.28e-05,0.00010307,2.88e-06,6.376e-05,0.00011266,0.00026654,3.068e-05,0.00011361,2.78e-05,2.397e-05,1.486e-05,0.00013183,0.0002536,4.8e-07
fThuMac1,0.02335342,0.16380966,0.00709087,0.01736968,0.11971449,0.00285366,0.00159923,0.02888474,0.00248589,0.06964706,0.00024199,0.00181923,0.00152798,0.11020182,0.00103348,0.00852606,0.00370014,0.00097657,0.00700861,0.00678384,0.00119225,0.14604017,0.00054424,0.00038307,0.00065854,0.00032759,3.013e-05,0.00025681,0.00013725,9.565e-05,0.00012817,0.00024916,0.00013678,0.00022382,0.00012147,7.221e-05,1.674e-05,0.00047441,8.608e-05,9.039e-05,0.00017551,0.00010521,0.00012386,4.974e-05,1.913e-05,0.00042563,0.00035438,5.93e-05,3.969e-05,2.104e-05,3.3e-05,2.487e-05,4.161e-05,2.248e-05,7.078e-05,0.00030081,0.00061884,6.026e-05,0.00013391,7.461e-05,0.00017456,9.995e-05,8.8e-05,6.074e-05,4.256e-05,7.365e-05,1.291e-05,6.934e-05,7.03e-05,1.148e-05,2.535e-05,2.487e-05,0.00012195,3.252e-05,1.817e-05,1.578e-05,1.243e-05,6.6e-05,1.483e-05,5.835e-05,6.408e-05,3.491e-05,3.3e-05,0.00027929,1.913e-05,3.539e-05,2.391e-05,2.726e-05,0.00011621,5.26e-06,2.63e-05,5.213e-05,8.369e-05,1.674e-05,2.152e-05,2.009e-05,0.00058011,1.483e-05,6.695e-05,7.987e-05,5.882e-05,1.578e-05,9.66e-05,1.913e-05,1.578e-05,3.109e-05,5.069e-05,8.369e-05,2.726e-05,1.196e-05,1.53e-05,2.248e-05,6.121e-05,1.53e-05,6.22e-06,3.35e-06,8.61e-06,9.6e-07,9.09e-06,1.052e-05,5.022e-05
fZeuFab8,0.05076231,0.14401291,0.01477044,0.00193018,0.00356576,0.00410043,0.00088809,0.00137494,0.00082736,0.00402343,0.01928647,0.00086466,0.00283262,0.31536251,0.01052033,0.00057245,0.00195265,0.07155093,0.00489813,0.00034959,0.00036442,0.0012946,0.00013295,0.00025251,0.00082736,0.00016786,0.00072501,0.00067097,7.461e-05,0.00037351,6.6e-05,0.00019512,4.4e-05,0.0002769,4.782e-05,8.656e-05,6.552e-05,0.00014969,0.00021856,6.887e-05,0.00043424,0.00051506,8.13e-05,0.0001626,3.826e-05,0.0005012,3.922e-05,0.00879292,4.4e-05,3.635e-05,5.882e-05,0.0001583,9.565e-05,0.00018412,0.00378336,2.296e-05,0.00019799,1.961e-05,0.00117886,0.00280583,0.00438259,7.747e-05,3.396e-05,0.00018938,0.0001186,0.00012052,0.00019225,0.0001033,0.00019799,0.0002616,0.00020708,2.822e-05,0.0001076,0.0006461,0.00016069,6.982e-05,0.00512291,0.00017838,5.978e-05,0.00038594,3.443e-05,7.078e-05,5.882e-05,0.00014156,0.00021569,1.626e-05,1.578e-05,0.00033429,5.165e-05,0.00015208,4.256e-05,3.778e-05,1.865e-05,9.469e-05,0.00026638,0.00026255,3.539e-05,2.822e-05,0.00014778,0.00016356,0.00042994,0.00024964,8.465e-05,5.74e-06,2.056e-05,5.117e-05,4.495e-05,2.152e-05,7.65e-06,3.396e-05,6.217e-05,5.74e-06,7.747e-05,5.165e-05,5.165e-05,1.387e-05,4.3e-06,0.00048589,0.00031181,1.865e-05,1.674e-05
gfAgaBisp1,0.00072554,0.00052936,0.00055704,8.687e-05,0.0005642,0.0002105,0.00013508,6.253e-05,0.00055465,0.0002969,7.017e-05,5.68e-05,5.871e-05,6.539e-05,4.391e-05,3.437e-05,0.0001074,7.78e-05,1.48e-05,2.768e-05,7.589e-05,4.582e-05,3.007e-05,5.632e-05,5.823e-05,4.3e-06,2.39e-06,7.16e-06,1.43e-06,1.098e-05,1.43e-06,4.3e-06,3.34e-06,2.86e-06,0.98989594,9.5e-07,1.43e-06,1.098e-05,9.55e-06,5.25e-06,3.82e-06,7.16e-06,6.21e-06,1.91e-06,4.77e-06,3.82e-06,3.34e-06,7.16e-06,1.43e-06,4.3e-06,2.86e-06,5.25e-06,1.91e-06,5.25e-06,1.05e-05,5.25e-06,1.43e-06,6.21e-06,8.59e-06,2.86e-06,8.11e-06,9.5e-07,1.43e-06,3.34e-06,1.43e-06,2.86e-06,0.0,6.68e-06,0.0,2.39e-06,0.0,4.8e-07,9.5e-07,3.34e-06,1.91e-06,4.77e-06,3.82e-06,3.34e-06,1.91e-06,3.34e-06,3.82e-06,9.5e-07,1.43e-06,1.43e-06,9.5e-07,4.3e-06,9.5e-07,1.43e-06,9.5e-07,9.5e-07,9.5e-07,1.91e-06,3.82e-06,6.21e-06,2.86e-06,2.86e-06,3.34e-06,9.5e-07,1.91e-06,9.5e-07,0.0,4.3e-06,2.39e-06,0.0,9.5e-07,3.34e-06,0.0,2.39e-06,9.5e-07,4.8e-07,9.5e-07,9.5e-07,9.5e-07,1.91e-06,1.91e-06,2.39e-06,9.5e-07,0.0,4.8e-07,1.91e-06,0.0
gfClaFumo1,0.00669319,0.18744775,0.0492651,0.00088015,0.01824353,0.00096692,0.00071141,0.00104123,0.00641275,0.01394775,0.00992378,0.00026414,0.00130393,0.00191563,0.00147795,0.00015964,0.04273538,0.00023202,0.00029866,0.00033845,0.00073154,0.0001558,0.00085331,0.0006534,0.00177421,3.979e-05,0.00034564,8.533e-05,3.308e-05,0.00013087,0.00013375,9.923e-05,0.00010786,5.849e-05,0.00016203,3.787e-05,0.00081112,0.00012608,5.321e-05,0.00014621,4.123e-05,0.00014669,0.00019607,5.705e-05,1.726e-05,8.629e-05,3.404e-05,2.157e-05,3.691e-05,5.896e-05,1.582e-05,4.65e-05,0.00018504,6.376e-05,1.726e-05,0.00011745,2.253e-05,0.00026318,5.609e-05,0.00027852,9.636e-05,2.013e-05,4.602e-05,6.568e-05,2.061e-05,2.828e-05,2.205e-05,0.40931975,2.493e-05,7.478e-05,1.63e-05,3.36e-06,2.637e-05,3.068e-05,1.294e-05,2.109e-05,0.00010451,2.205e-05,0.00011697,2.205e-05,8.485e-05,1.918e-05,4.698e-05,1.055e-05,1.007e-05,3.595e-05,4.41e-05,1.534e-05,9.11e-06,3.356e-05,4.219e-05,4.41e-05,1.774e-05,1.534e-05,2.301e-05,4.075e-05,1.63e-05,1.055e-05,2.541e-05,4.219e-05,2.301e-05,1.63e-05,2.109e-05,5.27e-06,1.822e-05,3.308e-05,1.918e-05,2.445e-05,1.294e-05,1.822e-05,3.787e-05,8.15e-06,4.8e-07,5.75e-06,1.582e-05,1.103e-05,0.00133605,2.88e-06,4.746e-05,5.27e-06,8.15e-06
gfFlaVelt1,0.00472119,0.00317025,0.0014132,0.00308704,0.00164323,0.00232999,0.00069297,0.00075897,0.00391918,0.00059923,0.00021999,0.00070349,0.00041272,9.9e-05,0.00011143,0.00018364,0.00115543,7.269e-05,9.039e-05,0.00010234,0.00181683,0.00019703,0.0001033,0.00020947,0.00012099,0.00032855,3.73e-05,0.00010426,2.152e-05,3.013e-05,6.361e-05,7.987e-05,3.778e-05,5.069e-05,1.243e-05,1.626e-05,1.052e-05,1.339e-05,5.93e-05,4.878e-05,3.3e-05,2.965e-05,8.082e-05,3.969e-05,2.39e-06,5.691e-05,3.826e-05,1.578e-05,2.726e-05,2.678e-05,0.00010665,1.865e-05,4.495e-05,5.739e-05,1.578e-05,6.648e-05,2.2e-05,1.435e-05,3.73e-05,1.626e-05,1.243e-05,3.3e-05,1.817e-05,3.3e-05,5.74e-06,2.296e-05,2.87e-06,0.00012339,5.26e-06,1.722e-05,1.626e-05,1.817e-05,4.113e-05,3.83e-06,2.87e-06,8.61e-06,1.722e-05,2.056e-05,5.26e-06,2.487e-05,9.09e-06,2.869e-05,6.7e-06,1.91e-06,4.3e-06,1.196e-05,1.91e-06,1.43e-06,7.17e-06,7.65e-06,1.53e-05,1.052e-05,1.052e-05,1.722e-05,2.39e-06,7.17e-06,1.483e-05,1.961e-05,1.291e-05,1.865e-05,4.4e-05,5.26e-06,4.78e-06,3.83e-06,1.91e-06,2.104e-05,3.83e-06,8.61e-06,3.35e-06,1.1e-05,7.65e-06,1.387e-05,1.43e-06,4.3e-06,5.26e-06,6.7e-06,9.6e-07,1.43e-06,1.53e-05,5.26e-06,0.0
gfLaeSulp1,0.00357293,0.02085939,0.00372784,0.0012531,0.03467207,0.00077264,0.00144233,0.00082173,0.00088322,0.15140562,0.00669638,0.00080029,0.00073499,0.00052097,0.00060915,0.00019876,0.00324309,0.0001306,0.00059342,0.00050906,0.00025882,0.00042898,0.0002021,0.00033079,9.628e-05,4.719e-05,6.816e-05,6.196e-05,5.958e-05,3.194e-05,1.335e-05,1.239e-05,7.197e-05,7.245e-05,0.00028217,4.8e-07,3.718e-05,0.62518541,2.717e-05,0.00011344,7.388e-05,8.151e-05,2.908e-05,4.48e-05,6.2e-06,6.673e-05,2.479e-05,1.716e-05,2.574e-05,8.58e-06,7.912e-05,2.86e-05,2.765e-05,2.526e-05,4.719e-05,4.147e-05,7.817e-05,1.573e-05,1.239e-05,4.48e-05,1.573e-05,1.144e-05,1.907e-05,8.58e-06,1.478e-05,3.098e-05,1.335e-05,0.00032364,1.192e-05,1.621e-05,3.34e-06,1.716e-05,1.91e-06,1.91e-06,1.287e-05,4.29e-06,5.243e-05,1.43e-05,6.67e-06,2.002e-05,1.192e-05,1.239e-05,7.63e-06,9.06e-06,2.86e-06,1.049e-05,1.192e-05,8.1e-06,7.63e-06,3.575e-05,2.622e-05,4.77e-06,1.096e-05,3.81e-06,1.382e-05,5.24e-06,5.72e-06,3.34e-06,4.77e-06,2.479e-05,8.58e-06,4.8e-07,2.955e-05,1.096e-05,1.239e-05,4.29e-06,1.525e-05,1.907e-05,1.573e-05,1.91e-06,2.86e-06,7.63e-06,7.63e-06,3.34e-06,3.34e-06,2.86e-06,1.049e-05,2.86e-06,3.81e-06,3.34e-06,4.8e-07
gfPleOstr1,0.00456917,0.12478363,0.00276735,0.00030924,0.00140929,0.00060412,0.00159167,0.00045668,0.0019325,0.02041216,0.00032169,0.00023648,0.00050981,0.00013595,0.00046673,0.00014983,0.23506702,0.00036381,6.941e-05,4.26e-05,0.00028483,0.00011872,6.606e-05,0.00019627,0.00020584,2.25e-05,4.931e-05,0.00011728,7.324e-05,0.00012733,4.978e-05,2.824e-05,0.00012733,4.931e-05,3.734e-05,9.1e-06,0.00016754,2.393e-05,0.00015606,4.691e-05,3.734e-05,1.963e-05,3.159e-05,2.393e-05,1.628e-05,4.356e-05,5.409e-05,3.112e-05,1.532e-05,3.159e-05,2.25e-05,3.59e-05,2.39e-06,3.638e-05,1.436e-05,1.819e-05,8.14e-06,4.308e-05,3.303e-05,2.729e-05,1.005e-05,7.659e-05,5.74e-06,3.016e-05,4.978e-05,1.628e-05,1.915e-05,8.377e-05,3.35e-06,2.681e-05,2.92e-05,2.87e-06,1.675e-05,2.393e-05,8.62e-06,3.83e-05,1.484e-05,2.298e-05,2.202e-05,2.489e-05,0.43776592,1.963e-05,2.393e-05,1.149e-05,2.106e-05,1.197e-05,9.6e-07,1.58e-05,1.915e-05,5.74e-06,1.91e-06,5.27e-06,1.101e-05,8.14e-06,1.771e-05,4.739e-05,4.79e-06,1.005e-05,2.011e-05,2.441e-05,3.303e-05,1.628e-05,1.149e-05,5.74e-06,3.447e-05,3.159e-05,2.87e-06,1.628e-05,2.681e-05,5.27e-06,1.484e-05,1.101e-05,1.436e-05,9.1e-06,1.628e-05,1.34e-05,4.31e-06,4.404e-05,1.053e-05,1.44e-06,1.91e-06
gfPorCaly1,0.00729073,0.05983229,0.01160884,0.01396732,0.06353532,0.00125805,0.00530466,0.00157761,0.00428063,0.00150024,0.02701922,0.00077174,0.00070014,0.00052427,0.00166651,0.0007285,0.19828544,0.00011677,0.37102883,0.00098222,0.00353148,0.00217876,0.00042528,0.00100913,0.00011197,0.00022874,0.00018212,8.794e-05,2.883e-05,0.00035608,2.643e-05,0.00018453,0.00014416,0.00128063,0.00033926,1.49e-05,1.442e-05,0.00284238,0.0002321,9.803e-05,0.0001038,6.631e-05,0.00035608,6.103e-05,6.247e-05,8.409e-05,2.451e-05,0.00014368,3.652e-05,0.00023402,2.979e-05,7.785e-05,3.075e-05,2.979e-05,7.064e-05,3.796e-05,7.208e-05,0.0001062,9.274e-05,0.00033253,3.988e-05,3.46e-05,8.265e-05,7.21e-06,1.874e-05,3.268e-05,2.21e-05,0.00131043,1.922e-05,5.766e-05,8.698e-05,5.142e-05,1.009e-05,6.25e-06,1.346e-05,4.32e-06,0.0001038,2.835e-05,9.13e-06,1.778e-05,9.61e-06,3.027e-05,7.016e-05,1.538e-05,1.922e-05,7.69e-06,4.373e-05,6.25e-06,8.65e-06,7.21e-06,7.21e-06,3.36e-06,0.00016963,2.114e-05,9.659e-05,1.538e-05,1.009e-05,2.018e-05,1.922e-05,5.815e-05,1.009e-05,7.69e-06,3.36e-06,1.49e-05,5.29e-06,3.7e-05,5.77e-06,0.00010284,6.872e-05,1.826e-05,1.634e-05,6.73e-06,3.844e-05,2.883e-05,2.018e-05,1.826e-05,4.661e-05,2.114e-05,3.36e-06,2.451e-05,0.0
glLicPygm2,0.00977533,0.00768595,0.00094598,0.00131405,0.00169312,0.0361783,0.00049426,0.00097275,0.00256979,0.02704015,0.00038958,0.0134173,0.00090918,0.00184082,0.00028776,0.00022467,0.61709512,0.00037237,0.00029446,0.00010851,0.00023088,0.0003131,0.00016013,0.00156549,0.01542495,8.7e-05,0.00013719,0.0001348,4.637e-05,6.979e-05,4.254e-05,8.891e-05,3.203e-05,6.597e-05,3.442e-05,1.91e-06,4.015e-05,3.394e-05,0.00011233,5.497e-05,5.258e-05,7.218e-05,3.92e-05,0.00010707,1.147e-05,7.17e-05,6.071e-05,4.589e-05,4.828e-05,1.673e-05,0.01960038,4.398e-05,2.486e-05,4.111e-05,4.015e-05,8.126e-05,1.099e-05,6.358e-05,2.342e-05,2.247e-05,2.486e-05,3.059e-05,3.442e-05,0.00010038,1.291e-05,7.122e-05,3.35e-06,3.585e-05,1.291e-05,2.533e-05,1.96e-05,1.243e-05,3.489e-05,3.633e-05,6.119e-05,5.115e-05,1.53e-05,1.195e-05,1.243e-05,5.163e-05,4.111e-05,3.92e-05,1.577e-05,2.964e-05,3.298e-05,1.195e-05,3.011e-05,8.13e-06,2.581e-05,4.35e-05,2.533e-05,3.25e-05,2.87e-06,1.721e-05,6.69e-06,2.342e-05,5.593e-05,1.673e-05,2.533e-05,3.872e-05,1.099e-05,2.964e-05,1.91e-06,4.3e-06,7.65e-06,2.772e-05,8.031e-05,1.864e-05,1.53e-05,7.65e-06,3.442e-05,4.78e-06,4.8e-07,1.91e-06,7.65e-06,4.254e-05,8.6e-06,9.6e-07,6.21e-06,9.56e-06,9.6e-07
grCorFumo1,0.00222414,0.02069061,0.00404071,0.00416379,0.00176485,0.00031082,0.0003683,0.00047414,0.0004387,0.0002409,0.00199665,0.00018726,0.00021935,0.00015709,0.00044397,0.00035441,6.609e-05,0.00029598,0.00111686,9.435e-05,8.956e-05,0.00016044,0.00014416,0.00024665,0.00010345,0.00027682,0.00081801,7.998e-05,1.628e-05,8.573e-05,1.964e-05,4.31e-05,4.023e-05,7.615e-05,1.245e-05,2.059e-05,8.14e-06,2.155e-05,5.125e-05,9.531e-05,4.071e-05,4.741e-05,6.322e-05,3.975e-05,1.293e-05,2.443e-05,2.826e-05,2.395e-05,2.347e-05,2.443e-05,2.778e-05,9.1e-05,5.603e-05,1.628e-05,7.66e-06,5.27e-06,7.18e-06,2.874e-05,6.7e-06,0.00728592,1.868e-05,1.341e-05,1.676e-05,1.868e-05,1.197e-05,1.58e-05,1.102e-05,6.178e-05,3.209e-05,6.178e-05,2.011e-05,2.921e-05,5.75e-06,1.054e-05,4.837e-05,3.35e-06,7.28e-05,6.7e-06,2.49e-05,1.102e-05,1.293e-05,2.538e-05,5.75e-06,7.18e-06,1.724e-05,2.011e-05,0.0,2.107e-05,7.18e-06,4.119e-05,1.485e-05,0.0,1.533e-05,5.939e-05,1.102e-05,6.178e-05,1.341e-05,1.054e-05,5.75e-06,1.389e-05,4.023e-05,4.215e-05,1.341e-05,6.23e-06,5.75e-06,4.167e-05,1.533e-05,8.62e-06,6.7e-06,7.18e-06,4.31e-06,1.44e-06,8.62e-06,2.347e-05,9.1e-06,1.92e-06,0.33297222,9.6e-07,4.79e-06,8.14e-06,8.14e-06
grSimLame1,0.00600144,0.01461649,0.00944823,0.01029434,0.0080489,0.00158917,0.00194343,0.00109108,0.00205849,0.00089406,0.00199664,0.00018073,0.00025407,0.00011026,0.00059971,0.01037152,7.814e-05,1.774e-05,0.30875551,0.00022291,0.0002047,0.00018456,0.00011649,0.00031783,0.00025072,0.00018169,0.00043768,0.00010834,0.00030777,9.636e-05,5.369e-05,8.341e-05,5.465e-05,0.00026606,0.00010594,0.00011697,2.972e-05,2.301e-05,3.691e-05,0.00012416,0.00019607,3.116e-05,0.00038447,0.00013039,5.417e-05,5.513e-05,5.465e-05,0.00022052,4.89e-05,6.472e-05,7.67e-06,1.822e-05,8.485e-05,0.00011409,3.643e-05,7.766e-05,1.055e-05,0.0,0.00011889,0.08866683,3.116e-05,1.198e-05,0.00015676,3.835e-05,1.294e-05,0.00011649,2.157e-05,1.87e-05,1.007e-05,6.232e-05,9.59e-06,9.59e-06,5.465e-05,3.164e-05,0.00011649,4.31e-06,0.00013902,1.918e-05,8.725e-05,2.061e-05,3.835e-05,9.875e-05,2.4e-06,1.486e-05,4.986e-05,2.541e-05,7.67e-06,1.246e-05,3.116e-05,3.068e-05,2.013e-05,7.19e-06,8.821e-05,5.129e-05,2.349e-05,3.404e-05,4.41e-05,9.204e-05,0.00029243,0.00093528,6.903e-05,4.986e-05,1.486e-05,0.00130872,1.055e-05,0.00020949,1.726e-05,2.397e-05,9.11e-06,2.972e-05,1.965e-05,5.513e-05,2.78e-05,2.205e-05,1.678e-05,4.794e-05,1.822e-05,1.103e-05,2.4e-06,1.87e-05,9.684e-05
grTriPseu1,0.00250407,0.02741207,0.00389411,0.0005932,0.00814614,0.00035841,0.00020364,0.00050839,0.0008299,0.00033014,0.00202252,0.00073119,0.00021131,7.571e-05,0.00071826,0.00011644,0.00024437,1.342e-05,0.00026497,0.00011069,4.792e-05,0.00027072,3.69e-05,0.00038812,0.00013752,5.894e-05,0.00013177,3.929e-05,2.3e-05,5.223e-05,1.246e-05,4.169e-05,3.45e-05,5.51e-05,1.246e-05,1.581e-05,3.785e-05,3.162e-05,3.833e-05,2.3e-05,2.108e-05,1.821e-05,1.485e-05,1.917e-05,8.15e-06,1.342e-05,2.54e-05,7.81e-05,7.19e-06,8.481e-05,5.223e-05,2.923e-05,1.533e-05,3.067e-05,6.71e-06,9.1e-06,1.102e-05,6.71e-06,2.635e-05,0.38958074,3.546e-05,5.27e-06,2.156e-05,6.71e-06,8.15e-06,7.67e-06,3.498e-05,1.198e-05,3.35e-06,2.252e-05,2.204e-05,1.581e-05,2.492e-05,2.971e-05,4.744e-05,2.827e-05,5.367e-05,4.31e-06,2.108e-05,7.67e-06,1.437e-05,6.23e-06,2.444e-05,6.23e-06,9.1e-06,1.102e-05,3.83e-06,2.252e-05,1.485e-05,6.71e-06,2.4e-06,5.75e-06,1.294e-05,1.917e-05,1.533e-05,4.983e-05,4.79e-06,8.62e-06,1.15e-05,3.019e-05,7.67e-06,7.67e-06,2.4e-06,9.6e-07,2.3e-05,5.75e-06,1.821e-05,2.4e-06,1.294e-05,1.581e-05,2.204e-05,4.31e-06,3.929e-05,1.294e-05,5.75e-06,1.342e-05,1.629e-05,4.79e-06,2.4e-06,3.83e-06,4.79e-06
gsMetZobe1,0.00140556,0.00262704,0.0015604,0.00048658,0.00058006,0.00033461,0.00023394,0.00030153,0.00042953,0.00037248,0.00046405,9.108e-05,0.0001582,7.478e-05,9.636e-05,6.328e-05,5.273e-05,6.52e-05,8.725e-05,5.225e-05,0.00011409,0.00010642,3.308e-05,3.164e-05,0.00011314,0.00011889,6.184e-05,2.157e-05,1.198e-05,1.726e-05,1.342e-05,2.013e-05,9.11e-06,3.404e-05,3.308e-05,1.294e-05,1.151e-05,1.294e-05,2.205e-05,8.15e-06,1.486e-05,1.582e-05,1.342e-05,1.246e-05,1.055e-05,8.63e-06,2.397e-05,5.27e-06,6.23e-06,2.445e-05,2.157e-05,2.589e-05,3.36e-06,1.63e-05,7.19e-06,3.691e-05,7.67e-06,4.79e-06,1.822e-05,2.397e-05,1.726e-05,9.11e-06,8.63e-06,1.055e-05,4.31e-06,1.103e-05,6.23e-06,6.23e-06,1.44e-06,9.11e-06,3.84e-06,2.4e-06,3.36e-06,8.15e-06,4.8e-07,1.151e-05,1.486e-05,0.0,0.51571381,2.4e-06,6.71e-06,1.44e-06,5.27e-06,1.246e-05,9.6e-07,1.342e-05,1.92e-06,4.79e-06,3.36e-06,9.59e-06,2.4e-06,9.11e-06,1.294e-05,1.92e-06,9.59e-06,1.294e-05,2.4e-06,1.92e-06,2.4e-06,8.15e-06,4.79e-06,9.6e-07,9.6e-07,3.36e-06,4.8e-07,8.15e-06,8.63e-06,9.6e-07,0.0,3.84e-06,1.246e-05,1.92e-06,1.44e-06,4.31e-06,9.59e-06,5.27e-06,4.8e-07,1.44e-06,1.44e-06,9.59e-06,4.8e-07
gzEntParv1,0.00505215,0.0269799,0.01582967,0.03801388,0.00091818,0.00761675,0.00079617,0.00117943,0.12480383,0.00221627,0.00073923,0.0002799,0.0017445,0.03118612,0.00015837,0.00014737,0.00022775,0.00013445,0.33171148,0.00010861,0.00380287,0.00043397,0.00035885,0.00062392,0.00024354,0.00129139,0.00025981,0.00051866,5.74e-06,8.373e-05,3.78e-05,0.00012775,4.737e-05,0.00015311,2.105e-05,2.584e-05,6.986e-05,2.01e-05,3.254e-05,5.024e-05,2.632e-05,1.914e-05,0.00033062,0.00010096,7.66e-06,6.555e-05,1.483e-05,4.115e-05,1.627e-05,2.919e-05,2.01e-05,9.187e-05,4.211e-05,0.000111,0.00147129,5.694e-05,3.254e-05,7.18e-06,2.775e-05,4.019e-05,3.876e-05,2.632e-05,2.01e-05,4.067e-05,3.78e-05,6.411e-05,3.876e-05,2.967e-05,1.77e-05,1.722e-05,1.1e-05,3.732e-05,2.44e-05,2.297e-05,5.598e-05,1.77e-05,2.105e-05,7.66e-06,2.488e-05,0.00014689,2.775e-05,4.258e-05,1.44e-06,3.349e-05,1.866e-05,2.105e-05,1.053e-05,2.057e-05,7.66e-06,1.91e-06,6.22e-06,4.306e-05,5.26e-06,5.263e-05,7.66e-06,2.584e-05,1.053e-05,2.057e-05,2.919e-05,1.675e-05,1.914e-05,1.962e-05,1.292e-05,1.005e-05,6.7e-06,2.632e-05,1.962e-05,3.78e-05,6.22e-06,3.014e-05,5.359e-05,6.22e-06,7.18e-06,1.388e-05,1.91e-06,6.7e-06,1.962e-05,5.74e-06,1.1e-05,1.005e-05,9.6e-07
gzMucPiri1,0.00654511,0.01270072,0.00880382,0.00083819,0.09135847,0.00073604,0.00106635,0.00071217,0.02284439,0.09146921,0.00168449,0.00082196,0.00067303,0.00053079,0.00070501,0.00034749,0.00673508,0.00052458,0.00032029,0.00036754,0.00019618,0.00025823,0.00069976,0.00585537,0.00015895,0.00023389,8.401e-05,0.00011026,1.909e-05,0.00015752,0.00036802,7.351e-05,6.253e-05,7.255e-05,0.00265967,3.437e-05,9.55e-06,1.623e-05,5.537e-05,5.346e-05,6.396e-05,6.253e-05,9.881e-05,4.439e-05,1.527e-05,1.48e-05,0.00010167,8.64e-05,1.814e-05,0.40343389,9.69e-05,5.919e-05,6.444e-05,3.723e-05,2.053e-05,3.771e-05,1.766e-05,0.00010788,4.869e-05,4.582e-05,9.403e-05,5.06e-05,2.291e-05,4.01e-05,3.723e-05,1.527e-05,4.153e-05,7.733e-05,1.193e-05,0.00015656,2.053e-05,4.105e-05,4.2e-05,0.00021527,1.002e-05,0.00010835,8.926e-05,5.73e-06,6.539e-05,2.673e-05,4.726e-05,1.098e-05,2.291e-05,2.864e-05,5.25e-06,1.146e-05,1.766e-05,6.68e-06,5.107e-05,4.248e-05,4.439e-05,3.34e-06,1.671e-05,2.959e-05,7.494e-05,0.00032506,2.673e-05,1.718e-05,2.482e-05,3.341e-05,3.723e-05,4.77e-06,3.82e-06,1.002e-05,9.55e-06,7.208e-05,1.002e-05,1.623e-05,4.77e-06,8.59e-06,1.241e-05,1.671e-05,4.3e-06,7.16e-06,7.16e-06,1.862e-05,5.25e-06,3.341e-05,2.39e-06,1.098e-05,0.0
icPteNige1,0.3820494,0.00207578,0.01233717,0.0494283,0.01617554,0.05981439,0.00401151,0.00270456,0.05405324,0.00219424,0.00053573,0.00079616,0.00179472,0.00040671,0.00111942,0.00069928,0.00091127,0.00015875,0.00121487,0.01696163,0.00088873,0.00044221,0.00020719,0.0002777,0.01071847,0.00048106,8.01e-05,0.00094053,8.201e-05,0.00185659,0.00436739,0.00016403,0.00413861,0.02838849,9.209e-05,0.00025516,2.302e-05,0.0001789,0.00181439,4.796e-05,0.00016451,5.276e-05,0.00016882,0.00028441,6.427e-05,3.453e-05,0.00023597,2.734e-05,6.763e-05,0.00031751,4.269e-05,0.00038753,0.00064508,0.00146811,3.261e-05,0.00069448,2.686e-05,4.125e-05,0.00010264,7.002e-05,1.151e-05,8.345e-05,0.01551894,0.00098465,6.091e-05,0.00016067,4.365e-05,8.825e-05,2.302e-05,0.00044077,5.324e-05,0.00012566,0.00017746,4.077e-05,4.029e-05,5.659e-05,7.19e-06,0.00092806,3.405e-05,0.00011319,3.645e-05,4.46e-05,0.00015252,0.00010887,1.199e-05,0.00030695,6.523e-05,4.604e-05,3.741e-05,0.00012182,7.19e-06,1.631e-05,0.00020815,3.405e-05,5.755e-05,0.00030264,2.4e-06,4.365e-05,0.00030072,7.626e-05,0.00014484,0.00184604,3.118e-05,9.6e-07,5.132e-05,0.00041103,1.295e-05,4.269e-05,0.00075635,0.00017122,0.00015348,0.0001036,3.84e-06,2.734e-05,1.631e-05,6.667e-05,9.6e-07,4.32e-06,9.11e-06,2.206e-05,8.63e-06
iHemFuc2,0.00073186,0.00044017,0.00045507,0.00025709,0.00018501,0.00014849,0.00017684,0.00016819,8.073e-05,0.00024748,0.00011869,3.46e-05,4.517e-05,3.412e-05,3.748e-05,3.412e-05,2.979e-05,1.297e-05,4.805e-05,2.691e-05,8.121e-05,1.49e-05,1.97e-05,1.73e-05,2.114e-05,3.316e-05,1.922e-05,2.066e-05,2.4e-06,1.394e-05,8.17e-06,1.153e-05,1.586e-05,1.394e-05,9.13e-06,0.99041038,8.17e-06,9.6e-07,8.65e-06,1.009e-05,5.77e-06,4.81e-06,7.69e-06,9.6e-07,4.32e-06,6.25e-06,9.61e-06,1.634e-05,2.4e-06,6.73e-06,2.88e-06,4.81e-06,6.25e-06,5.29e-06,2.4e-06,9.13e-06,3.36e-06,3.84e-06,2.88e-06,1.009e-05,5.29e-06,4.81e-06,5.77e-06,2.88e-06,5.29e-06,1.92e-06,4.32e-06,3.36e-06,6.25e-06,1.44e-06,2.88e-06,3.36e-06,4.8e-07,1.92e-06,2.88e-06,1.44e-06,8.17e-06,4.32e-06,1.009e-05,4.81e-06,3.36e-06,6.25e-06,9.6e-07,5.77e-06,4.32e-06,6.25e-06,5.29e-06,2.4e-06,1.44e-06,3.36e-06,2.88e-06,4.8e-07,5.77e-06,7.21e-06,1.92e-06,1.297e-05,1.92e-06,2.88e-06,4.8e-07,2.4e-06,3.36e-06,3.84e-06,2.88e-06,2.4e-06,3.84e-06,4.81e-06,4.8e-07,0.0,4.8e-07,9.6e-07,8.17e-06,1.92e-06,0.0,9.6e-07,4.81e-06,4.8e-07,1.92e-06,0.0,3.84e-06,4.8e-07,2.4e-06
icAdaBipu1,0.20216188,0.02709483,0.00531753,0.02420259,0.04782471,0.005091,0.00205987,0.00798324,0.00274761,0.00293582,0.00305316,0.18011782,0.00495881,0.00029693,0.0011681,0.24380651,0.00170019,0.00029981,0.00167625,0.0003659,0.00044013,0.00269013,0.0001092,0.02368343,0.00028161,0.00059339,0.001659,0.00050335,9.962e-05,0.00260297,0.00020115,0.0001978,0.00018534,0.0005091,0.00012117,0.00036446,0.00031561,0.00043343,0.00015852,5.46e-05,0.00055268,0.00035441,0.00031561,0.00050718,8.238e-05,0.00024425,0.00014464,0.0001954,0.00011973,0.00065852,0.00057759,9.866e-05,0.00019875,0.00030172,6.609e-05,0.0004205,0.00020881,2.538e-05,0.00013027,0.00010297,0.00023276,4.981e-05,0.00016715,0.00016523,0.00033285,0.00032759,9.435e-05,7.615e-05,0.00015661,0.00020402,0.00011398,7.184e-05,0.00017433,0.00019397,0.00011015,7.998e-05,0.00016044,5.891e-05,3.831e-05,5.22e-05,3.113e-05,0.00013985,0.00037165,0.00042816,6.178e-05,0.00011015,0.000466,3.688e-05,0.00012835,0.00012452,0.00019732,0.00163602,4.789e-05,2.443e-05,3.017e-05,6.753e-05,0.0009569,4.358e-05,0.00019636,0.00016858,0.00010967,0.00010441,9.58e-06,5.27e-06,0.00010201,0.0004181,0.00025958,0.00038506,0.00020498,4.789e-05,0.00011734,4.358e-05,1.389e-05,3.209e-05,0.00015661,2.299e-05,0.0,2.682e-05,6.274e-05,4.837e-05,0.00033573
icAdaBipu6,0.03049015,0.00358674,0.0165334,0.0022172,0.01142047,0.01693513,0.00240605,0.00233013,0.02988179,0.00086929,0.00044402,0.16595579,0.00129889,0.00145555,0.00052331,0.00032484,0.00150793,0.00163479,0.00021432,0.00043248,0.00357809,0.0068938,0.00096684,0.00076982,0.00021576,0.00015185,4.901e-05,0.00040846,0.00050072,0.00213167,8.602e-05,9.274e-05,0.01937338,0.00051994,0.00029601,3.556e-05,2.259e-05,7.112e-05,7.352e-05,0.00010524,3.892e-05,8.794e-05,8.313e-05,5.094e-05,9.13e-06,5.43e-05,0.0004839,4.757e-05,6.295e-05,0.00024411,0.00020807,9.37e-05,0.00020375,0.0004147,0.00036281,5.382e-05,9.659e-05,0.00030658,0.31822826,4.805e-05,5.622e-05,8.409e-05,6.631e-05,5.526e-05,3.22e-05,0.00018116,0.00035992,7.448e-05,1.394e-05,8.313e-05,0.00024315,2.835e-05,2.355e-05,0.00069053,6.055e-05,5.382e-05,7.21e-06,1.586e-05,1.778e-05,4.95e-05,6.103e-05,0.0001283,6.631e-05,3.604e-05,6.25e-06,3.22e-05,2.499e-05,4.32e-06,1.634e-05,7.016e-05,3.844e-05,2.499e-05,3.172e-05,0.00015089,7.689e-05,2.259e-05,1.922e-05,6.535e-05,1.682e-05,1.97e-05,3.412e-05,4.805e-05,2.88e-06,1.153e-05,3.123e-05,0.00010332,9.947e-05,2.787e-05,1.874e-05,2.595e-05,7.496e-05,0.00016146,7.977e-05,2.451e-05,6.824e-05,1.153e-05,1.682e-05,6.73e-06,0.00036377,2.307e-05,2.4e-06
icAdaBipu15,0.27745184,0.00523527,0.01474461,0.01059943,0.05069046,0.009161,0.00500862,0.06461476,0.00111548,0.01321322,0.00188931,0.22205175,0.00808433,0.00282702,0.0014643,0.00579205,0.00107954,0.00045328,0.0361035,0.00497125,0.0155793,0.00039722,0.00050647,0.00017202,0.01005319,0.00036991,0.00044322,0.00141782,3.115e-05,0.00256301,0.00088931,0.00016148,0.00012554,0.00180498,7.19e-06,0.00010637,0.00012698,0.00092142,0.00022616,0.00029899,0.00017298,0.00019454,0.00081265,5.367e-05,1.44e-06,0.00022472,0.00019789,0.00020556,9.344e-05,0.00011308,0.00015237,4.983e-05,0.00038237,0.0007288,0.00020891,0.00011212,0.00855151,6.66e-05,0.00062051,1.821e-05,5.75e-06,0.00013991,0.00026929,0.00024485,0.00013416,0.00027887,6.71e-06,0.00017585,0.00023527,0.00056732,0.00010302,3.69e-05,4.025e-05,0.00027504,1.917e-05,2.54e-05,2.156e-05,0.00012027,9.1e-06,0.00044562,1.581e-05,6.181e-05,0.00030474,0.00053282,7.331e-05,4.121e-05,8.62e-06,0.0001011,0.00028893,2.348e-05,3.69e-05,6.229e-05,0.00028654,3.785e-05,0.00035841,0.00010685,6.612e-05,1.102e-05,0.00010254,6.517e-05,4.792e-05,0.00164015,2.635e-05,2.3e-05,0.00018112,0.00012362,0.00020508,8.146e-05,4.6e-05,4.073e-05,9.679e-05,3.162e-05,5.798e-05,8.241e-05,7.858e-05,2.204e-05,5.27e-06,2.012e-05,6.564e-05,8.62e-06,1.294e-05
icAdaBipu20,0.49299233,0.02226811,0.0054024,0.04805564,0.00260048,0.0449482,0.00968393,0.00911175,0.0018024,0.00201103,0.00067962,0.19946283,0.00144556,0.0013506,0.0009271,0.00114484,0.00143741,0.0001223,0.00080671,0.00082446,0.00109496,0.0010494,0.00019952,0.0003765,0.00040624,0.00044365,0.00010552,0.00024365,0.00014964,0.00030935,0.00013189,0.00016259,0.00148537,0.00053957,0.00010072,0.00017794,0.00018561,7.866e-05,0.00030504,0.00025516,0.0002964,9.017e-05,0.00016211,0.00039281,8.63e-06,0.00017314,9.496e-05,0.00013477,0.00013381,8.825e-05,0.0004705,0.00010264,0.00023501,0.00034532,0.00011319,0.00073094,0.0001271,3.885e-05,0.00030504,6.235e-05,2.974e-05,5.468e-05,0.00059376,0.00012854,9.4e-05,0.0001036,8.441e-05,0.00013141,4.844e-05,0.00013381,6.859e-05,4.173e-05,5.755e-05,0.00010743,5.036e-05,2.83e-05,8.921e-05,0.0001741,4.412e-05,0.00033525,3.933e-05,4.604e-05,3.885e-05,3.501e-05,8.63e-06,0.00020671,1.92e-06,1.679e-05,1.487e-05,0.00014197,3.309e-05,6.715e-05,0.00019472,8.058e-05,5.228e-05,0.00013237,7.914e-05,6.091e-05,8.441e-05,0.00020959,0.00018993,3.933e-05,4.7e-05,2.638e-05,0.00010024,4.508e-05,4.748e-05,0.0002048,3.261e-05,2.4e-06,3.789e-05,3.022e-05,2.59e-05,3.741e-05,2.206e-05,2.542e-05,3.213e-05,1.487e-05,3.07e-05,3.645e-05,5.76e-06
icAdaBipu28,0.03367241,0.00240613,0.02681178,0.05449186,0.00086111,0.14600623,0.00489943,0.01059674,0.02082807,0.00057854,0.00654023,0.25552011,0.00636111,0.00032088,0.01604933,0.01676964,0.00331274,0.00030077,0.00062404,0.00019061,0.00163649,0.00037548,0.00070211,0.0005249,0.00098851,0.00337883,0.00022126,0.00359291,0.00029502,0.00465613,0.00056849,0.00029262,0.01167385,0.00038266,0.00016762,6.466e-05,0.0004205,6.178e-05,0.00420738,0.00505795,0.00052107,0.00011973,0.00055077,0.00104215,3.83e-06,0.00011063,2.155e-05,0.00018487,1.916e-05,0.00026964,3.736e-05,0.0001183,0.0008319,5.077e-05,6.944e-05,0.00012548,7.04e-05,0.00037069,0.00403113,3.161e-05,6.657e-05,2.874e-05,0.05969492,0.00094253,6.849e-05,0.00013697,5.27e-06,0.00099904,6.705e-05,8.956e-05,0.00011063,1.149e-05,7.136e-05,0.00040565,0.00035393,0.00013123,0.00015948,9.626e-05,5.603e-05,3.017e-05,4.167e-05,4.406e-05,5.699e-05,3.927e-05,8.333e-05,5.699e-05,4.31e-06,2.87e-06,4.933e-05,0.0002749,0.00015852,2.826e-05,0.00018678,0.00129885,1.868e-05,0.00108094,1.772e-05,3.352e-05,5.364e-05,0.00023994,4.79e-06,2.011e-05,1.724e-05,0.00021169,7.232e-05,0.00012787,7.28e-05,9.579e-05,0.00032519,0.00039655,3.352e-05,0.0019205,2.155e-05,3.257e-05,1.485e-05,2.634e-05,2.011e-05,5.27e-06,1.676e-05,8.14e-06,0.00017481
icAdaBipu29,0.51844923,0.00337404,0.00721791,0.0037069,0.00443678,0.00332328,0.0035067,0.01367768,0.00107998,0.00162931,0.00050239,0.25121169,0.00914368,0.00237021,0.00194061,0.00158956,0.00189368,0.00020402,0.00047366,0.00031801,0.00057902,0.00054023,0.00028017,0.00019205,0.06614128,0.00015996,0.00012979,0.00030125,5.795e-05,0.00025862,0.00012883,0.00031992,0.00054406,0.00011973,0.00014703,0.00011207,2.778e-05,0.00031657,0.00221504,4.31e-05,6.992e-05,0.00014655,7.711e-05,5.364e-05,3.64e-05,9.148e-05,8.764e-05,0.00023228,5.029e-05,9.77e-05,0.00016379,0.00013362,0.00011398,0.00020211,0.00017577,9.387e-05,0.00011398,0.00026868,0.00102155,0.00013745,0.00014128,4.837e-05,0.00014416,0.00011925,8.86e-05,3.496e-05,5.125e-05,9.483e-05,0.00025623,0.00034387,4.167e-05,3.209e-05,3.784e-05,8.142e-05,6.13e-05,5.987e-05,2.251e-05,8.094e-05,6.466e-05,0.00014799,7.088e-05,0.0001681,0.00027443,5.987e-05,8.621e-05,9.674e-05,4.119e-05,7.04e-05,0.00010872,0.00031705,1.724e-05,1.916e-05,9.626e-05,0.00046216,9.387e-05,0.00029933,1.82e-05,4.933e-05,9.914e-05,0.0003501,4.167e-05,6.705e-05,1.197e-05,1.58e-05,0.00024042,9.435e-05,9.1e-05,6.7e-06,9.866e-05,1.964e-05,1.437e-05,9.6e-07,7.902e-05,0.00062452,2.874e-05,9.148e-05,2.155e-05,9.58e-06,3.257e-05,1.102e-05,4.8e-07
icAdaBipu31,0.38506981,0.00216755,0.00367549,0.05684978,0.01492826,0.05286471,0.00553394,0.09719981,0.003909,0.0014675,0.00089697,0.18979779,0.00203467,0.00103178,0.003026,0.00186134,0.00147472,0.00053346,0.00051998,0.00085412,0.00070968,0.00035195,0.00111555,0.00032547,0.00064372,0.01515936,0.00049591,0.00064179,5.2e-05,0.00054357,8.57e-05,0.00012614,0.00030188,0.00013337,0.00031295,3.515e-05,1.878e-05,0.00021762,0.00058979,0.00012085,0.00028166,3.755e-05,0.00035628,0.00025758,1.974e-05,0.00010833,0.00022099,0.00013674,0.0002908,0.00024555,0.00026192,0.00011892,0.00033606,0.00058257,2.937e-05,0.00049254,0.00058257,5.296e-05,0.00041069,0.00013625,0.00016996,0.00042369,0.00013192,0.00020992,3.274e-05,0.00032114,1.781e-05,9.726e-05,0.00031103,7.848e-05,0.00039817,0.00012518,0.00132884,1.156e-05,7.366e-05,2.118e-05,0.00010688,1.926e-05,0.00011074,7.752e-05,0.00034425,0.00012518,5.489e-05,0.00032065,8.185e-05,0.00017381,3.563e-05,0.00011844,3.274e-05,2.311e-05,5.729e-05,5.152e-05,0.0003038,0.00012614,2.504e-05,5.248e-05,0.0019273,1.926e-05,0.00036351,0.00015936,9.052e-05,3.467e-05,7.078e-05,8.18e-06,7.126e-05,4.237e-05,0.00012181,2.937e-05,0.00012807,1.252e-05,7.559e-05,4.478e-05,8.18e-06,3.852e-05,3.081e-05,4.092e-05,1.878e-05,0.0,2.504e-05,3.274e-05,0.0
icAdaBipu32,0.48563193,0.01359273,0.01564579,0.04413815,0.0019087,0.01674092,0.01016396,0.00656549,0.00168021,0.00380784,0.0005913,0.23293738,0.00610612,0.00064436,0.00129685,0.00139101,0.00126912,0.00020937,0.00254685,0.00020841,0.0006587,0.00040966,0.00016157,0.000913,0.00043786,0.00033939,0.00020841,0.00054876,6.836e-05,0.00086759,0.00038098,0.00085755,0.00153824,0.0008738,0.00013958,0.00019503,0.00011568,8.987e-05,0.00036568,0.00057027,0.00022992,7.696e-05,8.604e-05,0.00022228,2.87e-06,7.935e-05,0.00010277,5.975e-05,8.078e-05,5.402e-05,8.365e-05,0.00010421,0.00014054,0.00031597,5.115e-05,0.00010373,0.00048709,0.00011233,0.00049952,9.799e-05,8.795e-05,0.00057744,0.00011329,4.971e-05,0.00010564,6.501e-05,3.585e-05,0.00012428,8.6e-06,1.625e-05,2.103e-05,4.828e-05,2.581e-05,0.00017495,2.629e-05,1.386e-05,4.015e-05,2.868e-05,8.13e-06,0.00041205,0.00017256,4.78e-05,0.00013098,9.895e-05,7.17e-05,0.00031979,1.721e-05,3.107e-05,9.512e-05,7.792e-05,0.00013193,9.13e-05,0.00013337,0.00010755,0.00013815,3.872e-05,0.00023566,2.199e-05,5.927e-05,0.00031023,7.553e-05,3.298e-05,0.00010564,0.00014388,2.199e-05,0.00012954,5.784e-05,0.00012141,6.023e-05,0.00010707,2.151e-05,1.338e-05,5.115e-05,4.159e-05,1.052e-05,4.063e-05,6.501e-05,4.3e-06,0.00017113,0.00013337,1.004e-05
icAdaBipu33,0.55706609,0.00219205,0.01164655,0.04028736,0.01010536,0.00992672,0.00246839,0.01479502,0.00485489,0.0006432,0.00036111,0.21832567,0.00192577,0.0008592,0.00118199,0.00303784,0.0005546,0.00029837,0.00265565,0.00051772,0.00550239,0.00032519,0.00045594,0.00033812,0.00103017,0.00043151,9.148e-05,0.00047222,0.00028544,0.00025766,0.0001341,0.00030172,0.00029023,0.00056082,5.987e-05,0.00014176,0.00020642,7.998e-05,0.00028017,0.0002567,0.0001772,0.00015326,0.00108669,6.37e-05,1.149e-05,0.00015948,0.00011542,9.914e-05,5.412e-05,6.466e-05,6.849e-05,8.094e-05,0.00081657,0.00021025,3.975e-05,0.00027347,0.0007251,5.172e-05,0.00034962,0.00019109,0.0002749,0.00019732,0.00038506,0.00045642,5.843e-05,0.00015278,4.31e-05,8.86e-05,6.992e-05,0.00015661,6.705e-05,3.065e-05,0.00012069,0.00010153,6.944e-05,2.251e-05,1.006e-05,7.95e-05,2.874e-05,0.00012069,0.00010489,0.00010824,4.358e-05,0.00023563,1.44e-06,0.00010489,1.916e-05,2.059e-05,2.49e-05,4.071e-05,7.423e-05,5.172e-05,0.00010728,4.79e-06,4.789e-05,6.178e-05,4.933e-05,5.603e-05,8.19e-05,0.00015565,0.00023084,2.395e-05,4.502e-05,6.801e-05,0.00024904,5.747e-05,0.00025527,0.00011638,8.716e-05,8.764e-05,3.879e-05,6.753e-05,3.592e-05,0.00043247,3.065e-05,7.471e-05,8.62e-06,1.676e-05,1.44e-06,2.39e-06,1.006e-05
icAdaBipu34,0.50396303,0.00944787,0.00699479,0.04024834,0.00327251,0.0105763,0.02362322,0.0148545,0.00348863,0.00109242,0.00223507,0.22433223,0.00132464,0.00031896,0.00080142,0.00288815,0.00033744,0.00016825,0.00115071,0.00039526,0.02225166,0.00045545,0.00025829,0.00033033,0.0012109,0.00229621,0.00042464,0.00101422,0.00024171,0.00016967,0.00029052,0.00022938,0.00061848,0.0006545,0.00014502,5.782e-05,0.00018104,4.36e-05,0.00019716,0.00019953,0.00019668,0.00066777,0.00021185,0.00066919,1.422e-05,0.00043697,0.00056825,0.00021896,0.0001109,0.00011327,0.00128863,8.72e-05,0.00045308,0.000609,5.024e-05,0.00031611,6.73e-05,2.844e-05,0.00022701,7.251e-05,0.00054313,4.218e-05,0.00140806,0.00053175,0.0001346,0.000309,5.213e-05,3.981e-05,4.218e-05,0.00021043,7.82e-05,1.659e-05,0.00014976,0.0001128,0.00012085,0.00019621,9.526e-05,0.00012417,6.398e-05,2.417e-05,0.00012227,0.00013697,9.194e-05,9.716e-05,0.00021422,0.00023318,1.232e-05,0.00013128,0.00010853,6.919e-05,0.00012227,4.597e-05,0.00011232,5.924e-05,3.791e-05,5.45e-05,2.37e-05,3.128e-05,2.607e-05,0.00017867,0.00035166,8.341e-05,0.0001109,7.014e-05,0.00019953,5.071e-05,0.00010284,5.261e-05,0.00024645,2.84e-06,0.00011564,5.071e-05,5.024e-05,0.00011137,3.79e-06,9.95e-06,9.5e-07,9e-06,2.84e-06,1.896e-05,5.21e-06
icAdaBipu36,0.36846316,0.00523828,0.00618947,0.08530574,0.0054756,0.00831531,0.00579904,0.00472967,0.00384833,0.00225933,0.00183301,0.21410239,0.0012933,0.00038278,0.0011799,0.00066316,0.00034545,0.00015167,0.00087608,0.00090144,0.00095502,0.0003067,0.00042775,0.00020287,0.00123206,7.368e-05,0.00026938,0.00043158,6.746e-05,0.00123014,0.00030096,0.00068852,0.00012775,0.00050861,0.00017225,2.775e-05,6.316e-05,0.0001823,0.00100335,0.00030909,0.00075646,6.459e-05,0.00039665,9.187e-05,3.35e-06,6.029e-05,0.0001555,0.00016316,0.00018565,0.00050478,0.00035837,0.00010478,0.00124737,5.359e-05,1.244e-05,8.23e-05,0.00047656,4.88e-05,0.00034976,0.00018373,2.679e-05,0.00017847,0.00195981,4.689e-05,3.254e-05,0.00017512,0.00023445,3.971e-05,3.78e-05,7.656e-05,3.541e-05,3.11e-05,9.139e-05,0.00035933,0.00019282,0.0001,7.033e-05,0.00014067,5.55e-05,0.0001555,0.0001622,0.00018182,0.00016268,0.00013014,0.00030813,0.00025263,0.00016938,0.00011148,8.9e-05,1.77e-05,0.00039665,0.0001311,8.9e-05,4.498e-05,2.057e-05,0.00017273,7.943e-05,0.00011962,0.00011866,0.00029617,2.01e-05,3.206e-05,2.87e-06,9.091e-05,1.627e-05,0.00023062,7.225e-05,0.00014115,0.00040622,8.086e-05,6.172e-05,0.00010909,3.206e-05,0.00013397,4.45e-05,0.00104641,0.0001,1.818e-05,4.641e-05,4.689e-05,4.8e-07
icAgoFuli1,0.29308481,0.00109631,0.06992381,0.00695017,0.00470101,0.01981648,0.00334595,0.00193963,0.0050805,0.00097029,0.00117681,0.00135697,0.00637949,0.10963536,0.00508816,0.01571299,0.00025827,0.00071826,0.00347197,0.00047772,0.01322472,0.00023095,0.00961763,0.00090034,0.00094442,0.00015525,0.00019645,0.00581121,0.00045568,0.0005563,0.00030331,0.00036176,9.966e-05,0.00025539,0.00012554,0.00013033,1.629e-05,4.839e-05,0.0007149,0.00012937,0.0008965,5.654e-05,0.00206517,0.00150168,0.00010733,0.00012218,0.00010973,0.00013608,0.00015333,0.00169286,6.996e-05,8.241e-05,0.00305414,0.00305031,0.00017106,0.00057738,0.00082032,6.996e-05,0.00017441,0.00069142,0.00040345,0.00075803,0.00102827,0.00134978,8.05e-05,0.00057643,5.223e-05,0.0001586,2.348e-05,0.00093771,0.00026593,0.00010973,0.0009794,0.00024485,0.00017873,0.00042885,5.031e-05,7.954e-05,9.919e-05,0.00018735,1.294e-05,0.00020939,5.894e-05,7.571e-05,0.00010829,0.00011356,3.354e-05,2.587e-05,2.923e-05,2.06e-05,0.00020412,0.00068711,0.00024533,6.564e-05,3.354e-05,0.00016148,0.00025635,0.00013273,0.00049545,3.162e-05,0.00019214,0.00017489,2.635e-05,4.839e-05,7.044e-05,0.00062099,0.00044178,0.00075371,0.00075467,0.00050886,1.581e-05,0.0001356,3.594e-05,8.625e-05,0.00015477,0.00072736,2.348e-05,1.821e-05,3.258e-05,0.00011835,2.683e-05
icAgrCyan1,0.20845511,0.00232981,0.00840086,0.00215506,0.13502976,0.00592463,0.00154057,0.01384349,0.00558521,0.00122564,0.00108881,0.00267259,0.00557225,0.00063418,0.00208449,0.00049448,0.00132021,0.00030821,0.00030629,0.00207249,0.00219107,0.00037014,0.00033605,0.000265,0.00332597,0.00022132,0.00023188,0.00206913,0.0001541,0.00037734,0.00036726,6.961e-05,0.00032837,0.00016467,0.0001061,0.00126164,0.00019011,8.593e-05,0.00579453,0.00031973,0.00013586,0.00048392,0.00092223,0.00034373,2.688e-05,0.00022708,4.801e-05,0.00015699,9.41e-05,9.65e-05,0.00010946,9.361e-05,0.00340999,0.00054873,4.129e-05,0.00175324,7.777e-05,0.00010802,0.00226116,9.698e-05,0.00012818,0.00039078,0.00041959,0.03625492,0.00136726,0.0004892,1.104e-05,0.00026884,3.793e-05,6.433e-05,4.225e-05,4.513e-05,0.00019539,0.00037686,2.736e-05,3.985e-05,0.00013058,0.00017763,0.00114738,4.705e-05,1.056e-05,6.913e-05,8.881e-05,9.361e-05,3.697e-05,4.033e-05,5.713e-05,0.00025012,3.841e-05,2.928e-05,0.00031013,0.00142103,3.889e-05,0.00010994,3.457e-05,0.00017139,0.00029765,0.0001157,0.0010072,2.208e-05,2.64e-05,3.601e-05,2.88e-06,0.00011474,0.00021123,5.617e-05,0.00012722,0.00016563,6.145e-05,5.089e-05,0.20319203,3.169e-05,1.44e-06,1.92e-06,9.265e-05,0.00064618,4.32e-06,9.6e-07,9.6e-07,2.304e-05,1.008e-05
icAgrMuri1,0.49716643,0.01663519,0.00490033,0.00544492,0.00183071,0.01542155,0.0207711,0.00519647,0.03537625,0.00239485,0.00084692,0.00237053,0.00741631,0.00040343,0.00039771,0.00649738,0.00113162,0.00500238,0.00054888,0.00047306,0.00111254,0.00664092,0.00203433,0.012402,0.00039056,0.05014497,0.00010062,0.00083119,0.0001526,0.00019456,0.00015641,0.01667144,0.00031807,0.00025131,0.00068622,5.246e-05,8.345e-05,0.00014592,0.00327563,0.00042108,7.392e-05,0.00013448,9.633e-05,0.0001731,2.098e-05,0.00026466,0.00078159,8.918e-05,0.00016404,0.00065761,4.196e-05,0.00014258,0.00012208,3.433e-05,6.152e-05,8.536e-05,9.776e-05,0.00010634,0.00051264,8.441e-05,0.00025465,0.00081593,0.00011111,6.342e-05,5.484e-05,0.00040105,4.626e-05,0.00012113,4.626e-05,4.34e-05,0.00037911,7.582e-05,0.00044063,0.00022318,5.389e-05,0.00013782,0.00010634,2.957e-05,1.383e-05,0.0004907,0.00016214,0.00083548,6.867e-05,5.484e-05,2.766e-05,2.814e-05,2.909e-05,2.86e-06,0.00054459,6.342e-05,0.00031235,5.389e-05,3.958e-05,5.484e-05,2.194e-05,6.629e-05,0.00048498,9.537e-05,6.915e-05,9.776e-05,5.484e-05,0.00012542,9.537e-05,1.621e-05,8.918e-05,0.00016357,0.00014878,5.913e-05,0.00010873,1.431e-05,0.00011969,0.00013829,3.34e-06,0.00068622,1.812e-05,1.144e-05,6.199e-05,4.77e-06,5.913e-05,0.0002041,5.72e-06
icAnaMacu3,0.16902207,0.01145921,0.01154319,0.00100336,0.00238436,0.00106718,0.00551056,0.0048047,0.12938772,0.00352399,0.00319482,0.34745585,0.00550912,0.00026631,0.00141075,0.01657678,0.00365067,0.00035413,0.00050624,0.00026104,0.0003762,0.00068234,0.00022697,0.00617035,0.00136708,0.00012812,0.00018618,0.00048944,0.00029367,0.0001977,0.00058253,0.00011132,0.00024328,2.927e-05,0.00014107,3.455e-05,1.488e-05,0.00024712,0.00014347,0.0006358,0.0001977,0.00084789,0.00013724,0.00039012,9.6e-06,0.00016843,0.00034453,0.00013388,0.00013196,0.00010557,0.0011214,0.00017179,0.00023512,6.766e-05,3.647e-05,0.00013244,8.16e-06,0.00015259,8.253e-05,0.00154607,9.165e-05,0.00066987,0.00016315,0.00029702,7.869e-05,7.246e-05,2.255e-05,0.00125624,0.00053071,3.791e-05,0.00014971,8.781e-05,0.00011564,0.00015307,5.614e-05,0.00048369,0.00137188,0.00013196,0.0003666,4.655e-05,3.071e-05,0.00025672,9.645e-05,8.925e-05,3.743e-05,1.248e-05,0.00021593,0.00014347,8.925e-05,7.917e-05,3.791e-05,0.00039731,0.000119,6.19e-05,1.631e-05,0.00022841,4.8e-07,4.319e-05,0.00028839,2.303e-05,9.021e-05,2.735e-05,8.589e-05,0.00019242,4.271e-05,3.599e-05,6.91e-05,7.39e-05,5.998e-05,0.00020345,0.00013244,4.031e-05,2.063e-05,1.727e-05,0.00015259,0.000119,0.00016843,1.967e-05,8.301e-05,9.6e-07,5.278e-05
icApoCory1,0.37949832,0.00274725,0.01645141,0.02328052,0.00161561,0.00324079,0.00184634,0.0045821,0.00224366,0.00231881,0.00065438,0.00082384,0.00298516,0.00028722,0.00600048,0.137618,0.00028291,0.00019435,0.0013595,8.234e-05,0.00026233,0.00080708,0.00017185,0.00053135,0.00062087,0.00034849,0.00018047,0.00035424,0.00030349,0.00019818,0.00013404,0.00168741,7.659e-05,0.00174725,0.00033748,0.00014409,0.00021876,0.00029775,0.00026376,0.00041407,0.00027046,0.00040115,0.00012063,0.00012877,0.00010962,0.00026711,8.808e-05,9.526e-05,0.00025227,0.00014169,6.51e-05,0.00022882,0.00011632,0.00013116,1.245e-05,0.00011824,0.0003011,4.931e-05,0.0001685,0.00031546,0.00121685,3.064e-05,0.00013595,0.00011537,0.00019435,0.00015845,9.047e-05,2.585e-05,0.00012015,5.505e-05,6.079e-05,8.329e-05,0.00032934,0.00016611,0.00067401,0.00018286,0.00019387,4.548e-05,0.00048588,0.00068454,2.537e-05,0.00078602,2.393e-05,4.213e-05,0.00130349,0.00022116,0.00023504,9.765e-05,0.00017042,0.00759311,6.079e-05,3.399e-05,2.393e-05,0.0003327,6.7e-06,0.00046721,0.00018669,0.00029009,5.361e-05,0.00090235,5.026e-05,0.00016276,7.946e-05,3.494e-05,0.00015845,2.011e-05,0.00055242,8.952e-05,7.516e-05,0.00024366,0.0004112,0.00040019,0.00012111,0.00585783,3.59e-05,0.01181905,0.00010579,3.35e-06,0.00011345,0.00014888,3.064e-05
icCanRust1,0.08444715,0.00421043,0.00410378,0.0054945,0.0018417,0.01150263,0.01242229,0.00254328,0.42617264,0.00140124,0.0019407,0.00107939,0.00371832,0.00047681,0.00202774,0.00236729,0.00249737,0.00018556,0.00133572,0.00023003,0.00088714,0.00074414,0.00029938,0.00339168,0.00613678,0.00057437,0.00088618,0.00137159,0.00011765,0.00063893,0.00010665,0.00152033,0.0001033,0.00012099,0.00015591,2.439e-05,2.439e-05,6.313e-05,0.00047681,6.791e-05,0.00013199,0.0018967,0.00027021,0.00048015,3.83e-06,0.00179962,0.00072071,0.00057819,8.465e-05,9.756e-05,3.969e-05,0.00028503,5.5e-05,4.926e-05,0.00013917,1.339e-05,0.00024725,4.878e-05,0.00061884,9.23e-05,0.00010091,0.00011669,3.061e-05,0.00614108,2.869e-05,0.00012243,4.878e-05,0.00025586,0.00040985,8.608e-05,9.374e-05,0.00011,0.00018077,2.678e-05,4.735e-05,6.265e-05,5.404e-05,0.00027451,2.678e-05,0.00040411,0.00010808,0.00268054,0.00019177,0.00054615,2.582e-05,0.00020851,9.56e-06,4.83e-05,0.00011047,4.974e-05,7.747e-05,0.00067862,0.00010808,0.00011334,0.00012386,0.00015399,0.00033046,0.00031994,0.00022095,0.00017312,4.591e-05,0.00039407,4.065e-05,0.00105117,0.00016212,0.00015878,0.00012291,0.00011286,0.00016978,0.00017169,0.00012912,4.495e-05,8.61e-06,0.00118508,1.339e-05,0.00016738,1.91e-06,6.22e-06,0.00044333,9.947e-05,1.339e-05
icCanRust3,0.06959041,0.01131031,0.02105228,0.00190024,0.00364269,0.0056518,0.01353285,0.00611319,0.41413189,0.00308345,0.00105516,0.00069832,0.0041012,0.00162254,0.00488729,0.0011012,0.001447,0.00015731,0.00109353,0.00022734,0.00411079,0.00066235,0.00014916,0.00043022,0.11157122,0.00016403,0.0004446,0.00066379,3.597e-05,0.00117842,0.00086811,0.00010647,0.00109353,7.722e-05,5.659e-05,6.475e-05,0.00024796,0.00023261,0.00791894,6.139e-05,0.00178273,0.00019329,0.00021247,0.00012326,3.885e-05,0.00014532,0.00019808,0.00011223,0.00010791,6.475e-05,1.583e-05,0.00017554,0.00019233,0.00020719,7.098e-05,0.00944221,0.00029017,6.523e-05,0.00051175,2.59e-05,4.077e-05,7.05e-05,0.00026043,0.00057218,0.00020815,0.00018129,0.0002729,0.00010504,1.871e-05,9.976e-05,6.811e-05,0.00014053,4.412e-05,9.544e-05,5.516e-05,1.679e-05,7.002e-05,8.825e-05,0.00036739,3.981e-05,0.00014053,1.918e-05,5.851e-05,0.00020863,4.8e-06,2.638e-05,6.619e-05,3.357e-05,3.309e-05,1.199e-05,5.324e-05,6.763e-05,0.00021343,0.00114197,3.165e-05,0.00078753,1.487e-05,2.302e-05,0.00031511,0.00051799,2.398e-05,0.00055779,4.8e-06,4.844e-05,1.679e-05,9.017e-05,2.59e-05,0.0009741,2.062e-05,0.00081295,0.0005554,7.19e-06,1.487e-05,1.966e-05,0.00057602,2.494e-05,9.59e-06,0.0,8.585e-05,9.6e-07,6.283e-05
icCetAura1,0.29166779,0.00990748,0.02436481,0.06913758,0.00152876,0.02754219,0.01725312,0.00399185,0.06682407,0.00153595,0.01980489,0.00213327,0.02306663,0.00028907,0.00125455,0.01001294,0.00047267,0.00029434,0.00188543,0.00027804,0.00191946,0.00063327,0.00034228,0.00142138,0.00046932,0.00013663,0.00133845,0.00212848,0.00090029,0.00054219,0.00050575,0.00035618,0.00014046,0.00033557,0.00014382,0.0001093,0.00017593,0.00015772,0.00051103,0.00018504,0.00013615,0.00057478,0.00065484,0.00070662,6.663e-05,0.00011074,0.00032311,0.0002838,3.116e-05,0.00040604,5.801e-05,4.602e-05,0.00023394,0.0004046,0.00012943,0.00378907,5.609e-05,2.301e-05,0.00018408,0.00234372,0.00027277,0.00091323,0.00019319,0.00091802,4.314e-05,0.00017306,7.574e-05,5.849e-05,0.00019271,4.506e-05,6.424e-05,0.001721,0.00011889,0.000128,0.00021956,0.00028811,0.00018696,0.00012081,0.00018073,0.00099473,8.821e-05,0.00042857,2.589e-05,3.979e-05,2.157e-05,0.00026798,0.00011649,6.951e-05,0.00018888,0.00013231,0.00017833,0.00028236,4.267e-05,4.458e-05,4.458e-05,3.787e-05,8.869e-05,0.00013279,0.000128,0.00021333,0.00022196,0.00012368,0.00087536,0.00011937,0.00013135,0.00016539,0.00064717,5.129e-05,0.00043912,0.00014334,0.00013231,0.00017689,0.00015292,3.404e-05,5.369e-05,0.00214669,6.088e-05,1.726e-05,3.84e-06,0.00013039,1.294e-05
icChrOric1,0.1641954,0.00250431,0.01463123,0.00154885,0.00369875,0.00127826,0.00879454,0.01474282,0.00157567,0.00254454,0.00259435,0.03489511,0.0037045,0.00031034,0.00322989,0.1445613,0.00272941,0.08018774,0.00023946,0.00027155,0.00052251,0.00043008,0.00015134,0.00034818,0.00205029,0.00013218,0.00022174,0.00134483,0.00063314,0.00233621,0.00061351,0.00046408,0.00019013,0.00012644,9.674e-05,7.998e-05,0.00133094,0.0005158,0.00087931,0.00041236,0.00034195,0.00011494,8.046e-05,8.956e-05,2.87e-06,7.375e-05,0.00040661,0.00038889,0.00017146,0.00019157,0.0950249,0.00024617,0.00313075,0.0004363,3.496e-05,0.00064607,0.00109435,0.00022079,0.00039943,0.00036303,0.00032807,0.00017098,0.00010393,0.00033381,0.00015326,0.00016571,3.257e-05,0.00361494,0.00016092,0.00042289,0.00025958,4.646e-05,0.00010153,0.00016331,0.00010728,0.00011686,0.00014033,0.00014416,0.00027059,7.807e-05,9.339e-05,0.00020498,0.05368247,0.00010153,0.00012404,4.262e-05,0.00042625,5.46e-05,6.226e-05,0.00017816,8.86e-05,9.674e-05,8.381e-05,0.00035632,0.00159195,0.00013649,8.621e-05,8.238e-05,8.908e-05,0.00010584,3.161e-05,0.00014751,2.87e-06,1.341e-05,3.352e-05,1.533e-05,5.843e-05,4.933e-05,9.58e-06,9.435e-05,0.00063266,0.00013937,8.094e-05,0.00014033,2.538e-05,0.00068008,1.197e-05,2.251e-05,0.00023036,7.28e-05,1.341e-05
icCocSept1,0.20062147,0.03384044,0.02143172,0.08424006,0.01044274,0.00289267,0.01143603,0.00335889,0.02318064,0.00500431,0.00140057,0.26202779,0.00181361,0.00041878,0.00088021,0.00115333,0.00093627,0.00028989,0.00052947,0.00059176,0.00037518,0.00337901,0.00103402,0.00641447,0.00061284,0.00063057,0.00021897,0.00034403,0.00024102,0.00088261,0.00103162,0.00043555,0.00045376,0.00171586,0.00026641,3.306e-05,5.798e-05,0.00018879,7.283e-05,0.00011404,0.00076138,0.00011787,0.00034403,0.00029037,3.737e-05,0.00030762,0.00052228,0.0003608,9.248e-05,0.00023862,0.00020077,0.00020556,0.00013848,0.00012362,7.954e-05,4.408e-05,0.00013273,2.683e-05,0.00013848,0.00014806,6.66e-05,0.00048826,0.00010494,4.983e-05,0.00017777,0.00014806,0.00016818,0.00013033,0.00011404,0.00037997,5.558e-05,3.498e-05,0.0003541,0.00010733,0.00014758,3.785e-05,7.762e-05,0.00015525,2.252e-05,0.00110541,2.683e-05,0.00014471,4.36e-05,0.0001495,0.00011356,0.00017825,5.462e-05,4.983e-05,0.00019598,0.00028654,0.00034883,9.679e-05,0.0001471,5.942e-05,5.223e-05,2.779e-05,3.498e-05,0.00019933,0.000161,0.00029995,0.00036703,6.517e-05,7.139e-05,0.00033301,0.00029324,0.00040824,0.00014087,7.523e-05,4.744e-05,3.929e-05,2.635e-05,9.6e-07,6.564e-05,9.439e-05,8.241e-05,7.139e-05,1.342e-05,9.6e-07,7.858e-05,0.00010446,1.246e-05
icCryMora2,0.3339608,0.00275813,0.00233222,0.00650143,0.00293021,0.02105354,0.00738719,0.00680593,0.00973805,0.00078872,0.0030086,0.09190201,0.00426721,0.01337094,0.002326,0.00095172,0.00637811,0.00186998,0.00171415,0.00029398,0.00035373,0.00205019,0.00095985,0.00325287,0.00068929,0.00022849,0.00100048,0.00122084,0.000174,0.00119359,8.27e-05,0.00058987,0.00015153,0.00170985,0.00012333,0.00016874,4.493e-05,0.00010755,0.00072945,7.887e-05,0.00048184,0.00027916,0.00033317,0.00021606,4.35e-05,0.0002175,0.00035229,0.00017161,8.604e-05,0.00048853,0.00015392,0.00086663,0.00029015,0.00010994,0.02415679,0.00039771,0.00014914,0.00014101,0.00126721,3.059e-05,0.00032744,7.218e-05,0.00010468,0.00033126,7.075e-05,0.00063432,0.00015774,0.00015631,0.00019885,0.00020029,9.895e-05,5.641e-05,7.17e-05,0.00060994,0.00013576,0.00011233,5.21e-05,0.00035421,9.656e-05,0.00062667,6.023e-05,7.553e-05,7.457e-05,0.00025908,8.317e-05,0.00146272,7.409e-05,1.386e-05,0.00011902,0.00288719,3.35e-06,0.00017925,0.00086042,6.405e-05,0.00015249,0.0001109,0.00036185,1.673e-05,2.916e-05,0.00061807,1.386e-05,8.461e-05,8.222e-05,4.493e-05,0.00013002,0.00010373,0.0001238,0.00046654,0.00014532,1.96e-05,3.489e-05,2.87e-06,7.744e-05,0.00019264,1.195e-05,3.298e-05,3.489e-05,6.453e-05,8.222e-05,9.847e-05,2.87e-06
icHarAxyr1,0.02658832,0.00553185,0.02750676,0.00268195,0.00302992,0.00156757,0.00630019,0.00633784,0.00368822,0.0451916,0.00158446,0.14196573,0.00170367,0.00077268,0.00039237,0.14114527,0.0003779,0.00083205,0.00023697,0.00126641,0.0003277,0.00068726,0.00227461,0.00166892,0.00035763,0.00021863,0.00182867,0.00140106,0.00025531,0.00025,0.00013948,0.00059653,0.00020898,0.00028234,0.00029392,0.00018292,1.207e-05,0.00086052,9.604e-05,0.00036004,7.481e-05,4.585e-05,0.00018098,0.00056708,0.00037403,0.00199807,0.00053137,0.00049662,6.226e-05,0.00017037,0.00024276,4.826e-05,6.371e-05,4.681e-05,5.405e-05,2.075e-05,0.0001168,0.00015589,0.00020367,1.158e-05,7.191e-05,0.00013658,0.0003195,1.882e-05,0.00010232,0.00017326,7.72e-06,2.992e-05,7.72e-06,0.00010087,5.405e-05,0.00013851,0.0004667,6.66e-05,4.054e-05,3.041e-05,0.00064961,0.00025193,1.93e-06,0.00039286,7.143e-05,0.00879151,0.00019932,2.558e-05,0.00025145,6.515e-05,7.046e-05,0.00022973,0.00015975,3.041e-05,9.459e-05,1.641e-05,0.00049952,5.116e-05,9.363e-05,9.315e-05,6.515e-05,0.00498842,0.00015444,3.909e-05,0.00681708,4.633e-05,2.896e-05,4.875e-05,3.427e-05,0.00052606,0.00035907,1.448e-05,6.76e-06,3.378e-05,1.158e-05,2.847e-05,1.158e-05,0.00023986,5.019e-05,0.00010521,1.11e-05,6.27e-06,8.69e-06,0.0008055,1.834e-05
icLagHirt1,0.03425468,0.00319281,0.00961679,0.01019568,0.07110935,0.00105612,0.00111223,0.00669928,0.50871894,0.00108489,0.00453094,0.00551175,0.00172038,0.00047242,0.00077698,0.00086379,0.00054532,0.00010839,0.00046523,0.00097554,0.00033717,0.00305036,0.00037794,0.00248058,0.0008777,0.00021007,0.0001693,0.00104556,0.00140288,0.0003741,0.0001952,0.00152086,0.0002259,0.00085612,9.976e-05,0.00162494,4.029e-05,9.736e-05,0.00039472,0.00051319,0.0002518,0.00012086,0.00011894,0.0002753,6.24e-06,7.722e-05,8.393e-05,0.00017362,0.0001717,0.01265468,0.0339295,0.00011079,0.00016115,0.00024844,5.659e-05,0.00017938,8.729e-05,1.823e-05,6.715e-05,0.00030024,0.00018465,0.00028058,0.00083693,4.7e-05,7.434e-05,0.00082158,2.734e-05,4.892e-05,5.76e-06,0.00213717,6.811e-05,3.261e-05,0.00029976,0.00141871,0.00022974,7.674e-05,8.01e-05,4.988e-05,0.00034245,0.00013525,2.11e-05,9.784e-05,0.00047002,6.043e-05,7.242e-05,0.00043022,4.892e-05,0.00031847,4.317e-05,7.914e-05,6.091e-05,4.7e-05,7.482e-05,1.199e-05,0.00012326,0.00010791,6.427e-05,3.837e-05,0.00015156,0.00043741,6.667e-05,5.084e-05,1.535e-05,6.139e-05,0.00032518,0.00011319,0.0001765,3.789e-05,0.00014341,4.892e-05,5.947e-05,0.00020144,7.674e-05,0.00022926,6.043e-05,0.00011559,7.67e-06,1.631e-05,3.741e-05,4.46e-05,5.76e-06
icLeiSpin1,0.02213806,0.00469415,0.03090412,0.01821429,0.06141946,0.00263231,0.0040278,0.0083255,0.00525935,0.00721333,0.01385283,0.0013557,0.00091179,0.00060786,0.00583941,0.0013744,0.00686194,0.1607349,0.00268217,8.581e-05,0.00129338,0.00133317,0.00035618,0.00106184,0.0004698,0.00056616,0.00062848,0.00146788,0.00013615,0.00011218,0.00016155,0.00034468,0.00016922,0.00070709,0.00077469,0.00011745,2.589e-05,8.821e-05,0.00022483,0.00018025,0.00050623,4.554e-05,0.00014621,0.00028332,2.061e-05,0.00063135,0.0002325,4.31e-06,1.678e-05,0.00046261,0.00013567,0.00029674,4.506e-05,0.00054314,1.63e-05,3.212e-05,5.753e-05,2.733e-05,0.00021045,0.0002814,0.00012895,0.0001582,4.027e-05,0.00014621,0.00011745,7.43e-05,5.27e-06,0.00084468,0.00104267,0.34514238,9.444e-05,0.00017402,0.00041131,5.177e-05,0.00010547,8.581e-05,0.00016635,2.253e-05,2.733e-05,2.013e-05,1.87e-05,4.65e-05,0.00030345,4.458e-05,7.718e-05,0.00189549,2.924e-05,3.835e-05,0.0002464,1.342e-05,7.67e-05,1.582e-05,7.383e-05,3.356e-05,0.00022627,2.013e-05,1.294e-05,0.00021572,4.123e-05,0.000128,0.00023634,3.883e-05,6.663e-05,2.397e-05,2.876e-05,1.007e-05,2.205e-05,4.362e-05,5.177e-05,5.034e-05,3.595e-05,3.36e-06,3.308e-05,3.116e-05,4.362e-05,2.685e-05,1.92e-06,7.19e-06,0.00013663,9.204e-05,0.0
icLocCapr1,0.18383917,0.01217187,0.01515314,0.04693615,0.02583773,0.00325732,0.0038795,0.12167211,0.01233269,0.00593519,0.00318531,0.10468219,0.00376668,0.00095247,0.00135958,0.00608065,0.00043111,0.00013298,0.0238771,0.00386126,0.00128421,0.00149064,0.00267691,0.07190879,0.00047768,0.00036342,0.00014546,0.00044647,3.649e-05,0.00026068,6.001e-05,0.00098416,9.361e-05,0.00150744,0.00040086,0.00012962,1.92e-06,0.00017475,0.00055737,0.00013922,0.00024436,0.00011186,0.00060538,0.00015218,2.208e-05,6.769e-05,9.842e-05,0.00066203,8.593e-05,0.00035478,0.00028661,7.489e-05,0.00030677,0.00019827,8.209e-05,0.00029141,4.225e-05,2.928e-05,0.0001253,0.00472396,0.00045703,0.00013202,0.00035046,0.00020979,3.12e-05,6.049e-05,0.00041911,0.00010082,0.00029093,0.0001397,3.361e-05,7.969e-05,0.00014402,0.0002242,0.00014018,4.897e-05,4.993e-05,9.794e-05,0.00039078,8.497e-05,8.737e-05,0.00022564,1.728e-05,7.729e-05,4.897e-05,0.00014594,2.736e-05,1.248e-05,0.00016419,0.00014258,2.448e-05,0.00015939,0.00019635,4.801e-05,8.737e-05,0.00049832,6.625e-05,3.072e-05,1.536e-05,0.00079069,5.377e-05,0.00013682,0.00022756,4.945e-05,0.00018579,4.849e-05,1.728e-05,2.64e-05,0.00054441,6.913e-05,2.688e-05,7.345e-05,3.601e-05,6.817e-05,7.249e-05,0.0004892,6.721e-05,5.76e-06,1.44e-06,5.233e-05,0.0
icLocCrat2,0.25230302,0.00618382,0.03785448,0.0441776,0.00604691,0.00502633,0.00229919,0.00244615,0.02110819,0.00123265,0.00127238,0.13030445,0.00584203,0.00107851,0.00081857,0.00069315,0.00121924,0.00020823,0.001191,0.0009483,0.00043131,0.00240354,0.00103782,0.01543801,0.00022595,0.00021589,0.00045859,0.00161704,0.00028818,0.0004179,0.00014313,0.00076209,0.00045524,0.00224461,0.00015127,0.00026233,4.26e-05,0.00097463,0.00014265,0.00015175,0.00109143,0.00030349,0.00054189,0.00028291,6.845e-05,0.00014169,0.00014935,0.00071709,1.628e-05,0.00027334,0.00014696,8.664e-05,3.83e-05,8.664e-05,0.00040354,3.447e-05,0.00019818,5.888e-05,0.00263523,0.00057492,0.0005079,0.00014217,0.00052417,7.372e-05,0.00026568,0.00031546,0.00038775,0.00012446,0.00034993,5.744e-05,0.00062039,5.601e-05,0.00115127,0.00034179,0.000236,9.191e-05,0.00013739,9.047e-05,4.452e-05,0.00042269,4.165e-05,0.00036142,3.686e-05,0.00055912,0.00015653,0.00016946,0.00050263,0.00015606,0.00033126,0.00014169,6.893e-05,7.324e-05,5.074e-05,8.09e-05,2.87e-06,0.00020584,3.59e-05,0.00015175,0.00011297,0.00032839,0.00314217,5.697e-05,0.00038775,3.782e-05,0.00026137,0.00010148,0.00013308,0.00013212,1.053e-05,0.0001168,0.0007281,0.00032073,2.393e-05,0.00019531,0.00055912,1.053e-05,5.074e-05,0.0,0.00108569,1.867e-05,1.005e-05
icMalBipu1,0.10449475,0.00674475,0.02956345,0.00279819,0.00295515,0.06570802,0.00238216,0.01631059,0.02801479,0.00126479,0.00193321,0.00631011,0.01107634,0.00105868,0.00115363,0.32654628,0.00109637,0.00015076,0.00113884,0.00062834,0.00366174,0.00101765,0.00047185,0.00145706,0.0004833,0.00254962,0.00025906,0.00067844,0.00012452,0.00020038,3.769e-05,0.02766269,0.01104771,0.00016889,0.00012882,6.823e-05,9.208e-05,5.964e-05,0.01665219,0.00024761,9.828e-05,0.00080153,0.00028674,0.00020706,4.29e-06,0.00252147,0.00051288,0.00016269,6.87e-05,0.00047137,5.582e-05,1.574e-05,0.00054389,0.00039456,2.242e-05,0.0007166,5.487e-05,2.004e-05,0.00917844,0.0002333,0.00050286,0.00010305,0.00050382,0.00061498,8.54e-05,6.679e-05,2.242e-05,5.487e-05,1.91e-06,0.00016985,6.441e-05,6.727e-05,0.00011164,0.0008063,5.916e-05,6.25e-05,0.00031775,0.00017271,0.00019179,9.637e-05,0.00013836,0.00011116,0.00016698,6.87e-05,5.868e-05,0.0001126,2.195e-05,0.0003917,0.00011594,0.00016317,0.00015363,3.721e-05,1.813e-05,0.00017939,6.727e-05,6.011e-05,0.00058969,2.195e-05,0.00014933,3.292e-05,1.956e-05,9.065e-05,3.149e-05,2.91e-05,0.00022567,3.817e-05,0.00012357,3.674e-05,0.00064742,3.34e-05,0.00012357,0.00010115,9.971e-05,0.00018511,1.861e-05,0.0001374,7.49e-05,5.057e-05,5.248e-05,3.82e-06,1.479e-05
icMelMelo1,0.4943873,0.00343696,0.01600478,0.01410649,0.00266094,0.0032383,0.01094365,0.02135196,0.0034766,0.00139064,0.001085,0.00087393,0.0052574,0.00056734,0.00084479,0.24423639,0.00034479,0.00193028,0.00372063,0.00037202,0.00122636,0.00051098,0.02038252,0.00053677,0.00035053,0.00030038,0.00014995,0.00022684,0.00013706,0.00036103,0.00011748,0.00153295,0.00015234,0.0007894,1.815e-05,0.00012321,3.2e-05,0.00028558,0.00078844,0.00026361,0.000117,0.00025979,0.00099188,8.118e-05,2.149e-05,0.00020583,0.00021633,3.486e-05,4.25e-05,0.00010554,3.582e-05,5.826e-05,0.00012512,0.0001958,0.00013706,0.0001022,0.0003873,6.017e-05,7.402e-05,6.495e-05,5.396e-05,0.00071872,5.158e-05,9.169e-05,6.304e-05,0.0001767,1.719e-05,8.118e-05,0.00025836,4.155e-05,7.736e-05,0.0001213,0.00014374,8.071e-05,4.441e-05,0.00012225,1.289e-05,0.00012703,1.91e-05,0.00023114,4.298e-05,0.00321585,3.104e-05,6.304e-05,0.00016141,0.00015998,0.00010506,9.55e-06,8.309e-05,0.00014136,7.211e-05,0.00034432,0.00058214,4.394e-05,3.2e-05,0.0001447,3.056e-05,0.00057307,9.933e-05,0.00039303,0.00013897,8.883e-05,4.441e-05,2.053e-05,5.826e-05,0.00014995,0.00015186,7.211e-05,7.975e-05,0.000266,6.256e-05,1.815e-05,1.003e-05,0.00010984,5.253e-05,0.00016189,0.00014136,0.0,2.292e-05,5.922e-05,7.16e-06
icNebBrev1,0.1802123,0.00503506,0.03540202,0.00442363,0.01522911,0.00417051,0.0029049,0.00568972,0.01039001,0.0012512,0.00075216,0.00039914,0.00245389,0.02094669,0.00373679,0.00116042,0.00023487,0.1053194,0.01458646,0.0003194,0.00059366,0.00663305,0.00025696,0.00061768,0.00066475,0.00019597,0.00010567,0.00061191,0.00015706,0.00022574,0.00012488,0.00044092,0.00212968,0.02812296,0.00015514,0.00023199,7.301e-05,8.021e-05,0.0002243,0.00043708,0.00045005,6.292e-05,0.00016475,0.00010951,1.153e-05,0.0003367,0.00043612,4.611e-05,0.00057301,0.00067867,1.969e-05,0.00010231,0.00065898,0.00028242,0.00018252,0.00011383,0.00026993,3.17e-05,0.00011768,0.0002147,0.00010759,0.00010038,0.00053794,0.00041883,0.00014553,0.00031844,1.969e-05,2.69e-05,5.764e-05,0.01493324,0.00010471,4.323e-05,0.00023295,0.00031364,0.00010759,0.00016042,4.803e-05,4.227e-05,4.611e-05,2.786e-05,0.00018828,0.00021326,0.0001878,0.00017291,0.00022671,0.00020221,6.916e-05,0.00014505,3.506e-05,9.078e-05,0.00012344,4.323e-05,0.00021662,3.17e-05,0.00023295,0.00023007,6.34e-05,2.978e-05,3.89e-05,0.00020749,0.00018828,7.445e-05,7.2e-06,0.00011912,3.602e-05,0.00033814,0.0003684,0.00014409,0.00050192,0.00039721,0.00025648,0.0001878,3.842e-05,0.00015514,0.00072719,0.00013929,1.729e-05,0.00014601,1.633e-05,0.00018636,1.873e-05
icNebSali1,0.08546287,0.00828654,0.03510637,0.00173359,0.00306277,0.00322377,0.12143747,0.00073742,0.02318016,0.00588884,0.00083709,0.00073503,0.00242405,0.00039051,0.00085769,0.00058984,0.00052851,0.10770149,0.00068136,0.00447772,0.00052324,0.00071778,0.00014998,0.00029181,0.00128558,0.00011069,0.00099042,0.00092861,0.00013273,0.00034451,0.00028174,0.00013896,0.0007954,0.00011691,0.00013368,0.0001011,2.683e-05,6.66e-05,0.00021227,0.00029995,0.0003311,0.00037518,8.769e-05,0.00029133,2.875e-05,0.00049353,0.00017345,4.552e-05,6.564e-05,0.00013225,8.05e-05,0.00024437,0.00011644,0.00881984,5.079e-05,0.00027168,0.00018735,2.252e-05,7.475e-05,5.031e-05,7.044e-05,0.00017154,0.20249018,0.00015189,0.00013368,3.929e-05,3.69e-05,7.092e-05,6.277e-05,4.456e-05,4.648e-05,0.00228126,8.241e-05,0.00013321,0.00035122,3.977e-05,0.00016435,0.00021658,2.54e-05,0.00025156,8.194e-05,0.00018543,6.229e-05,0.00014135,7.523e-05,0.00188356,0.00010446,3.69e-05,7.67e-06,0.00019023,8.337e-05,3.067e-05,8.337e-05,3.833e-05,0.00010637,1.629e-05,2.971e-05,9.008e-05,0.00028079,0.00050024,0.00011931,0.00030043,2.923e-05,2.875e-05,0.00011596,4.648e-05,7.044e-05,7.283e-05,9.535e-05,8.337e-05,0.00010829,7.331e-05,4.264e-05,1.054e-05,0.00010158,0.00017441,9.583e-05,0.0,0.00035458,5.606e-05,9.58e-06
icOcyOlen1,0.63484579,0.00243918,0.00309626,0.00359531,0.01710249,0.01122414,0.00214895,0.00199904,0.0070704,0.00110776,0.00092002,0.04526149,0.00230843,0.00238123,0.00220833,0.05585489,0.00609626,0.00019061,0.00431513,0.00174282,0.00032423,0.00028209,0.00043151,0.00271695,0.0006681,0.00035057,0.00026676,0.00048467,7.184e-05,0.00096408,0.0002136,0.00023611,0.00019923,0.00016667,0.00022366,5.125e-05,2.73e-05,5.556e-05,0.00011973,0.00014033,0.00013362,0.00019013,6.609e-05,0.00032807,1.197e-05,0.0001499,0.00022749,0.00023132,1.341e-05,0.00046504,8.525e-05,0.00023755,0.00052634,6.178e-05,0.00017816,7.519e-05,7.95e-05,4.406e-05,0.00019875,0.00033094,0.00037835,0.00013458,0.00038937,0.00022079,5.891e-05,0.00011494,3.209e-05,0.00014655,0.00022222,0.00012117,0.0006772,0.0001432,0.00112596,0.0002251,1.054e-05,4.598e-05,4.693e-05,0.00040469,2.443e-05,0.00089799,6.178e-05,5.651e-05,0.001,9.004e-05,0.00016571,8.429e-05,5.508e-05,0.00022797,9.387e-05,2.443e-05,0.0002864,0.00032854,6.13e-05,6.274e-05,0.00023132,5.22e-05,0.00086638,3.448e-05,0.00010632,0.0001068,9.1e-05,0.00011015,1.389e-05,6.561e-05,2.538e-05,0.00080364,2.443e-05,1.533e-05,0.00010824,0.00027586,4.262e-05,4.167e-05,6.513e-05,8.094e-05,8.142e-05,0.00020546,3.113e-05,6.13e-05,2.586e-05,0.00010153,0.00093822
icOphArdo1,0.03809779,0.00253979,0.00725168,0.03230681,0.00140412,0.02637248,0.02108917,0.04308677,0.00227229,0.00119175,0.00077277,0.00045781,0.0030326,0.00086002,0.0003303,0.00070422,0.00028332,0.00031112,0.00046405,0.00227373,0.00081016,0.00039406,0.00031016,0.00036865,0.00021141,0.02301822,0.00022004,0.00516347,0.00118121,0.00063183,0.00025599,0.00012368,0.00073394,0.00023682,8.965e-05,0.00012176,0.00012416,6.759e-05,8.245e-05,0.0005652,0.00025647,0.00077661,0.00014909,0.04154458,1.44e-06,5.465e-05,0.00044919,0.00011985,4.89e-05,0.00019607,2.541e-05,0.00014669,0.00095206,8.677e-05,0.00051198,0.0003001,5.417e-05,4.075e-05,0.00156903,3.787e-05,0.0003605,0.0001558,0.00481879,0.00110738,0.00010642,0.00025599,1.87e-05,7.191e-05,0.00010499,3.5e-05,0.0003418,6.088e-05,3.404e-05,5.177e-05,5.561e-05,8.63e-06,0.00012416,0.0002349,2.013e-05,0.00056759,2.88e-06,6.903e-05,6.472e-05,8.006e-05,0.00015532,0.00037392,9.204e-05,0.00021477,3.547e-05,3.404e-05,6.759e-05,6.328e-05,7.622e-05,6.472e-05,0.00014957,2.78e-05,0.0,7.91e-05,0.00024449,0.00033749,1.246e-05,1.918e-05,8.15e-06,0.000186,4.986e-05,0.00233174,0.00026702,0.00382407,1.246e-05,8.869e-05,0.01401965,3.212e-05,5.944e-05,0.00011026,0.00011601,0.00038734,2.397e-05,9.6e-07,5.369e-05,2.157e-05,5.27e-06
icPhiCogn1,0.23978554,0.00507994,0.00576879,0.00429296,0.04605649,0.00316611,0.00166635,0.0020675,0.0102719,0.00175539,0.00243179,0.00159933,0.00221494,0.01410675,0.01249258,0.01425993,0.00182575,0.00154667,0.00359646,0.00067257,0.0003911,0.0008315,0.0065864,0.08622547,0.00572044,0.00116707,0.00014792,0.00113882,0.00073863,0.0047664,0.00022978,0.00023217,0.00041407,0.00031833,0.00529009,5.122e-05,2.202e-05,0.00028722,0.00406798,7.851e-05,0.00021924,0.00017664,0.00114935,0.00025371,5.697e-05,0.00145955,9.43e-05,0.0004629,0.00027812,0.06387697,6.223e-05,0.00015558,0.0002944,6.558e-05,0.00029488,1.101e-05,5.218e-05,6.845e-05,0.0002427,0.00114457,0.00031498,0.00021254,8.712e-05,0.00033461,0.00142317,0.00010196,5.361e-05,0.00014122,1.149e-05,0.00031067,0.00012733,3.016e-05,0.00064433,0.0005888,0.00049258,3.542e-05,0.00011872,6.415e-05,7.276e-05,5.984e-05,0.0002561,5.697e-05,0.00041168,0.00016563,0.00087362,0.00013882,0.00022164,0.00012303,6.175e-05,0.00046051,2.776e-05,0.00015031,4.883e-05,4.404e-05,2.154e-05,0.00078315,4.404e-05,0.00013643,4.452e-05,0.00029488,7.42e-05,0.00094543,5.266e-05,7.755e-05,0.00014457,0.00086022,0.00015462,1.388e-05,0.01103638,4.596e-05,0.00026328,7.516e-05,6.271e-05,0.00049162,6.175e-05,0.00018669,4.117e-05,1.197e-05,4.739e-05,5.792e-05,9.6e-07
icPodAlpi1,0.44400096,0.00509779,0.00263471,0.02732119,0.00341563,0.01616107,0.04028571,0.00312895,0.00733269,0.00277421,0.00348802,0.00126222,0.00251965,0.00041802,0.00045542,0.00857191,0.00122675,0.00012512,0.00064094,0.00034612,0.00338495,0.00079051,0.00014334,0.00122723,0.00034276,0.00208245,0.00230585,0.0013557,0.00019799,0.00034324,0.00011745,0.000779,0.00019703,0.00078092,0.00021812,2.301e-05,6.184e-05,0.00014573,0.00102253,0.00017162,0.00013423,0.00022052,0.00024017,0.00364813,5.27e-06,0.00061409,0.00024976,0.00034612,4.027e-05,0.00058054,3.979e-05,8.437e-05,0.0010465,0.00011122,0.00016012,4.075e-05,0.00019223,4.986e-05,0.00025839,3.116e-05,0.00010834,0.00029722,0.00020374,0.00024449,7.43e-05,7.814e-05,2.828e-05,0.00022004,5.944e-05,3.787e-05,3.404e-05,1.918e-05,0.00040221,3.212e-05,0.00027996,2.972e-05,0.00011361,0.00051486,4.602e-05,0.00234995,1.151e-05,0.00020566,0.00015244,0.00010834,7.574e-05,0.00019367,2.828e-05,2.828e-05,0.00011649,0.00010355,7.478e-05,0.00013567,0.00041611,0.00170757,1.87e-05,0.00018552,0.00022627,6.232e-05,0.00011026,7.191e-05,5.513e-05,6.951e-05,3.02e-05,6.951e-05,0.00041994,0.00048562,8.773e-05,8.198e-05,2.445e-05,0.00017785,0.00015244,0.0001582,3.452e-05,9.54e-05,2.589e-05,7.526e-05,1.151e-05,6.616e-05,7.19e-06,5.177e-05,0.00013519
icPolCerv1,0.31036316,0.00426651,0.017011,0.07523158,0.01742679,0.03065742,0.00350478,0.01608852,0.00884976,0.00156651,0.00587751,0.00517273,0.00188278,0.00048708,0.03068517,0.10870526,0.00245885,0.0001555,0.04119809,0.00016603,0.00146411,0.00058612,0.0003512,0.06279761,0.00101722,0.0001177,0.00025215,0.00072967,0.0002445,0.00061483,0.00022249,0.00398134,0.00016459,0.02115885,0.00147273,7.943e-05,9.426e-05,0.00079187,0.00082297,0.00022297,0.00015263,9.904e-05,0.00017943,2.488e-05,2.871e-05,6.89e-05,0.00031292,0.00020239,0.00010909,0.00030239,6.22e-05,8.708e-05,0.00014402,3.78e-05,6.172e-05,0.00014163,0.00023254,5.072e-05,0.00017081,0.004511,0.00024928,0.00020766,0.00016077,2.488e-05,4.306e-05,0.00022201,0.00022392,0.00020239,0.00010861,0.0020512,3.78e-05,0.00011866,0.00015263,9.139e-05,9.043e-05,0.00012584,6.268e-05,9.856e-05,0.00010144,9.378e-05,5.311e-05,0.0002555,0.00026986,5.407e-05,7.081e-05,0.00021579,8.134e-05,0.00011866,5.024e-05,3.78e-05,2.823e-05,4.928e-05,2.871e-05,1.722e-05,0.00021818,0.00023158,7.656e-05,9.569e-05,4.833e-05,0.00011914,3.828e-05,0.00012727,1.627e-05,3.397e-05,3.493e-05,0.00010574,4.545e-05,0.00014833,8.038e-05,4.545e-05,3.397e-05,6.22e-05,4.976e-05,0.0001555,7.66e-06,0.00016794,1.053e-05,1.77e-05,2.488e-05,2.87e-06,2.488e-05
icPteMadi1,0.03628898,0.00350978,0.01399762,0.00582976,0.0103238,0.00494802,0.00213066,0.01326657,0.07759943,0.00270959,0.000732,0.00064807,0.0012804,0.00050024,0.00056175,0.00170625,0.00023557,0.07179065,0.0006104,0.00418646,0.00037768,0.00218503,0.00120505,0.02353743,0.00018026,0.00033667,8.298e-05,0.00059943,0.00073724,0.00139485,0.00040248,0.00016071,0.00041106,0.00103052,0.00036433,0.0001092,8.011e-05,7.153e-05,0.00018693,0.00038865,0.00017024,5.579e-05,0.00022365,0.00012923,1.431e-05,7.678e-05,0.00075298,6.247e-05,0.00059561,0.00012446,1.764e-05,3.1e-05,0.00015928,0.00084931,1.335e-05,0.00012828,0.00026514,3.338e-05,0.0001855,4.864e-05,3.433e-05,0.00014592,0.00052313,0.00013495,6.056e-05,0.00024177,8.584e-05,4.053e-05,3.1e-05,0.000165,9.49e-05,1.478e-05,5.293e-05,0.00013495,7.868e-05,2.289e-05,2.098e-05,7.058e-05,0.00011397,0.00041488,6.2e-06,3.767e-05,2.623e-05,0.00011731,0.00018121,0.00021268,0.00011779,1.86e-05,6.342e-05,4.101e-05,8.011e-05,2.384e-05,0.00023033,3.052e-05,2.861e-05,5.341e-05,6.104e-05,2.146e-05,1.812e-05,0.0001464,5.913e-05,5.007e-05,3.1e-05,0.0001526,8.25e-05,0.22964139,0.0001402,8.87e-05,4.435e-05,1.526e-05,6.819e-05,6.724e-05,4.578e-05,0.00014974,6.485e-05,0.00022938,1.431e-05,0.0,1.621e-05,4.483e-05,8.11e-06
icPteMadi3,0.13952134,0.00352326,0.09843741,0.00260671,0.00276163,0.01876595,0.00730264,0.01117266,0.00542782,0.00154964,0.00045899,0.00070168,0.01505516,0.00091175,0.00058513,0.00146811,0.00056115,0.02321439,0.00059233,0.00994724,0.035094,0.00027962,0.0004494,0.00055444,0.00033189,0.00028201,0.00019233,0.00324221,5.18e-05,0.0009271,0.00041583,0.00051559,0.0010494,0.00024748,7.866e-05,0.000153,3.07e-05,0.00011223,0.00252902,0.00255492,0.00025995,8.058e-05,0.00021679,0.00011271,1.343e-05,7.386e-05,0.00016978,0.00011271,3.645e-05,0.00020767,2.734e-05,7.722e-05,0.00024796,6.235e-05,8.106e-05,0.00025276,0.00011559,0.00011894,0.00073237,2.062e-05,3.213e-05,0.00019712,0.00496978,6.187e-05,0.00016978,0.00072374,0.00021727,5.42e-05,1.583e-05,2.926e-05,0.00038129,5.28e-06,0.00010024,8.681e-05,2.638e-05,2.638e-05,6.379e-05,9.305e-05,4.269e-05,0.00024412,4.077e-05,0.00105324,4.748e-05,0.00021775,0.00029065,2.494e-05,0.00024412,9.688e-05,9.353e-05,4.317e-05,0.00010456,0.0001506,0.00019281,9.209e-05,1.679e-05,0.00037266,5.036e-05,5.132e-05,0.00020384,5.899e-05,2.206e-05,8.921e-05,2.88e-06,8.15e-06,0.00010743,0.00015588,0.00021007,0.0008518,0.00033525,8.106e-05,0.00067338,5.564e-05,1.679e-05,1.439e-05,8.63e-06,0.00025516,5.28e-06,1.775e-05,2.686e-05,1.055e-05,1.44e-06
icPyrSerr1,0.045238,0.00437476,0.01210557,0.00221977,0.00270202,0.01743186,0.00333445,0.00119482,0.1809904,0.00145298,0.00132582,0.03354031,0.03275336,0.00035988,0.00081766,0.00129846,0.00453167,0.00016651,0.00064635,0.00036948,0.03317514,0.00032054,0.00071497,0.04451823,0.00019722,0.00023704,0.00017035,0.00495298,0.00021737,0.00033109,6.622e-05,0.00029367,7.246e-05,7.774e-05,0.00024904,8.637e-05,4.175e-05,0.00022073,0.00208829,6.718e-05,0.00020825,0.00073656,0.00017706,0.00033685,2.543e-05,0.0002001,0.0008071,0.00027351,7.678e-05,0.00094386,3.359e-05,0.00012044,0.00016075,1.488e-05,9.405e-05,0.0001785,9.453e-05,0.00011516,0.00678599,0.00058685,0.02579271,0.00010461,0.00014347,0.00079223,1.871e-05,0.00028455,0.00011948,0.00027639,4.415e-05,0.0001142,0.00010845,4.079e-05,6.766e-05,0.00033781,0.00017274,0.0006905,0.00032198,0.00026104,4.463e-05,0.00025768,0.00038484,0.00027255,0.00013724,8.301e-05,9.885e-05,0.00067466,0.0001737,0.0001977,0.00038388,1.775e-05,1.823e-05,4.319e-05,3.359e-05,0.00012476,0.00016171,0.00025576,0.00039779,0.00034069,0.00020873,0.00011564,1.488e-05,2.255e-05,7.39e-05,4.031e-05,0.00012428,0.00042035,5.854e-05,0.00021881,7.486e-05,1.056e-05,9.069e-05,8.64e-06,0.00031286,0.00016411,2.063e-05,4.175e-05,2.543e-05,2.879e-05,0.00025576,0.00016267,4.8e-06
icRhaFulv1,0.0307023,0.02507766,0.01765676,0.0019511,0.00331975,0.00178811,0.0020139,0.02198706,0.12002253,0.00340892,0.00159108,0.00208773,0.00203068,0.0008164,0.00149233,0.03353691,0.00104842,0.00023826,0.00045398,0.00050048,0.00236913,0.07112895,0.00019511,0.00056711,0.03766443,0.00129243,0.00023538,0.00016683,2.445e-05,0.00017402,0.00013854,0.00171956,0.00020901,8.725e-05,0.0001093,2.157e-05,0.00015964,0.00020134,0.00080201,0.00013135,6.855e-05,0.00037728,9.156e-05,3.212e-05,3.356e-05,0.00048178,0.00085235,0.00019223,0.00014717,0.00330249,0.0001093,4.89e-05,0.00011889,3.116e-05,7.478e-05,1.294e-05,0.00015244,4.027e-05,0.00053068,0.00157526,0.00899904,0.00013039,0.00016731,0.0001371,6.663e-05,6.424e-05,0.00031496,6.999e-05,0.00015436,0.00016826,7.862e-05,1.87e-05,0.00023346,0.00029722,4.458e-05,9.732e-05,0.00020709,1.39e-05,3.308e-05,0.0003581,0.00011026,0.0002814,3.356e-05,0.00010211,8.341e-05,4.41e-05,3.84e-06,0.00116635,2.637e-05,1.774e-05,0.00020326,1.965e-05,0.00026702,0.00011361,7.718e-05,0.00017066,0.00011361,3.356e-05,3.547e-05,0.0025,0.00013471,8.293e-05,0.00011889,3.212e-05,1.63e-05,3.547e-05,8.341e-05,5.27e-06,0.00011793,1.294e-05,1.534e-05,6.232e-05,2.349e-05,0.29810451,9.11e-06,5.944e-05,1.486e-05,5.75e-06,3.643e-05,4.698e-05,2.253e-05
icSilAtra2,0.01438458,0.00333669,0.01246025,0.00635967,0.00417577,0.00096073,0.00250814,0.00397653,0.00470259,0.00090374,0.00073372,0.00043678,0.00072462,0.00021025,0.00056466,0.00276006,0.00049521,0.03171504,0.00063793,0.00039703,0.00026628,0.00061686,0.00291236,0.0002955,0.00338554,0.00055939,0.00013985,0.00042146,0.78922893,0.00013506,7.711e-05,0.00015565,0.00025575,0.00045211,2.443e-05,5.795e-05,6.657e-05,6.034e-05,0.00011255,0.00016762,0.00013985,9.626e-05,7.184e-05,4.119e-05,2.155e-05,0.00019684,0.00011255,0.00023611,4.215e-05,0.00010872,3.688e-05,0.0001954,9.579e-05,9.962e-05,0.00011351,0.00010249,9.483e-05,1.58e-05,0.00020642,0.00013458,3.113e-05,4.837e-05,0.00020881,5.508e-05,8.429e-05,0.0001499,2.921e-05,0.00014033,8.19e-05,6.13e-05,3.4e-05,3.83e-06,0.00026389,7.759e-05,3.879e-05,2.634e-05,6.418e-05,3.161e-05,6.322e-05,2.874e-05,1.485e-05,0.00011542,0.00015374,4.885e-05,2.969e-05,0.00012548,4.31e-06,1.724e-05,4.789e-05,2.921e-05,2.73e-05,0.00014464,5.987e-05,1.676e-05,5.987e-05,3.017e-05,7.854e-05,0.00143439,0.00012356,8.716e-05,6.082e-05,4.646e-05,5.75e-06,1.485e-05,9.531e-05,0.00012548,5.172e-05,4.981e-05,5.939e-05,2.395e-05,3.4e-05,3.83e-06,2.73e-05,2.395e-05,3.831e-05,2.251e-05,1.82e-05,5.27e-06,8.14e-06,4.358e-05,2.73e-05
idAcrOrbc1,0.24465438,0.06022164,0.01396649,0.01424031,0.00828387,0.04512781,0.00575921,0.00264816,0.00367688,0.01009095,0.00868885,0.00077405,0.02614361,0.00405266,0.00105266,0.00039588,0.00034562,0.0004112,0.01008856,0.00065151,0.00457587,0.00455146,0.00152705,0.00124557,0.00032887,0.00023456,0.00023456,0.00100431,0.00010723,0.00017808,0.00020632,0.00063284,0.00018238,0.00461178,0.0001527,9.67e-05,3.638e-05,8.76e-05,0.00022259,0.00030014,3.351e-05,0.00011058,0.000427,0.00018765,1.053e-05,0.00027669,0.00029966,0.00010196,2.298e-05,2.968e-05,3.399e-05,2.585e-05,0.00012063,8.138e-05,0.00060986,2.92e-05,0.00026376,0.00016754,0.00016946,0.00026855,9.67e-05,0.00091958,0.00019052,0.00024366,4.117e-05,0.00014026,4.404e-05,0.00016419,3.734e-05,0.00025898,4.978e-05,7.803e-05,2.729e-05,5.601e-05,0.00082575,2.729e-05,3.686e-05,0.00011345,4.8e-07,0.00022403,3.112e-05,3.207e-05,0.00010005,9.191e-05,0.0001192,0.00150886,3.303e-05,5.792e-05,2.633e-05,0.00017472,2.489e-05,3.207e-05,3.112e-05,2.776e-05,2.298e-05,0.00031881,0.00032169,3.351e-05,3.207e-05,3.638e-05,3.59e-05,6.127e-05,2.106e-05,2.87e-06,8.186e-05,0.00016276,0.00013643,9.909e-05,3.112e-05,0.00016036,4.26e-05,6.558e-05,3.83e-05,3.83e-05,2.968e-05,3.925e-05,1.436e-05,1.44e-06,0.00012015,5.649e-05,0.0
idBacElon1,0.02731256,0.01099712,0.06056663,0.00122819,0.00377037,0.00136433,0.06765676,0.00616012,0.00142953,0.02699616,0.0049976,0.00288639,0.00419703,0.00033126,0.0008557,0.00122819,0.00065053,0.00075312,0.00024593,0.00015388,0.00053356,0.00031783,0.00013279,0.0007047,0.00034803,7.622e-05,0.00038255,0.00151486,0.00032023,0.00058389,0.00044199,0.0005743,9.444e-05,7.622e-05,0.00025791,3.691e-05,0.00021093,0.00012416,0.00019367,0.00187009,0.00093001,1.486e-05,0.00014909,0.00019367,2.397e-05,0.00011457,0.00012368,0.00023442,0.00357095,9.492e-05,0.0017536,7.67e-05,0.00045302,0.00044871,3.26e-05,1.582e-05,0.00038878,9.923e-05,5.896e-05,0.00017162,6.999e-05,0.00077469,0.00042138,0.00011266,9.012e-05,0.00013423,3.404e-05,0.0002953,1.726e-05,0.00027996,3.979e-05,3.595e-05,0.00018888,0.00020662,0.00013902,0.00021045,0.00245014,6.855e-05,0.00031304,3.404e-05,6.951e-05,0.00027565,0.00040029,0.00012368,2.589e-05,0.00021716,2.061e-05,4.938e-05,9.636e-05,2.205e-05,4.89e-05,8.629e-05,0.00179866,7.718e-05,1.342e-05,8.389e-05,8.389e-05,0.00011649,1.103e-05,0.00010451,2.541e-05,6.759e-05,3.02e-05,0.00027037,1.678e-05,0.00046117,0.00013806,9.54e-05,3.26e-05,1.342e-05,0.00019463,0.00015244,5.944e-05,4.602e-05,2.397e-05,0.00062608,0.0,1.44e-06,0.00015676,6.04e-05,1.438e-05
idBelPand1,0.05742468,0.02056767,0.01567671,0.01836968,0.00342037,0.04070827,0.01451315,0.061967,0.05982018,0.0060067,0.00098517,0.0006418,0.00142898,0.00046437,0.00097178,0.00661358,0.00019321,0.00020421,0.0018264,0.00025538,0.00035342,0.00273362,0.00051793,0.00055141,0.0011143,0.00105643,0.00023912,0.00093257,0.00011765,0.00025825,7.843e-05,0.05449211,0.0006571,0.00579436,0.00458297,0.00013199,9.947e-05,9.374e-05,0.00017982,5.835e-05,0.00012673,9.852e-05,8.178e-05,0.00027116,9.039e-05,0.0001889,0.00078097,0.00020038,5.882e-05,0.00075084,3.969e-05,2.2e-05,0.00016212,0.00040124,2.056e-05,0.00011382,8.943e-05,8.61e-06,0.00044237,0.00014921,0.00010378,8.082e-05,0.00015973,0.0001736,5.213e-05,0.00014252,8.465e-05,1.004e-05,1.91e-06,0.00023912,0.00031086,0.00011334,0.00211813,8.034e-05,0.00012291,8.608e-05,7.747e-05,4.065e-05,5.691e-05,0.00041176,2.774e-05,0.00039694,0.00016356,2.822e-05,0.00014586,0.00012052,0.0001406,4.113e-05,0.0001889,0.00012243,5.739e-05,2.2e-05,9.087e-05,8.321e-05,5.261e-05,5.5e-05,3.826e-05,0.00011717,0.00013247,9.517e-05,5.93e-05,0.00051841,1.387e-05,7.65e-06,4.304e-05,0.00029842,0.00042707,0.00014586,0.00039168,7.843e-05,4.209e-05,2.726e-05,3.396e-05,0.00093974,1.769e-05,0.00016978,3.587e-05,1.578e-05,0.00019034,9.708e-05,1.43e-06
idBerChal2,0.39431358,0.00945937,0.1142218,0.00423279,0.00121797,0.00247992,0.00219216,0.0069479,0.00234799,0.00256883,0.00787954,0.00620889,0.00740344,0.0003413,0.00046702,0.0015521,0.00035182,0.00012715,0.0028413,0.00693069,0.00450143,0.00060468,0.00025287,0.00021319,0.00033987,0.00049474,0.00012715,0.00092208,8.174e-05,0.00054063,0.00021702,0.0003762,0.00013862,0.00033652,8.891e-05,7.17e-05,1.769e-05,0.00020698,6.071e-05,0.00022849,9.226e-05,0.00022658,0.00029111,0.00011663,3.82e-06,0.00014388,0.00083604,4.159e-05,0.00016922,0.00023088,0.00012141,6.597e-05,0.00116252,2.247e-05,7.075e-05,0.00046224,3.25e-05,4.78e-06,0.00099904,0.00020172,0.00013289,0.00048088,0.00054207,0.00014914,7.075e-05,0.00533987,0.0001391,8.27e-05,0.0002414,6.405e-05,1.482e-05,0.00029302,0.00013289,0.00019216,4.78e-05,3.394e-05,8.461e-05,0.00015918,0.00013576,0.00010899,2.438e-05,6.023e-05,6.358e-05,0.00075765,0.00014436,9.369e-05,0.0002218,4.063e-05,5.019e-05,4.063e-05,8.604e-05,0.00089962,2.39e-06,3.25e-05,6.883e-05,0.00023088,1.386e-05,1.147e-05,6.788e-05,0.00017256,5.21e-05,1.673e-05,5.545e-05,1.052e-05,0.00089627,9.034e-05,0.00022753,1.004e-05,0.00012237,3.537e-05,0.00010707,9.704e-05,2.008e-05,9.369e-05,3.394e-05,0.00019598,0.00037667,4.8e-07,2.725e-05,4.78e-05,1.338e-05
idBibMarc1,0.07995498,0.00206034,0.03278113,0.00878209,0.13778784,0.02367098,0.01057136,0.09382375,0.00594349,0.00322366,0.00022031,0.0011681,0.00194109,0.00043199,0.00096695,0.00504071,0.00043918,0.00013745,0.00036398,0.00065757,0.00187165,0.00060153,0.00086638,0.00056082,0.00053975,0.00011303,2.059e-05,0.00025,0.00049042,0.00130508,0.00045019,0.00017385,0.00068966,0.00047222,0.00225623,3.592e-05,5.077e-05,0.00012739,0.00036494,0.00047366,0.00010441,7.711e-05,0.00013649,3.592e-05,2.155e-05,2.682e-05,0.000159,1.341e-05,4.023e-05,7.28e-05,2.826e-05,1.533e-05,0.00039559,7.615e-05,2.347e-05,2.586e-05,8.956e-05,4.598e-05,0.00013745,6.705e-05,2.395e-05,2.826e-05,0.00024904,0.00015421,4.741e-05,5.795e-05,3.784e-05,6.082e-05,7.423e-05,0.00016044,0.00011542,2.87e-06,5.939e-05,7.95e-05,2.107e-05,4.79e-06,2.107e-05,4.262e-05,4.55e-05,0.00011734,0.00017577,0.00027538,3.448e-05,0.00013075,3.448e-05,6.944e-05,0.00013458,2.73e-05,0.00017481,8.19e-05,2.011e-05,9.962e-05,0.00057423,4.358e-05,3.017e-05,0.00024569,7.423e-05,5.891e-05,0.00076724,0.00015086,0.00017481,4.31e-05,3.784e-05,1.149e-05,0.00033142,9.004e-05,3.975e-05,6.7e-06,0.00014464,0.00012069,3.448e-05,0.00023467,4.55e-05,0.00059962,2.39e-06,0.22778688,2.634e-05,1.916e-05,7.423e-05,3.592e-05,4.79e-06
idBleFall4,0.15705134,0.00256094,0.01048033,0.2106142,0.05874904,0.00636516,0.00118138,0.00334885,0.00122985,0.00069338,0.00540595,0.00066939,0.0099952,0.00044146,0.00173992,0.00023369,0.00020633,7.438e-05,0.00237908,0.00030134,0.00183445,0.0005523,0.00039731,0.00033253,0.00018666,0.00038436,0.00024856,0.00135173,0.00025576,0.00049712,0.00012236,0.00017658,0.00086468,0.0007975,5.182e-05,0.00060653,3.935e-05,0.00073512,0.00045202,9.021e-05,0.00016363,0.0042428,0.00027207,0.00011564,7.774e-05,6.382e-05,0.00341459,8.349e-05,8.685e-05,0.00017802,5.422e-05,4.655e-05,0.00038292,0.00015739,0.00026727,0.00024184,4.846e-05,0.0001214,0.00047745,0.00110077,0.00229798,0.00074136,0.00026152,0.00049232,0.00014347,0.00041987,0.00054223,9.741e-05,8.589e-05,0.00044194,0.00010893,6.91e-05,0.00011756,7.678e-05,3.311e-05,0.00141891,0.00019962,5.182e-05,0.00029175,2.351e-05,7.534e-05,0.00011468,5.566e-05,0.00025192,0.0026737,5.806e-05,0.00047121,0.00158205,2.255e-05,0.00054175,7.726e-05,0.00010317,2.927e-05,0.00010653,1.631e-05,0.00015355,7.534e-05,4.031e-05,8.253e-05,6.91e-05,4.655e-05,1.583e-05,0.00012668,2.639e-05,0.00011468,8.013e-05,0.00029942,0.00017083,0.00013772,4.942e-05,4.319e-05,0.00015115,0.0004477,0.00019722,0.00098464,7.534e-05,1.919e-05,9.069e-05,0.00015931,0.00013244,1.44e-06
idBomDisc1,0.00566095,0.0018281,0.00838143,0.00102095,0.00418857,0.00679381,0.00054571,0.00107143,0.02554619,0.00637667,0.0001681,0.00112524,0.00086619,0.00096143,0.00021286,0.00013524,0.00118762,0.0002519,0.00012286,0.00129857,0.00056143,0.00094476,0.00159619,0.00035238,0.76403524,0.00012619,9.05e-06,0.00011238,7.619e-05,2.857e-05,2.429e-05,0.00011762,7.048e-05,0.00011048,0.00038286,1e-05,2.429e-05,9.048e-05,8.095e-05,2.762e-05,1.762e-05,3.905e-05,9.52e-06,1.619e-05,8.1e-06,4.905e-05,9.05e-06,1.19e-05,5.524e-05,3e-05,1.905e-05,1.905e-05,1.714e-05,3.762e-05,1.238e-05,3.048e-05,5.524e-05,6.619e-05,5.905e-05,3.33e-06,5.143e-05,9.05e-06,1.952e-05,9.05e-06,2.381e-05,6.381e-05,1.19e-05,5.905e-05,2.86e-06,2.952e-05,1.476e-05,2.86e-06,9.05e-06,2.19e-05,1.857e-05,1.524e-05,1.476e-05,1.857e-05,5.24e-06,2.381e-05,1.19e-05,1.333e-05,3.952e-05,2.048e-05,5.524e-05,2.86e-06,1.19e-05,8.1e-06,3.381e-05,2.048e-05,1.43e-06,4.29e-06,9.05e-06,1.476e-05,1.143e-05,1.381e-05,3.81e-05,1.143e-05,3.286e-05,7.81e-05,4.81e-05,1.762e-05,2.048e-05,5.24e-06,2.048e-05,2.905e-05,5.476e-05,1.952e-05,7.14e-06,1.43e-06,7.62e-06,2.86e-06,2.19e-05,8.1e-06,1.81e-05,2.333e-05,3.33e-06,4.8e-07,1.143e-05,3.143e-05,3.33e-06
idBomMajo1,0.01477416,0.01382057,0.08246794,0.00989809,0.01582823,0.00115502,0.00565215,0.01453062,0.00242153,0.00141722,0.00055933,0.0061378,0.001489,0.00016794,0.00038517,0.00074067,0.00327033,0.00010622,0.00017416,0.00014976,0.00071818,0.00060383,0.0003134,0.00870718,6.364e-05,0.00088852,0.00027177,0.00059569,0.00042344,7.895e-05,0.00010096,0.000111,0.00020191,0.00032249,3.493e-05,0.00013589,1.818e-05,4.211e-05,0.00011196,0.00044258,2.823e-05,0.00015311,0.00013541,0.00012919,6.794e-05,0.0010201,0.42547799,2.871e-05,4.067e-05,0.00037512,0.00027799,0.00016555,4.928e-05,5.837e-05,3.254e-05,3.78e-05,5.646e-05,3.684e-05,0.00031579,3.11e-05,0.00016842,2.01e-05,2.727e-05,1.435e-05,4.593e-05,1.627e-05,0.00014593,6.7e-06,0.00078947,3.11e-05,2.727e-05,5.359e-05,1.483e-05,8.134e-05,1.435e-05,0.00024354,0.00057464,2.44e-05,0.00017943,2.01e-05,3.014e-05,2.39e-06,6.555e-05,8.708e-05,8.278e-05,1.196e-05,1.627e-05,6.986e-05,3.349e-05,0.00012201,1.675e-05,2.488e-05,5.12e-05,2.153e-05,4.163e-05,0.000211,8.852e-05,2.44e-05,1.531e-05,6.364e-05,1.866e-05,1.483e-05,3.014e-05,2.488e-05,1.722e-05,7.847e-05,1.196e-05,1.77e-05,8.13e-06,3.014e-05,7.66e-06,0.00010813,5.646e-05,2.44e-05,6.651e-05,4.928e-05,4.78e-06,1.34e-05,1.77e-05,7.273e-05,4.8e-07
idBraLaph1,0.32851269,0.01425802,0.01076161,0.00209382,0.00345764,0.01041024,0.00167784,0.00815127,0.0050225,0.00067161,0.00345955,0.07301005,0.02757348,0.00121637,0.00148061,0.00049976,0.0007439,0.00015462,0.0011709,0.00166491,0.00163188,0.00066491,0.00026711,0.00106558,0.00060364,0.00035041,0.00038056,0.00076304,7.563e-05,0.00245955,0.00016084,0.00474485,0.0004921,0.00023839,3.494e-05,0.00017855,0.0002068,0.00022068,0.00014552,0.00426328,0.00037817,0.00123839,0.00040498,0.00021254,1.532e-05,8.952e-05,0.00011393,0.000281,0.0001326,0.00024701,0.00029823,9.478e-05,0.00042748,1.388e-05,0.00037817,0.00016898,0.00025227,4.691e-05,0.00029919,7.563e-05,0.00024031,0.00027094,6.798e-05,0.00044854,0.00044567,0.00039062,0.00058976,9.67e-05,3.925e-05,0.00012159,0.00018909,2.729e-05,0.00011202,0.00034179,0.00010771,7.851e-05,4.117e-05,0.00010579,0.00015366,0.00038583,1.58e-05,3.638e-05,3.112e-05,0.00018861,0.00016419,4.356e-05,0.00012542,9.1e-06,6.989e-05,2.729e-05,0.00018334,3.399e-05,8.377e-05,1.005e-05,2.92e-05,5.697e-05,6.319e-05,1.675e-05,2.872e-05,7.372e-05,5.792e-05,0.00013308,0.00013356,1.436e-05,3.255e-05,0.00016802,0.00029057,0.00163667,4.691e-05,1.436e-05,0.00018669,6.367e-05,1.819e-05,0.00012446,1.388e-05,6.22e-06,4.883e-05,5.27e-06,0.0010742,2.106e-05,4.79e-06
idCalVomi1,0.01116101,0.00237793,0.01988724,0.02083373,0.02866699,0.00343478,0.00069947,0.00110893,0.02870377,0.00079838,0.00160917,0.0003827,0.00170903,0.0007291,0.00067702,0.00043813,0.00032155,0.0018452,0.00097516,0.00028667,0.00096082,0.00201433,0.00065265,0.00034066,0.00032011,0.02704061,0.00027807,0.00294075,0.01563975,0.00017009,9.126e-05,6.928e-05,0.00010416,0.00075681,9.412e-05,3.822e-05,0.00018251,4.443e-05,5.208e-05,9.365e-05,9.508e-05,0.00019159,0.00024224,0.00014907,2.484e-05,0.0002322,4.252e-05,0.00011992,1.768e-05,0.00010846,1.577e-05,8.027e-05,0.00016436,0.38523602,2.771e-05,0.00012136,4.348e-05,0.00012661,0.00020736,5.733e-05,7.501e-05,8.743e-05,8.361e-05,3.87e-05,4.061e-05,9.842e-05,8.6e-06,6.498e-05,2.87e-06,0.0002709,6.21e-06,6.068e-05,1.863e-05,6.259e-05,0.00023985,1.768e-05,2.914e-05,1.386e-05,1.529e-05,1.194e-05,1.147e-05,4.634e-05,3.297e-05,2.914e-05,1.481e-05,8.12e-06,1.242e-05,2.771e-05,4.873e-05,3.488e-05,0.00013903,7.64e-06,4.157e-05,1.959e-05,2.389e-05,7.74e-05,3.249e-05,0.00033206,7.788e-05,1.768e-05,5.399e-05,0.00019446,1.338e-05,7.979e-05,1.194e-05,5.733e-05,3.201e-05,9.651e-05,1.481e-05,2.58e-05,1.147e-05,8.313e-05,1.386e-05,3.34e-06,7.17e-06,9.08e-06,2.293e-05,2.39e-06,4.78e-06,1.147e-05,1.386e-05
idCheImpr3,0.051689,0.01340239,0.10643684,0.0006866,0.00168086,0.0098555,0.00607368,0.00234689,0.02259665,0.00610766,0.0009622,0.00690861,0.01683206,0.00726746,0.00091722,0.00077895,0.00207656,0.00137129,0.00065407,0.00053445,0.00110335,0.0005244,0.0016933,0.00251866,0.00408565,8.469e-05,0.00011292,0.00015311,9.569e-05,0.01288612,0.00012488,0.00049856,0.00077225,8.612e-05,0.00014976,4.258e-05,6.842e-05,0.00042632,0.00158421,0.00082727,9.139e-05,0.00024785,0.00266364,7.321e-05,1.866e-05,0.00025646,4.641e-05,0.00016364,0.000111,8.517e-05,8.9e-05,3.062e-05,5.694e-05,5.12e-05,0.00015502,2.871e-05,0.00017129,0.00027368,0.00024737,0.00010526,2.823e-05,0.00024928,0.00021914,0.00077416,4.641e-05,3.11e-05,8.13e-06,3.923e-05,8.517e-05,6.411e-05,2.153e-05,2.871e-05,0.00010574,0.00012536,7.033e-05,1.531e-05,9.952e-05,0.00013971,1.483e-05,0.00032919,9.33e-05,0.00024498,0.00026507,1.292e-05,0.00023301,2.057e-05,8.086e-05,9.187e-05,2.392e-05,7.321e-05,3.254e-05,4.019e-05,2.392e-05,3.445e-05,4.833e-05,0.00020766,4.976e-05,0.00033062,2.823e-05,0.00013158,0.00021914,0.00082201,7.321e-05,3.828e-05,3.876e-05,0.00056268,0.00054641,3.35e-06,6.316e-05,7.99e-05,5.072e-05,1.196e-05,3.541e-05,6.746e-05,3.445e-05,9.57e-06,1.818e-05,1.483e-05,3.589e-05,0.00096124,1.91e-06
idChePaga1,0.01822816,0.01636945,0.02401575,0.00127637,0.00868831,0.00727303,0.00186014,0.00512124,0.00137661,0.00388019,0.00227446,0.00074368,0.00456802,0.00029594,0.00054749,0.00026205,0.00108926,0.00118568,0.00015418,0.0021327,0.00146778,0.00038377,0.00178138,0.00056659,0.00043103,0.00013604,0.00046014,0.00107399,0.00034845,0.00076325,0.0001747,0.00018854,0.00016706,8.831e-05,0.00176563,2.1e-05,0.00015656,0.00017136,0.0001074,0.18821718,0.00010692,0.11000334,0.00020239,0.00021862,2.53e-05,0.00097232,2.721e-05,0.00017518,6.301e-05,5.442e-05,2.912e-05,5.919e-05,0.00016277,8.401e-05,4.391e-05,0.00010931,1.384e-05,0.0020148,4.057e-05,3.246e-05,4.01e-05,6.396e-05,0.00028449,0.00019189,8.544e-05,7.303e-05,1.384e-05,0.00162434,4.3e-06,4.63e-05,0.00010406,2.243e-05,8.305e-05,5.68e-05,6.348e-05,1.05e-05,0.00012029,1.862e-05,1.814e-05,5.251e-05,3.532e-05,2.768e-05,4.153e-05,4.535e-05,0.00025871,0.00030406,1.909e-05,2.768e-05,8.592e-05,0.00012601,7.542e-05,2.005e-05,0.00010406,3.771e-05,1.002e-05,1.384e-05,4.248e-05,5.585e-05,0.00041718,1.193e-05,8.496e-05,2.196e-05,4.01e-05,6.348e-05,0.00023628,6.348e-05,3.82e-06,6.778e-05,1.193e-05,1.766e-05,6.587e-05,0.00024582,2.816e-05,2.339e-05,5.73e-06,1.527e-05,0.0,0.0,3.198e-05,2.86e-06,9.5e-07
idCheUrba1,0.31646242,0.00704787,0.04756151,0.00506798,0.00251316,0.00407899,0.0714495,0.03915606,0.00066156,0.01007037,0.0016314,0.00071374,0.04413595,0.00092197,0.00078794,0.00047152,0.00074581,0.00038056,0.00103207,0.00215414,0.00509,0.00024844,0.00066826,0.00016276,0.00088942,0.00025467,0.0001192,0.00264911,0.00011584,0.00071661,0.00056151,0.00289612,0.00038727,0.00018956,9.43e-05,0.00031307,7.42e-05,0.00025706,0.00016707,0.00082671,0.00039157,0.00012494,0.00016036,0.00072523,1.532e-05,0.00013499,0.00017616,8.234e-05,2.776e-05,9.239e-05,0.00015366,0.00011584,0.0087214,9.67e-05,0.0002293,0.00014074,0.00114217,0.00137195,5.888e-05,6.127e-05,8.904e-05,0.00016228,0.00075347,0.0001752,0.00012781,0.00040689,1.963e-05,0.00153854,1.819e-05,3.494e-05,0.00018286,5.27e-06,0.00037291,8.664e-05,6.032e-05,0.00034035,2.25e-05,1.771e-05,3.925e-05,7.707e-05,3.925e-05,4.691e-05,6.845e-05,0.00021111,2.25e-05,0.00081809,4.308e-05,3.35e-06,0.00015414,6.127e-05,5.314e-05,0.00058976,0.00610723,9.813e-05,4.31e-06,0.00044327,1.292e-05,4.069e-05,0.00018573,0.00010292,9.1e-06,7.899e-05,0.00015462,4.021e-05,8.904e-05,3.447e-05,4.739e-05,0.00010962,0.0001843,9e-05,0.0005663,8.904e-05,4.452e-05,5.74e-06,0.00012973,0.00044471,5.218e-05,8.14e-06,1.44e-06,5.457e-05,1.005e-05
idCheVern2,0.18648799,0.00697598,0.1064731,0.01994765,0.00218396,0.00149808,0.00416186,0.01166523,0.00180307,0.00126177,0.00094092,0.00103506,0.11394909,0.00072959,0.00096974,0.00346782,0.0007219,0.00094813,0.00621902,0.00135591,0.00158453,0.00072286,0.00012344,0.00123247,6.868e-05,0.00079635,0.00025456,0.00310663,0.00012536,0.0009097,0.00017819,9.462e-05,0.01480692,0.00034822,3.939e-05,0.00073199,5.572e-05,0.0002147,0.00019068,0.0014731,9.27e-05,0.00036119,0.00028963,0.00073343,4.659e-05,0.00014986,0.00028242,3.554e-05,0.0001292,0.00025889,0.0001244,0.0458074,0.00044476,0.00150961,8.165e-05,4.995e-05,0.00015754,0.00111479,0.0001172,7.445e-05,0.00012968,0.00061527,0.00070173,0.00024928,1.585e-05,0.00100624,0.0004025,0.00013353,2.642e-05,0.00029395,0.00010663,8.65e-06,0.00013641,0.0004414,8.934e-05,0.0003487,0.00016667,0.00015514,7.877e-05,8.79e-05,0.00271662,9.03e-05,5.187e-05,0.00028915,0.00037464,0.00063208,0.00015226,9.99e-05,0.00015418,0.00014745,2.305e-05,4.707e-05,8.934e-05,0.00016907,3.41e-05,0.00017915,0.00011623,5.572e-05,0.00045677,8.261e-05,0.00010951,0.00010038,5.62e-05,4.563e-05,0.00014073,0.00065802,0.00010183,0.00022382,2.69e-05,2.45e-05,0.00016186,0.00029923,0.00016186,4.851e-05,7.973e-05,0.00013016,2.594e-05,4.8e-06,0.00015898,0.00028434,2.209e-05
idCheVulp2,0.02083045,0.0039097,0.035939,0.00744957,0.02037416,0.00255187,0.00241739,0.00468444,0.00183093,0.00108549,0.15884294,0.00055283,0.00258261,0.00408838,0.00389866,0.00062632,0.0010658,0.00252402,0.00105716,0.00023679,0.00044573,0.00087608,0.0010658,0.00037464,0.00022911,0.00039673,0.00072815,0.00223775,0.00151441,0.00014793,9.798e-05,0.00098079,0.00021806,0.00095005,0.00021998,5.091e-05,9.51e-05,0.00021662,0.00038136,0.00075793,0.00040106,5.764e-05,0.00033141,0.00053939,8.165e-05,0.00127233,7.973e-05,0.00784966,6.34e-05,0.00021374,1.585e-05,8.742e-05,0.00020893,0.00010999,0.00066859,2.209e-05,0.00018108,0.00010279,0.00055235,0.0001316,6.004e-05,6.196e-05,0.00020221,0.00053074,0.00023439,7.973e-05,2.402e-05,8.357e-05,0.00011431,0.00035207,0.0009928,2.69e-05,4.035e-05,5.668e-05,9.798e-05,1.633e-05,5.572e-05,0.00208357,0.00017099,0.00029971,0.00014505,0.00013593,0.00019356,9.894e-05,0.00015418,1.201e-05,0.00018156,0.00074496,0.00019981,6.196e-05,0.0001926,2.161e-05,7.925e-05,0.00011864,0.00045245,0.0001902,2.882e-05,6.676e-05,0.00021902,0.00013208,4.851e-05,3.218e-05,9.27e-05,0.0003391,1.873e-05,0.00011479,6.196e-05,7.877e-05,5.091e-05,6.1e-05,0.00137992,6.772e-05,1.489e-05,0.00010519,2.69e-05,0.00013256,1.44e-06,9.13e-06,7.829e-05,2.402e-05,2.4e-06
idChrBici1,0.29177378,0.00501873,0.03384342,0.00265178,0.01053746,0.05345821,0.00892843,0.11487944,0.00864265,0.00134246,0.00243468,0.01751681,0.00412344,0.00035975,0.00148895,0.00112152,0.0007536,0.00113737,0.00069837,0.00019452,0.0015879,0.00067483,0.00034726,0.00048367,0.00081124,0.01216475,0.00029731,0.00100288,2.546e-05,0.000122,0.00013737,0.00510519,0.00020173,0.00039817,0.00057253,2.45e-05,0.00010855,0.00013689,0.00019549,0.00058405,0.00016042,0.00022671,0.00013256,0.00029491,7.829e-05,0.00029587,0.00200192,0.00558838,8.165e-05,0.0004683,0.00015706,7.829e-05,0.00018348,0.00016523,4.755e-05,5.668e-05,0.00055235,2.738e-05,0.01593276,0.00057637,0.00033862,0.00027474,0.00025793,0.00011479,8.549e-05,0.00038617,6.676e-05,6.1e-05,0.00020989,0.00014505,0.00013016,0.00032805,0.00017243,9.99e-05,4.083e-05,7.589e-05,0.00034966,2.402e-05,4.803e-05,0.00142795,0.00011383,0.00030403,0.00360471,8.405e-05,9.606e-05,9.222e-05,0.0001244,0.00062776,0.00014938,7.157e-05,0.00020989,4.611e-05,0.00015082,6.58e-05,0.00278002,0.00014553,9.894e-05,1.729e-05,9.27e-05,0.00021134,1.393e-05,0.00015274,4.947e-05,9.846e-05,3.506e-05,7.685e-05,6.964e-05,0.0003463,0.00010711,9.03e-05,2.065e-05,0.00011143,1.729e-05,0.00023535,3.746e-05,0.00010519,5.28e-06,2.402e-05,0.00020797,4.083e-05,1.009e-05
idCluTigr1,0.05062908,0.00607726,0.01135797,0.0025523,0.0021118,0.00127927,0.00848129,0.00620825,0.00183637,0.00108205,0.00138484,0.00039395,0.00950768,0.00094194,0.0050024,0.00234597,0.00046401,0.20892706,0.00226008,0.00122361,0.00059213,0.00049808,0.00027879,0.00037428,0.00021017,0.00016843,0.0002644,0.00053743,0.00030086,0.00123464,0.00012092,0.00022841,0.0004285,0.00035173,2.063e-05,8.925e-05,0.00025624,0.03328743,0.00024424,0.00020537,0.00031718,5.902e-05,0.00016651,6.958e-05,0.00011852,7.39e-05,0.0002476,7.15e-05,3.407e-05,5.566e-05,2.207e-05,0.00014443,5.854e-05,0.00012092,0.0002025,3.071e-05,0.0002548,0.00018858,0.00025336,0.00037668,1.919e-05,0.00088532,0.0001166,0.00021257,0.00011756,0.00019962,1.008e-05,7.678e-05,4.559e-05,0.0001382,0.00025912,3.167e-05,0.00019002,3.743e-05,3.455e-05,9.117e-05,6.862e-05,0.00011516,0.00071545,3.983e-05,0.00026967,0.0043263,0.0001929,0.00031862,0.00010509,0.00207774,0.00047697,7.965e-05,3.935e-05,0.00010077,0.00013148,0.00015163,0.00028599,6.718e-05,3.743e-05,0.0001166,1.056e-05,0.01289299,9.165e-05,3.359e-05,0.00012284,0.00045202,0.00016411,0.00011708,5.614e-05,0.00092322,6.718e-05,0.00014395,9.549e-05,5.23e-05,0.00226248,4.319e-05,5.566e-05,8.16e-06,3.311e-05,0.00029463,6.19e-05,2.88e-06,0.00011996,0.00022649,1.152e-05
idCoePili4,0.13806606,0.00217472,0.00600479,0.00348923,0.01087123,0.00372762,0.00317042,0.00172331,0.00138296,0.0006697,0.00232982,0.01598372,0.14485926,0.00318765,0.04021015,0.00091862,0.00108664,0.00128722,0.00373432,0.00185448,0.00092484,0.00041407,0.00626328,0.00178219,0.00012303,0.00020488,0.00085256,0.00346577,0.00028674,0.00247487,0.00010196,0.00077932,0.00058066,0.00143179,1.675e-05,0.00062374,0.00013164,0.0004696,0.00031594,0.00151795,0.00080421,0.00121302,0.00528195,0.0009483,0.00092963,0.0007415,0.00027142,0.00039971,0.00020823,0.0003327,0.0002068,0.00018573,0.00037626,0.00730828,0.00027812,0.00011967,0.00026663,2.92e-05,0.00036046,0.00040211,0.00014026,0.00054763,0.00245811,0.00053471,0.03231594,0.00043753,0.00059311,2.489e-05,0.00027717,0.00094016,0.00029631,0.00188511,0.00012398,0.00037769,0.00010388,0.00010675,0.00102489,0.01038918,0.0002135,0.00030541,2.298e-05,0.00014983,6.51e-05,0.00062087,0.0001685,0.00030876,0.0003394,0.00017568,0.00020488,0.0003528,0.00058928,0.00011345,6.893e-05,0.00017377,1.197e-05,0.00015653,0.00016707,0.00015893,0.00031738,0.00039732,0.00533126,0.00014696,4.31e-06,0.00031355,5.17e-05,0.00036285,0.00041024,0.00028195,7.611e-05,0.00018621,9.813e-05,0.00012063,2.872e-05,7.18e-05,7.18e-05,3.734e-05,7.085e-05,4.356e-05,0.00046146,1.915e-05,1.053e-05
idCorMarg1,0.07154911,0.00261667,0.06157068,0.00136464,0.00542357,0.00152084,0.00184188,0.0010139,0.00151222,0.00168903,0.00106373,0.00220412,0.11176857,0.00298035,0.0043977,0.00756876,0.00082367,0.0209104,0.00046718,0.00043747,0.00329995,0.00022712,0.00174461,0.00044322,0.00054384,9.871e-05,0.00031529,0.02190944,0.00110541,0.00016195,0.00011691,0.00013321,0.00040824,0.00016866,0.0001471,0.00011691,8.721e-05,0.00043028,0.00021706,0.00071634,7.044e-05,0.00018304,0.00027791,9.487e-05,6.852e-05,0.00021897,0.00025012,0.00033206,9.2e-05,0.00021706,0.00030283,4.552e-05,0.00018879,0.00024772,0.00092908,0.00017202,0.00014566,0.00154576,0.00021179,0.00011069,0.00015812,0.00018783,0.00068424,0.00015908,0.00065597,0.0004873,5.367e-05,9.823e-05,7.523e-05,0.00176569,3.498e-05,8.289e-05,0.00010494,0.00271299,0.00014471,1.581e-05,0.00021658,7.092e-05,4.887e-05,6.181e-05,0.00038285,0.0003081,0.00361045,0.0003723,5.175e-05,0.00013464,0.00011739,7.427e-05,0.00116962,4.79e-06,0.00012698,2.731e-05,7.283e-05,2.252e-05,0.00082559,0.00032295,2.3e-05,0.00679109,0.00028079,5.558e-05,0.00037853,0.00022568,5.846e-05,1.006e-05,9.58e-06,0.0001241,0.00064686,8.769e-05,0.00038045,9.391e-05,0.00023814,5.558e-05,0.00023191,9.871e-05,3.642e-05,0.00013273,4.312e-05,2.923e-05,0.00012362,0.00016339,9.248e-05
idCriBerb1,0.23880469,0.01297559,0.00604213,0.00589469,0.03213787,0.00265342,0.0068832,0.0019866,0.00943274,0.00316515,0.00186549,0.00134227,0.00779272,0.00084921,0.00479225,0.00965773,0.00072475,0.00028578,0.00663188,0.00095644,0.0006338,0.00073719,0.00026711,0.00752561,0.00020728,0.00099713,0.00040977,0.0009909,0.00013356,0.00383629,0.00046434,0.00023743,0.0001776,0.00039493,0.00016659,0.0001034,4.739e-05,0.00050933,0.00020728,0.00016898,8.042e-05,0.00014744,7.563e-05,0.00026137,7.946e-05,0.00020871,0.01285256,0.00040115,0.00013499,0.00028913,3.973e-05,0.00012973,0.00014217,0.00015893,6.893e-05,0.00023025,8.473e-05,5.649e-05,0.00025898,0.01644854,0.00010962,0.00316084,0.00011489,6.367e-05,4.308e-05,0.00010962,0.00137674,3.207e-05,6.893e-05,0.00018143,0.00029871,5.314e-05,0.00047918,6.606e-05,0.00026041,0.00139445,0.0001101,0.00013691,0.01506989,0.00025898,0.00029823,0.00031977,2.681e-05,0.00020823,0.00156199,8.281e-05,7.228e-05,3.207e-05,5.409e-05,5.697e-05,2.776e-05,0.00013068,3.399e-05,0.00031929,1.005e-05,0.00149593,1.532e-05,2.824e-05,0.00012255,5.457e-05,0.00019196,7.66e-06,2.968e-05,3.351e-05,0.00011058,0.00056295,0.00013164,7.372e-05,0.00011728,0.0009775,0.00011728,0.00067975,3.638e-05,4.691e-05,0.00016659,3.686e-05,4.691e-05,1.34e-05,3.207e-05,0.00020057,9e-05
idDasAlbo1,0.27058928,0.00674102,0.08694686,0.00886357,0.03335711,0.00346625,0.05426568,0.01371757,0.00194351,0.00983629,0.00104978,0.00143179,0.00663954,0.0004179,0.00248061,0.00033652,0.0027932,9.047e-05,0.00039397,0.00041982,0.00123648,0.00521063,7.611e-05,0.00039301,0.00023935,0.00020728,0.00020345,0.01018238,7.085e-05,0.00046386,0.00045907,0.00036142,0.00101149,0.00047487,0.01107372,0.00030206,3.782e-05,0.00017137,0.0003236,0.00055146,3.255e-05,0.00046769,6.415e-05,0.00017329,8.377e-05,0.0001101,9.909e-05,0.00012877,4.548e-05,0.0001259,4.931e-05,6.319e-05,0.00018382,0.00083437,0.00359646,0.0001709,0.0001618,9.43e-05,0.00619818,0.00031738,1.58e-05,0.00067066,4.548e-05,6.606e-05,0.00014505,2.393e-05,0.00014648,0.00022164,0.00012255,0.00023791,0.00169651,2.776e-05,7.324e-05,0.0004471,6.798e-05,3.399e-05,4.5e-05,4.787e-05,6.989e-05,6.462e-05,8.76e-05,3.016e-05,8.329e-05,0.00010866,2.537e-05,3.782e-05,0.00012446,1.91e-06,9.813e-05,0.00010101,0.00027525,5.026e-05,0.00025419,2.681e-05,7.133e-05,9.718e-05,0.00021494,8.62e-06,0.00032025,7.037e-05,1.771e-05,1.101e-05,0.00014361,2.25e-05,0.00017425,3.782e-05,5.744e-05,0.00433365,8.425e-05,8.234e-05,0.00596841,0.00026281,8.569e-05,1.436e-05,1.819e-05,5.314e-05,2.585e-05,4.8e-07,0.00158449,1.484e-05,0.0
idEpiBalt1,0.03137183,0.00739962,0.0082482,0.01473982,0.01217393,0.00136943,0.00620604,0.05040585,0.00707714,0.00659511,0.00077719,0.0073608,0.00923718,0.00068855,0.00053474,0.03669813,0.00047868,0.00095352,0.0005654,0.00381696,0.00069382,0.00405558,0.01483757,0.00143172,0.01162099,0.00147149,0.00010685,0.00236176,5.558e-05,8.146e-05,0.00013081,0.00029708,0.00014902,0.00109344,0.00014614,3.21e-05,4.312e-05,0.00021179,0.00015621,0.00179253,0.00026306,6.373e-05,0.00052851,5.942e-05,2.156e-05,0.00015908,0.0005333,7.762e-05,7.092e-05,0.00029708,3.69e-05,3.306e-05,2.779e-05,0.00087782,5.75e-05,2.779e-05,0.00089363,5.894e-05,0.00017968,0.00019454,5.702e-05,0.0007978,0.00023383,0.00032774,5.702e-05,0.00013848,7.523e-05,2.587e-05,0.0003723,5.367e-05,8.241e-05,1.246e-05,0.00038093,0.00032487,0.00010733,1.965e-05,5.654e-05,0.00012937,0.000115,0.00010829,4.36e-05,7.427e-05,7.283e-05,6.996e-05,0.00010637,0.00073503,1.485e-05,3.977e-05,5.798e-05,0.00028558,0.00010637,3.642e-05,0.00106277,1.533e-05,4.983e-05,9.775e-05,0.00023191,6.421e-05,0.00065453,0.00033062,0.0003057,0.0003656,0.00094154,0.00016818,7.523e-05,0.00215668,2.396e-05,3.977e-05,4.264e-05,7.67e-06,3.402e-05,0.00039147,5.702e-05,6.085e-05,1.294e-05,0.00012506,0.00011739,1.965e-05,6.037e-05,3.546e-05,2.779e-05
idEpiEuco1,0.0158157,0.00289899,0.1034337,0.0009641,0.02661513,0.09863475,0.00811297,0.0010067,0.0026922,0.00162853,0.08859646,0.03037578,0.00299521,0.00073384,0.00143562,0.00058832,0.00203782,0.00027908,0.00038439,0.00071613,0.00083198,0.00037291,0.00019579,0.00290426,0.00016802,5.792e-05,0.00078985,0.001,7.611e-05,0.02112973,3.686e-05,0.00051747,0.00015031,0.00019148,0.00039684,8.281e-05,2.872e-05,0.00039923,0.00040833,3.925e-05,0.00061273,0.00011393,0.00012063,0.00012255,0.0002293,8.138e-05,1.675e-05,0.00020967,3.782e-05,6.175e-05,0.0002853,0.00073001,0.00024844,4.643e-05,4.5e-05,4.787e-05,0.0008808,6.127e-05,0.00015079,3.877e-05,0.00015653,5.553e-05,0.00094495,0.00050072,5.505e-05,2.968e-05,3.064e-05,5.697e-05,7.66e-06,8.425e-05,3.83e-06,3.734e-05,1.101e-05,4.26e-05,0.00011584,1.915e-05,0.00010101,0.00134466,1.197e-05,0.00060651,1.675e-05,3.016e-05,5.218e-05,1.149e-05,9.765e-05,8.138e-05,3.973e-05,4.069e-05,5.84e-05,0.00024031,2.92e-05,3.447e-05,0.00015366,8.712e-05,2.393e-05,1.388e-05,1.053e-05,3.494e-05,0.0001034,9.191e-05,6.845e-05,1.867e-05,2.489e-05,0.00015127,4.787e-05,0.00013834,0.00151556,9.43e-05,1.101e-05,3.638e-05,0.0001034,2.681e-05,5.697e-05,2.393e-05,5.27e-06,2.202e-05,8.62e-06,9.6e-07,8.14e-06,3.351e-05,5.74e-06
idEpiGros1,0.09635101,0.01722565,0.01095178,0.00261909,0.00325169,0.01855014,0.02303327,0.00917406,0.03367936,0.01043009,0.00323192,0.00206991,0.00235824,0.00048361,0.00275554,0.00213452,0.00070781,0.00012922,0.00046191,0.00014224,0.0002676,0.00371601,0.00017599,0.01007232,0.00103182,0.0002676,0.00072999,0.00078544,0.00011765,0.00039875,0.00037753,0.00014127,0.00039344,0.00183317,0.00122179,7.763e-05,0.00067695,0.00017888,0.00055159,0.00038235,0.00013838,3.809e-05,0.00010125,0.00038042,6.027e-05,0.00072662,0.00018756,0.00034571,0.01313163,0.00549325,0.00025603,0.00012825,0.00013838,0.00013211,0.00021504,0.00018949,9.402e-05,3.182e-05,0.00068033,0.00012247,0.00010029,0.00091996,0.0002324,1.157e-05,9.113e-05,0.00026037,6.798e-05,3.23e-05,3.664e-05,0.00068708,0.00017647,2.893e-05,0.00346625,0.00307425,0.0084161,0.00054581,0.00069431,0.0002946,0.00014947,0.00034619,0.00047011,6.847e-05,0.00011524,8.872e-05,0.00041225,0.00012777,0.00012199,7.473e-05,0.00027676,0.00018997,6.991e-05,5.786e-05,0.00029942,0.00057859,3.761e-05,0.00023337,0.00024301,3.134e-05,0.00018274,0.00049421,2.845e-05,6.268e-05,1.88e-05,4.966e-05,0.00015333,0.00010704,0.00044455,0.0016109,0.00044696,4.677e-05,4.532e-05,4.436e-05,0.00014995,6.509e-05,0.00015477,3.23e-05,4.8e-07,2.7e-05,0.00022469,0.00011475,9.64e-06
idEpiSucc1,0.0862201,0.01958421,0.01598947,0.00268325,0.00506746,0.00188325,0.00543254,0.00145359,0.00951196,0.002911,0.00626124,0.00145263,0.01372967,0.0003134,0.00228325,0.00053158,0.00072392,0.00027368,0.00053254,0.00013062,0.00160574,0.00097273,0.00023589,0.00081722,0.06193876,7.943e-05,0.00024641,0.0011134,7.943e-05,0.00036316,0.00523732,0.0091799,0.00034067,0.00103158,0.00010574,0.00014306,1.818e-05,0.00012392,0.00053684,0.00065359,0.00057129,0.00020431,0.00035885,0.00014354,2.39e-06,5.598e-05,9.043e-05,0.0002177,2.727e-05,0.00017177,2.584e-05,2.536e-05,0.00012727,0.00014354,1.818e-05,2.775e-05,0.00033445,7.608e-05,9.187e-05,0.00056603,9.043e-05,0.00014354,0.00036459,0.00093397,4.45e-05,0.00068612,0.0004067,0.00014641,0.00020096,0.0001488,6.077e-05,1.627e-05,0.00025263,0.00020909,0.00024067,0.00031388,0.00022344,1.962e-05,3.589e-05,0.0005689,8.612e-05,6.89e-05,0.00344258,0.00019522,0.00069282,0.00102919,0.00017033,3.301e-05,0.00011914,0.00059378,3.301e-05,0.00020574,5.072e-05,0.00013828,0.0005311,0.00156029,1.818e-05,9.665e-05,0.0001,0.0021378,3.923e-05,9.761e-05,0.00017751,4.8e-07,9.713e-05,4.163e-05,0.00060096,2.727e-05,6.507e-05,0.00022967,7.99e-05,0.000211,0.00012584,0.00030239,5.167e-05,0.00117273,2.871e-05,3.78e-05,1.675e-05,0.00015311,4.31e-06
idEriArbu1,0.00671244,0.00149522,0.15940957,0.00519904,0.00774163,0.00712775,0.00104498,0.01875885,0.14024641,0.00390287,0.00026507,0.00104258,0.00062919,0.00018612,0.00024545,0.00046029,0.00090813,0.00092871,0.00015407,0.00046507,0.00083254,0.00084163,0.00061962,0.0004866,0.00288612,0.00074928,4.45e-05,0.00041053,3.062e-05,7.129e-05,6.651e-05,0.00030431,5.455e-05,7.225e-05,0.00043397,7.895e-05,7.18e-06,6.746e-05,8.182e-05,5.502e-05,6.268e-05,6.268e-05,3.206e-05,0.0001512,1.531e-05,0.00053971,5.263e-05,3.541e-05,3.923e-05,0.00010383,4.833e-05,3.11e-05,6.842e-05,8.995e-05,1.053e-05,0.00162632,1.962e-05,3.062e-05,0.00010957,3.732e-05,0.00034737,3.732e-05,2.201e-05,9.809e-05,4.737e-05,0.00010622,1.005e-05,6.938e-05,8.61e-06,2.39e-06,0.00014402,7.66e-06,2.536e-05,4.545e-05,2.01e-05,3.636e-05,4.45e-05,2.249e-05,0.00011148,1.531e-05,1.866e-05,1.34e-05,2.632e-05,2.057e-05,2.536e-05,1.244e-05,2.392e-05,1.675e-05,2.01e-05,1.962e-05,4.019e-05,7.895e-05,5.024e-05,5.74e-06,2.967e-05,2.105e-05,0.43810766,3.923e-05,0.00014163,7.66e-06,4.31e-06,2.536e-05,1.483e-05,5.26e-06,3.062e-05,2.823e-05,2.44e-05,6.603e-05,1.244e-05,1.244e-05,3.78e-05,2.727e-05,1.1e-05,1.1e-05,1.1e-05,4.78e-06,2.39e-06,1.292e-05,7.66e-06,3.83e-06,0.0
idEriPert2,0.01540737,0.00117137,0.10929871,0.00889852,0.00217855,0.14259215,0.00102776,0.01188655,0.04999282,0.00036716,0.00020297,0.01107228,0.04476448,0.00023504,0.00071039,0.00146003,0.0009124,0.00121781,0.00120728,0.00031211,0.00219962,0.00027669,0.00026711,0.00271805,0.00030685,0.00340019,3.016e-05,0.00065151,2.393e-05,0.00032408,1.197e-05,0.00018861,0.00019004,0.00105984,3.159e-05,6.415e-05,9e-05,0.00020775,7.037e-05,0.00017616,0.00014361,0.00015845,4.548e-05,1.915e-05,4.26e-05,3.638e-05,0.00027764,0.00010196,6.51e-05,0.00017137,0.00029009,9.43e-05,0.00015079,3.925e-05,4.978e-05,7.803e-05,0.00015941,0.00013547,0.00011967,0.00011776,0.00030206,0.00010148,0.00015079,0.00032887,2.058e-05,5.361e-05,3.351e-05,4.691e-05,7.18e-06,3.686e-05,0.00017855,2.202e-05,0.00011202,0.0001259,1.005e-05,2.25e-05,3.83e-05,5.314e-05,4.021e-05,0.00020153,2.202e-05,5.17e-05,1.532e-05,1.053e-05,0.0002494,1.005e-05,0.00012063,3.59e-05,1.963e-05,0.00027764,3.782e-05,3.064e-05,0.00011297,0.00066491,7.18e-06,0.00086357,0.00014888,1.197e-05,4.26e-05,5.697e-05,2.202e-05,1.34e-05,6.7e-06,1.91e-06,2.39e-06,6.558e-05,4.404e-05,4.787e-05,4.165e-05,4.787e-05,4.596e-05,7.18e-06,1.963e-05,0.00025275,2.393e-05,0.00017377,1.053e-05,6.22e-06,1.101e-05,8.14e-06,3.877e-05
idEriSepu1,0.01214492,0.04347135,0.04123303,0.00259027,0.02962109,0.04579538,0.00453972,0.00532643,0.038117,0.00181993,0.0010183,0.0036726,0.00246702,0.00017044,0.00030477,0.00822147,0.0003014,8.233e-05,0.00043332,0.0004598,0.01271931,0.0005585,0.00064324,0.00212229,0.00029321,0.00083341,0.00033895,0.00106981,9.34e-05,0.00916948,0.00021377,6.452e-05,0.0003168,5.826e-05,0.00018247,6.548e-05,2.07e-05,0.00014444,0.00011603,0.00029417,3.37e-05,5.055e-05,0.0004001,0.00012181,5.2e-05,0.00071016,0.00030043,8.666e-05,2.263e-05,0.07777756,0.00019162,6.403e-05,0.0006442,4.67e-05,1.781e-05,3.563e-05,8.233e-05,7.415e-05,0.00010159,3.659e-05,6.644e-05,7.607e-05,5.055e-05,5.537e-05,2.504e-05,4.863e-05,3.515e-05,3.322e-05,2.89e-06,0.00091911,6.885e-05,3.37e-06,4.622e-05,8.763e-05,0.00021521,7.22e-06,2.792e-05,8.18e-06,3.659e-05,4.044e-05,3.804e-05,0.00012229,8.955e-05,3.467e-05,1.252e-05,1.685e-05,3.467e-05,2.263e-05,1.685e-05,7.7e-06,0.00068801,0.0001921,0.00014588,3.755e-05,4.574e-05,7.22e-06,0.00022725,9.15e-06,0.00014925,3.226e-05,6.5e-05,6.837e-05,1.44e-06,1.541e-05,0.00056668,1.974e-05,3.37e-05,0.00011555,2.07e-05,7.7e-06,1.589e-05,1.44e-06,1.204e-05,2.022e-05,1.059e-05,0.00024314,4.33e-06,1.3e-05,4.622e-05,1.396e-05,8.859e-05
idEriTena2,0.07986925,0.01095642,0.05904454,0.01991571,0.00115038,0.00404789,0.01034531,0.00497318,0.00399761,0.00430795,0.00135345,0.00681897,0.00675144,0.00020833,0.00098898,0.00861255,0.00099952,0.02858812,0.00083764,0.00029885,0.00108956,0.00105412,0.00017912,0.00218008,0.00022557,0.1338592,0.00056609,0.00185584,0.000966,0.00375335,2.347e-05,0.00017146,0.00036398,0.00075144,9.962e-05,3.927e-05,7.184e-05,0.00045307,0.00020211,0.00808094,0.00108956,0.00018391,0.00013075,0.00027299,5.125e-05,0.00024473,0.00023563,0.00010249,0.00013841,0.00033238,0.00040996,6.849e-05,6.37e-05,4.646e-05,0.00012644,0.00018966,0.00017146,0.00033046,0.00719349,0.00011542,0.00016475,0.00051628,0.00032232,5.077e-05,4.262e-05,0.00179023,3.4e-05,7.998e-05,1.724e-05,3.4e-05,6.609e-05,9.387e-05,0.00035153,0.00027107,0.000375,5.603e-05,9.722e-05,0.0001705,1.724e-05,6.657e-05,1.006e-05,0.00011973,3.257e-05,3.257e-05,9.962e-05,0.00010201,0.00021791,3.544e-05,0.00010249,0.0003022,0.00021743,0.00012261,6.609e-05,5.125e-05,4.262e-05,2.443e-05,7.232e-05,8.14e-06,3.017e-05,8.285e-05,2.011e-05,1.054e-05,8.477e-05,0.00029023,2.299e-05,6.944e-05,0.00264464,0.00029023,0.0003022,1.485e-05,0.0001159,0.00589847,0.00011734,0.00058477,2.921e-05,0.0001523,3.83e-06,4.31e-06,1.245e-05,0.00010249,7.66e-06
idEupCoro1,0.01178869,0.04164686,0.03415668,0.01074557,0.02617489,0.01415812,0.00228366,0.00312362,0.08813608,0.00192094,0.00142118,0.00201677,0.00653713,0.00012746,0.00021322,0.00066363,0.00020604,0.000885,0.00070676,0.00075851,0.00057403,0.00108146,0.00013177,0.00052659,0.00022664,0.00096981,0.00031672,0.00083086,9.823e-05,0.00017873,4.983e-05,6.708e-05,6.852e-05,0.00016866,8.864e-05,0.00013896,1.533e-05,3.642e-05,0.00069765,5.654e-05,0.00054049,3.45e-05,9.919e-05,5.558e-05,1.006e-05,5.702e-05,0.00014566,0.00018064,7.331e-05,0.00078055,0.00032726,4.025e-05,8.673e-05,0.000115,3.45e-05,0.00113273,5.75e-05,3.833e-05,0.0003953,0.00014662,5.079e-05,0.00071921,5.558e-05,5.894e-05,3.45e-05,9.775e-05,6.71e-06,2.252e-05,2.156e-05,2.875e-05,1.054e-05,2.3e-05,6.708e-05,5.079e-05,9.823e-05,0.0001586,2.587e-05,2.3e-05,2.923e-05,0.00019406,1.102e-05,3.019e-05,4.648e-05,4.312e-05,0.00010014,6.181e-05,3.45e-05,1.821e-05,4.264e-05,0.00014758,3.594e-05,0.00040153,3.977e-05,2.252e-05,1.198e-05,3.019e-05,2.012e-05,5.654e-05,7.475e-05,0.00039003,1.725e-05,6.66e-05,7.906e-05,3.402e-05,7.19e-06,1.725e-05,2.971e-05,5.75e-05,3.69e-05,2.204e-05,7.044e-05,0.00021179,4.36e-05,1.821e-05,3.35e-06,1.677e-05,6.71e-06,0.0,1.054e-05,3.019e-05,1.44e-06
idEupLati1,0.35203746,0.02590058,0.05696013,0.01923535,0.00101921,0.01151873,0.01107157,0.00509174,0.0383367,0.00876225,0.00724688,0.0140658,0.04406916,0.0009952,0.0007853,0.00148463,0.00244621,0.01999856,0.00125216,0.00034822,0.00088809,0.00142555,0.000244,0.00086023,0.00089145,0.00041643,0.0055048,0.00144188,9.51e-05,0.00157301,0.00080596,0.00028722,0.00050624,0.00013833,0.00025168,0.000183,0.0001196,0.00012296,0.00049616,0.00025456,0.00010375,0.00054611,7.109e-05,0.0013122,3.746e-05,0.00079107,0.00044957,1.489e-05,1.201e-05,0.00010615,0.00060711,7.397e-05,0.00121422,0.00021182,8.501e-05,0.00021037,7.925e-05,0.00066475,0.00056436,2.594e-05,7.012e-05,0.0001537,8.79e-05,0.00034006,0.00019597,9.318e-05,9.13e-06,0.00012872,0.00017723,2.45e-05,4.707e-05,0.00098511,2.209e-05,0.00016859,7.349e-05,0.00012152,7.205e-05,2.209e-05,0.00010375,2.45e-05,0.0001316,0.00042699,0.00010999,7.109e-05,4.563e-05,0.00027714,0.00013593,4.467e-05,0.00024592,0.00012968,4.899e-05,4.8e-06,9.654e-05,6.34e-05,0.00013305,0.00018444,5.28e-06,4.227e-05,0.00013641,4.851e-05,4.755e-05,0.00014601,0.00029059,3.602e-05,2.017e-05,0.00010807,0.00011768,2.209e-05,1.057e-05,0.00013545,0.00015466,8.501e-05,4.131e-05,3.026e-05,4.899e-05,6.532e-05,5.716e-05,8.17e-06,0.00019116,5.62e-05,2.4e-06
idGymRotn1,0.12196088,0.00687929,0.02197805,0.00093464,0.00314599,0.00972996,0.00233063,0.00113168,0.02091412,0.00556775,0.00124427,0.00094943,0.00269895,0.00045372,0.00105868,0.00097281,0.00254151,0.00066412,0.00037834,8.874e-05,0.00034256,0.00401097,0.00027815,0.00235926,0.00015744,4.055e-05,0.00081107,0.00021135,0.00012977,0.00066651,0.00016698,0.00040172,0.00031918,0.00013025,0.00012834,1.431e-05,0.00109256,0.00040649,0.00035258,0.00070372,0.00088216,2.719e-05,3.578e-05,0.00077958,8.59e-06,0.00117891,0.00016269,3.435e-05,4.008e-05,8.588e-05,1.765e-05,0.00015506,0.00019323,0.00010639,6.441e-05,5.391e-05,0.00029962,0.00024427,0.00013168,0.00016031,2.242e-05,0.00169227,0.00031393,0.00027529,7.061e-05,4.055e-05,1.097e-05,0.00012834,5.773e-05,0.00024666,2.767e-05,0.00358206,0.00011737,7.443e-05,0.00088931,0.00020038,5.63e-05,4.532e-05,1.91e-06,0.00061355,0.00010496,0.00013168,6.25e-05,3.006e-05,8.588e-05,0.00011069,0.00028865,1.002e-05,2.147e-05,3.244e-05,0.00127529,4.866e-05,3.244e-05,0.00011116,1.097e-05,0.00017653,9.065e-05,2.815e-05,0.00012405,0.00021326,4.485e-05,0.00010115,2.39e-06,3.053e-05,1.145e-05,0.00012071,0.00118798,6.441e-05,4.29e-06,0.00014027,4.103e-05,0.00027195,4.628e-05,0.00018082,2.815e-05,3.82e-06,0.00010687,0.0,6.393e-05,4.437e-05,7.63e-06
idLeuLate1,0.44535769,0.01147326,0.04756686,0.0029852,0.07582569,0.0208978,0.0043978,0.00377173,0.00327746,0.01800239,0.0024766,0.00306065,0.00657927,0.00101624,0.00228749,0.00082856,0.00247182,0.00063658,0.00112034,0.00015521,0.00092693,0.00077507,9.36e-05,0.00047182,0.00915807,0.00012894,0.00030134,0.00029131,0.0001127,0.00072254,0.00021251,0.00032569,9.408e-05,0.00020057,0.00094365,1.815e-05,7.64e-06,0.0001958,0.00028223,0.00050573,0.00014088,7.736e-05,4.632e-05,0.00021012,1.337e-05,0.00011175,0.00023973,5.826e-05,0.00010363,5.158e-05,0.00016141,0.00010315,9.456e-05,5.54e-05,0.00025931,3.152e-05,0.00021872,8.023e-05,0.00017956,0.00050048,3.82e-05,0.00034909,5.922e-05,0.00011223,3.2e-05,0.00021872,7.593e-05,6.065e-05,7.116e-05,2.722e-05,2.961e-05,8.93e-05,0.00019675,5.731e-05,0.00014279,4.107e-05,0.00013563,0.00010029,0.00021203,0.00026839,0.00025119,0.000149,0.00899952,4.68e-05,0.00015616,0.00012894,0.00051289,1.433e-05,0.00012416,1.815e-05,4.919e-05,0.00020821,9.599e-05,0.00012416,9.79e-05,0.00021299,5.444e-05,9.265e-05,0.00020535,5.587e-05,1.815e-05,0.00029895,6.59e-05,2.436e-05,1.337e-05,3.868e-05,1.528e-05,1.242e-05,2.101e-05,0.00118052,2.388e-05,5.253e-05,4.346e-05,2.483e-05,1.146e-05,0.00048902,4.585e-05,3.82e-06,1.671e-05,5.778e-05,2.006e-05
idLypDubi1,0.59014758,0.00712602,0.00951797,0.01203977,0.0022482,0.02159943,0.03279444,0.0191126,0.0028965,0.00368376,0.00063201,0.00040153,0.00213848,0.00044562,0.00040153,0.00077144,0.00016195,0.00017393,0.00125587,0.00113416,0.00056397,0.00042932,0.00016435,0.000207,0.00110589,0.00030714,0.00018591,0.00046478,6.9e-05,0.00029324,0.00017681,0.00017345,0.0009794,0.00053713,0.00012889,0.00021418,1.821e-05,6.852e-05,5.558e-05,0.00027312,0.0002137,5.798e-05,0.00026402,0.00077432,2.06e-05,1.39e-05,0.00023239,0.00016148,4.025e-05,0.0002736,5.271e-05,2.492e-05,0.00016723,0.00039866,4.169e-05,0.00079828,8.241e-05,1.725e-05,4.839e-05,9.008e-05,8.433e-05,0.0001471,0.00070005,0.00030666,0.00025731,9.919e-05,0.00012841,8.673e-05,3.929e-05,0.00019693,8.146e-05,0.00016627,0.00017585,0.00013177,7.427e-05,0.0002827,8.002e-05,7.954e-05,7.092e-05,7.667e-05,2.06e-05,7.19e-06,6.181e-05,0.00014902,0.00019598,0.00015093,8.194e-05,8.05e-05,8.721e-05,1.198e-05,8.002e-05,2.731e-05,0.00027456,0.00010829,2.683e-05,9.056e-05,9.966e-05,0.00010254,0.00014135,0.00015046,0.00015093,0.00010589,5.989e-05,8.864e-05,3.019e-05,0.00036703,3.546e-05,0.00012889,3.354e-05,0.00010254,0.00018352,5.606e-05,2.87e-06,1.485e-05,3.833e-05,4.887e-05,2.012e-05,2.731e-05,1.773e-05,0.00017825,6.71e-06
idMacAtri3,0.04833558,0.00870203,0.02740116,0.00159499,0.00441851,0.01636789,0.00693105,0.00254581,0.00758775,0.00135198,0.10711138,0.00033751,0.00392141,0.00078737,0.00116297,0.00294744,0.0002541,0.00040453,0.00136258,0.00040646,0.0005135,0.00058486,0.00087078,0.00181485,0.01588814,4.388e-05,0.00040116,0.00147011,0.00013838,0.01023288,0.00041176,0.00218081,0.00407956,7.956e-05,0.00012006,2.604e-05,4.147e-05,0.00010174,0.00050241,0.00321601,0.00155786,0.00012681,0.00032932,0.00269238,8.1e-05,0.00023337,0.00854725,3.954e-05,7.136e-05,0.00016442,2.17e-05,0.00048216,0.00025506,0.00010608,7.811e-05,0.00011475,0.00018901,7.71e-06,4.195e-05,0.00020299,2.989e-05,0.00081823,0.00037271,0.00040791,3.568e-05,0.00013308,0.00011813,4.822e-05,0.00015477,0.00067936,1.784e-05,0.00031581,9.932e-05,1.977e-05,0.00041321,9.74e-05,0.00041996,0.00020974,9.45e-05,6.075e-05,1.061e-05,5.448e-05,4.243e-05,5.207e-05,0.00014224,0.00013597,6.268e-05,3.86e-06,4.195e-05,0.0001215,2.893e-05,0.00040453,8.679e-05,4.098e-05,4.82e-06,0.00029701,4.484e-05,4.532e-05,0.00028592,0.00018129,0.00022758,2.17e-05,2.17e-05,0.00036885,8.534e-05,5.4e-05,0.00039151,2.845e-05,3.905e-05,0.0023081,6.943e-05,8.438e-05,1.302e-05,7.715e-05,2.941e-05,0.00041176,7.473e-05,1.688e-05,2.363e-05,7.71e-06,1.205e-05
idMelAuri2,0.01375264,0.00217483,0.04147262,0.00830019,0.12628578,0.00206052,0.00084342,0.00168588,0.00129539,0.00051201,0.00041066,0.00060951,0.00297935,0.00158261,0.00258982,0.00062632,0.00028626,0.00058117,0.0006926,0.00042555,0.00081412,0.00166667,0.00014217,0.00023631,0.0001633,0.00050336,6.868e-05,0.00109846,0.00033477,0.00045005,7.541e-05,0.00012824,9.702e-05,0.0035682,7.109e-05,0.00012776,3.218e-05,6.052e-05,0.00024688,0.01457877,0.00023439,5.283e-05,0.00012632,4.275e-05,4.179e-05,3.939e-05,5.86e-05,2.834e-05,1.681e-05,0.00012968,0.00019404,0.00053458,8.453e-05,0.00031268,5.235e-05,8.838e-05,0.000244,6.196e-05,8.982e-05,8.694e-05,7.109e-05,9.99e-05,3.314e-05,5.091e-05,4.419e-05,0.00035831,9.366e-05,2.305e-05,4.419e-05,0.00034294,6.1e-05,7.68e-06,9.942e-05,1.105e-05,1.297e-05,0.00044524,1.681e-05,7.2e-06,0.00039433,4.515e-05,8.598e-05,0.00018396,4.035e-05,9.99e-05,8.886e-05,0.00010999,1.777e-05,2.161e-05,3.074e-05,3.17e-05,7.781e-05,4.131e-05,5.572e-05,0.00027474,2.354e-05,0.00017819,6.72e-06,4.179e-05,1.92e-06,8.65e-06,1.537e-05,3.89e-05,4.947e-05,1.249e-05,1.105e-05,0.00014649,6.868e-05,0.00010279,9.414e-05,6.628e-05,2.88e-06,0.3077171,2.161e-05,0.00022574,8.17e-06,2.834e-05,3.794e-05,6.436e-05,1.009e-05,2.69e-05,8.17e-06
idMelMell2,0.21310946,0.01045124,0.05641348,0.00573948,0.00597992,0.00274092,0.02085612,0.01449379,0.00540057,0.00302247,0.00157266,0.00194694,0.01253298,0.00199187,0.00199618,0.00313241,0.00060038,0.00033987,0.00080306,0.00040822,0.00345076,0.01788815,0.00053872,0.000174,0.00067973,0.00056836,0.00067256,0.00147419,8.891e-05,0.00017113,6.597e-05,0.00127342,0.00047753,0.00041969,0.00030402,1.769e-05,0.00069503,0.00071654,0.00032935,0.00047562,0.00028442,9.369e-05,0.00016969,0.00064914,1.338e-05,0.00101099,6.501e-05,0.0002414,0.00012285,0.00023184,6.31e-05,4.589e-05,0.00025956,4.015e-05,0.01119168,4.302e-05,0.00301769,2.87e-06,0.00031119,6.597e-05,0.00014532,0.00038193,9.608e-05,0.00017591,0.00072658,0.00022706,9.99e-05,0.00010373,4.971e-05,0.00010612,1.338e-05,1.052e-05,0.00028824,0.00059417,0.00019073,2.82e-05,0.00022419,6.31e-05,0.00031788,0.00014675,1.099e-05,6.692e-05,0.00020268,5.258e-05,7.17e-05,3.585e-05,1.625e-05,6.071e-05,0.0001587,2.916e-05,5.115e-05,0.00011998,0.00030163,0.00035851,2.008e-05,1.052e-05,0.00010468,2.103e-05,0.00061329,0.00035899,1.243e-05,0.00065918,5.21e-05,5.115e-05,3.155e-05,4.398e-05,0.00017734,0.00099044,5.067e-05,2.868e-05,0.00022658,0.00023757,1.338e-05,5.736e-05,8.13e-06,3.442e-05,2.581e-05,9.08e-06,0.00028872,0.00021224,6.21e-06
idMyaFlor2,0.00969083,0.01013442,0.00831205,0.00204945,0.00082477,0.00221315,0.00689102,0.01016851,0.00136342,0.0064796,0.00101488,0.00132837,0.01758089,0.00024532,0.00035526,0.00054969,0.00024388,0.00056937,0.00049592,7.633e-05,0.00242631,0.00017667,0.00019203,0.00024628,0.0002482,0.0001469,0.00010898,0.00314354,5.281e-05,3.937e-05,6.385e-05,0.00012674,6.577e-05,0.00032549,0.00010274,3.169e-05,0.00010754,9.842e-05,5.713e-05,0.12091455,3.937e-05,6.481e-05,0.00010802,3.601e-05,3.36e-06,1.44e-05,2.208e-05,8.16e-06,1.584e-05,2.736e-05,7.825e-05,1.632e-05,1.632e-05,0.00010034,1.296e-05,1.68e-05,8.401e-05,0.00018435,0.00012434,7.489e-05,3.409e-05,4.753e-05,2.976e-05,0.00013058,5.76e-06,0.00019491,1.2e-05,2.16e-05,0.00010274,1.968e-05,1.824e-05,2.832e-05,3.985e-05,0.00018867,8.353e-05,2.256e-05,4.609e-05,1.152e-05,1.68e-05,3.361e-05,6.24e-06,1.824e-05,3.36e-06,5.569e-05,2.16e-05,9.217e-05,8.16e-06,1.296e-05,1.872e-05,0.00016755,6.385e-05,5.76e-06,3.985e-05,1.44e-06,5.905e-05,2.352e-05,3.409e-05,9.698e-05,4.561e-05,1.68e-05,1.2e-05,3.217e-05,6.577e-05,3.36e-06,2.496e-05,4.849e-05,0.00256265,1.536e-05,3.36e-06,1.968e-05,1.776e-05,0.00456841,3.072e-05,1.008e-05,8.64e-06,2.16e-05,9.938e-05,5.28e-06,3.024e-05,1.104e-05,1.44e-06
idMyoTess1,0.62373184,0.00387763,0.00296224,0.00490105,0.00122897,0.02790201,0.00389532,0.00429685,0.00906836,0.00085086,0.00056453,0.00309751,0.0109957,0.00254159,0.0008413,0.00153633,0.00063576,0.00015344,0.00280832,0.00069981,0.00721845,0.00080832,0.00039006,0.00154063,0.00046128,0.00020889,0.00021128,0.00046033,0.00022706,0.00029015,6.453e-05,0.00014818,0.00072562,0.00048662,8.317e-05,8.604e-05,2.964e-05,0.0001391,0.00021176,0.00024426,0.00011711,0.00073566,0.00317782,0.00052103,2.725e-05,0.0001434,0.00026099,0.00014866,5.688e-05,0.00010277,5.927e-05,0.00012189,0.00010612,0.00013958,0.00013289,0.00037141,5.593e-05,4.589e-05,0.00011711,2.247e-05,0.0001826,0.00036472,0.00034369,0.0012653,7.696e-05,0.00042925,5.402e-05,0.00014054,1.147e-05,0.0001587,6.023e-05,2.964e-05,0.00014388,4.111e-05,0.00011281,0.00011663,6.692e-05,0.00014149,3.489e-05,0.00026386,4.541e-05,7.553e-05,7.027e-05,6.836e-05,0.00259512,0.00060421,0.00021558,0.00012715,5.736e-05,4.35e-05,0.00013289,0.00021558,3.155e-05,7.314e-05,9.56e-06,0.00012572,0.00020698,2.342e-05,4.159e-05,2.247e-05,0.00013384,2.629e-05,3.681e-05,9.751e-05,0.00012189,0.00082744,8.604e-05,9.943e-05,0.0001587,0.00021702,0.00012763,4.063e-05,9.226e-05,0.00012667,0.00027294,8.317e-05,1.577e-05,1.96e-05,8.078e-05,3.394e-05,1.769e-05
idNemNigr1,0.36050287,0.0255091,0.10481992,0.00143822,0.04939511,0.00110584,0.0110613,0.00257854,0.00363362,0.02707423,0.00289224,0.00065086,0.00632902,0.00033669,0.00181992,0.00198994,0.00095067,0.16939703,0.00026628,0.0002591,0.00150048,0.00198276,0.0001863,0.00032328,0.00063362,0.00011255,0.00011351,0.00024713,0.00010153,0.00111063,0.0005182,0.00018199,0.0001523,0.00026102,5.46e-05,4.454e-05,8.094e-05,5.46e-05,0.00040182,0.0001092,0.00010441,0.00011877,9.674e-05,9.243e-05,8.14e-06,6.322e-05,6.513e-05,5.556e-05,0.00018008,6.082e-05,4.646e-05,0.00011782,0.00014655,0.00012692,4.071e-05,6.034e-05,0.00015517,2.155e-05,7.519e-05,0.00023659,0.00070067,0.00023372,4.981e-05,0.00010967,8.812e-05,0.00096983,0.00065709,0.00012883,0.00013075,0.00014943,1.437e-05,2.011e-05,0.0001408,0.00025335,7.471e-05,0.00023755,4.789e-05,4.933e-05,5.029e-05,7.136e-05,0.00016379,0.00056849,0.0006317,0.00011398,0.00010105,0.00013841,1.58e-05,3.065e-05,0.00012835,2.921e-05,2.874e-05,0.00015517,9.866e-05,3.736e-05,0.00043439,0.00016188,4.837e-05,9.818e-05,8.094e-05,0.00021408,7.088e-05,3.448e-05,8.86e-05,3.592e-05,0.0002069,9.626e-05,3.257e-05,1.293e-05,2.443e-05,0.00031466,4.837e-05,0.00111446,0.00030364,3.209e-05,4.454e-05,2.203e-05,5.75e-06,4.55e-05,5.75e-06,6.322e-05,7.04e-05
idNeoCyan1,0.10950623,0.01178496,0.0181681,0.00298707,0.02959722,0.00971025,0.00189272,0.00187261,0.00140182,0.00704502,0.00277395,0.00091619,0.03479071,0.00706609,0.00484483,0.00039655,0.00044301,0.00068151,0.00082998,0.00096169,0.00029885,0.00030077,0.00065613,0.0007251,0.00114033,0.00020354,0.00048084,0.00080987,8.477e-05,0.00293199,0.00248036,0.00063602,0.00013602,0.00055029,7.902e-05,0.00034674,2.347e-05,0.0003295,0.00072174,0.00017289,0.0009205,0.0002864,0.01030125,0.00022366,7.807e-05,0.00010632,0.00010249,0.00016619,0.00012739,0.00015326,6.897e-05,0.00039176,0.00046839,0.00035249,7.759e-05,0.00018247,0.00027299,6.274e-05,9.531e-05,0.00018822,0.00034004,0.00056082,0.00041906,0.03753927,5.987e-05,0.00027634,0.00133573,3.927e-05,0.00015517,0.00025718,0.00012692,0.00018774,0.00020163,0.000284,9.579e-05,0.00316188,0.00023372,0.00134339,0.00017385,0.00020354,0.00055651,2.251e-05,0.00031801,0.00090852,0.00013362,0.00013745,9.435e-05,0.00013362,0.00018008,0.00012883,2.73e-05,7.519e-05,8.956e-05,0.00019971,0.0001499,0.00030795,0.00093008,6.753e-05,0.00057471,0.00021504,7.998e-05,0.00027969,2.538e-05,1.245e-05,4.693e-05,0.00031466,0.00162117,0.00022845,0.00020929,0.00010345,0.00045977,1.92e-06,5.27e-06,1.389e-05,6.513e-05,0.00012165,1.149e-05,0.00044875,0.00018966,0.00010105,2.969e-05
idNeoInte1,0.14115108,0.05303309,0.02241871,0.01599376,0.0088494,0.0057271,0.00572422,0.00878225,0.00708106,0.00153237,0.00204029,0.00249305,0.01183357,0.000553,0.00036403,0.00536882,0.00042014,0.00035156,0.00082734,0.00029496,0.00235204,0.00093573,0.00073621,0.00163357,0.00029161,0.01035971,0.00015731,0.00042398,0.00018561,0.00058129,0.00024269,0.00010935,0.00016259,0.00038417,3.405e-05,1.007e-05,5.995e-05,0.00012182,0.00023837,0.00022062,3.453e-05,0.00019376,0.00040911,7.578e-05,9.59e-06,0.00028537,0.03967578,8.249e-05,0.0001717,0.0003554,6.331e-05,2.782e-05,0.00011655,5.659e-05,0.00019952,1.391e-05,0.0044518,1.823e-05,0.00055779,4.412e-05,0.00022206,0.09138321,0.0001036,4.892e-05,0.00024365,0.00057458,2.782e-05,7.962e-05,2.158e-05,8.345e-05,1.439e-05,2.11e-05,0.00054245,9.784e-05,7.818e-05,1.631e-05,0.00011463,2.254e-05,5.612e-05,0.00017794,1.295e-05,8.201e-05,2.062e-05,1.966e-05,0.00013429,1.631e-05,5.28e-06,7.578e-05,7.914e-05,1.44e-06,1.103e-05,1.583e-05,3.07e-05,5.803e-05,6.379e-05,3.261e-05,0.00014005,5.612e-05,0.00011031,9.832e-05,8.585e-05,3.213e-05,6.24e-06,6.71e-06,0.00014053,0.00021439,3.36e-06,6.763e-05,1.631e-05,4.796e-05,4.317e-05,7.098e-05,2.686e-05,8.153e-05,9.6e-07,9.59e-06,3.36e-06,2.4e-06,6.811e-05,5.28e-06,4.8e-07
idNepAppe1,0.49644423,0.00688655,0.01041599,0.00200766,0.00255098,0.00138535,0.01574629,0.00512781,0.00584203,0.00215606,0.00111154,0.00082049,0.00317042,0.00061082,0.00072906,0.00078363,0.00059023,0.00102346,0.00024749,0.00013787,0.00419627,0.00070273,0.0001551,0.00037051,0.00047966,0.00100287,0.00031307,0.00036908,0.00013356,0.00016994,0.00011584,0.00044375,0.00174007,0.00017616,2.202e-05,0.00010292,3.686e-05,2.393e-05,9.574e-05,0.00035902,3.016e-05,0.00012542,9.526e-05,0.00031786,5.74e-06,0.00013116,0.00040402,0.00048253,0.00010053,8.425e-05,5.936e-05,8.856e-05,0.00020057,3.925e-05,7.276e-05,0.00018861,9.335e-05,0.00011202,0.00097224,4.835e-05,0.00052609,7.994e-05,0.00024797,7.085e-05,3.734e-05,0.00365247,0.00015893,6.893e-05,8.14e-06,5.026e-05,2.298e-05,2.011e-05,0.00021063,0.00066012,6.223e-05,8.329e-05,1.819e-05,3.351e-05,6.415e-05,0.00015749,0.00015941,8.377e-05,0.00044615,0.00028578,2.537e-05,8.14e-06,5.361e-05,4.787e-05,0.00033461,0.00015175,2.968e-05,9.526e-05,0.00024509,0.00013691,0.00052322,6.367e-05,5.601e-05,6.7e-06,0.00022595,0.00018047,1.245e-05,5.074e-05,6.75e-05,2.872e-05,0.00025036,3.973e-05,0.00024318,9.43e-05,5.361e-05,1.34e-05,0.0001709,0.00029727,1.58e-05,0.00011537,4.931e-05,8.138e-05,1.91e-06,0.00010771,2.729e-05,2.202e-05,2.393e-05
idNepFlae1,0.15344092,0.00270941,0.0585389,0.00223679,0.00156772,0.11443516,0.00175648,0.00390874,0.00242843,0.00241979,0.0003122,0.00064361,0.00585687,0.0796633,0.00049808,0.00039241,0.00062392,0.33154899,0.00021422,0.00029347,0.00022526,0.00027041,0.00021614,0.00111527,0.0001878,0.00014409,0.00010999,0.00143276,0.00015514,0.0003098,0.00013881,0.0004097,0.00160279,0.00011527,0.00016042,7.397e-05,4.275e-05,9.126e-05,0.00028915,0.00042843,0.00017051,0.00025696,2.786e-05,0.00016523,2.498e-05,6.052e-05,0.00070125,0.00019741,5.235e-05,0.00010903,2.738e-05,0.00010471,4.851e-05,0.00019212,6.82e-05,8.934e-05,6.868e-05,0.00010375,0.00012392,4.611e-05,7.157e-05,0.00022959,0.00019549,4.083e-05,7.157e-05,9.462e-05,9.13e-06,3.65e-05,1.345e-05,0.00014553,0.00048079,5.379e-05,3.698e-05,0.00044621,4.851e-05,1.297e-05,3.89e-05,2.93e-05,8.309e-05,0.00011575,0.00010999,4.275e-05,3.794e-05,4.803e-05,0.00016859,2.017e-05,0.00011191,4.707e-05,0.00010134,0.0002853,7.733e-05,4.227e-05,5.76e-06,3.698e-05,5.331e-05,0.00026465,0.00064361,2.498e-05,0.00022382,0.00015034,6.628e-05,3.554e-05,5.764e-05,6.24e-06,0.00014697,2.402e-05,0.00011479,0.00012056,8.838e-05,2.45e-05,7.829e-05,3.89e-05,4.035e-05,4.515e-05,6.628e-05,4.275e-05,1.921e-05,2.354e-05,4.419e-05,3.458e-05,3.36e-06
idNepScut1,0.04922217,0.00254472,0.0211294,0.01550571,0.0134667,0.00211275,0.00272265,0.02758373,0.00257612,0.00083302,0.00418411,0.00174786,0.00619981,0.0430452,0.00923739,0.00444814,0.00166889,0.0002569,0.00741294,0.000402,0.00059372,0.00087155,0.00058944,0.00054995,0.00115176,0.00020266,0.00079543,0.00286394,2.236e-05,0.00071265,0.0001118,0.00019553,0.00016127,0.00067317,4.995e-05,9.42e-05,0.000147,0.00022312,0.00061751,0.0003687,0.00036013,0.00022835,0.00031066,0.00109848,0.00012464,0.00143911,0.00033873,0.00033539,2.046e-05,0.0011156,3.473e-05,4.853e-05,0.00092864,0.00010228,0.03859467,1.522e-05,0.00016127,2.521e-05,0.00033587,0.00023311,0.00036822,6.803e-05,0.00115081,0.00064605,0.00083682,0.00011798,0.00029781,7.802e-05,0.00125595,0.01822169,3.853e-05,0.00010371,0.00010086,0.00110561,0.00012512,9.467e-05,0.00060371,4.615e-05,0.00022978,0.00010419,0.00018887,0.00034776,0.00404282,0.00016223,0.00246717,8.658e-05,0.00028592,0.00061989,0.00042245,3.853e-05,0.00018982,0.00038963,0.00013939,4.234e-05,0.00027069,0.00018221,2.807e-05,6.851e-05,0.00011323,4.662e-05,0.00012892,0.00026832,6.898e-05,4.8e-07,0.00081827,0.00013321,0.00011846,6.327e-05,0.00019315,0.0018844,0.00083635,4.76e-06,4.805e-05,7.374e-05,6.137e-05,0.00141912,1.189e-05,4.615e-05,7.755e-05,0.00043149,3.378e-05
idNowFero1,0.06999236,0.00174152,0.03578643,0.00440994,0.00436359,0.00824319,0.00118012,0.00327711,0.05498758,0.00064501,0.00038605,0.00098567,0.00808791,0.00157,0.00332203,0.00118395,0.00056426,0.0002795,0.00133875,0.00323889,0.0015614,0.0007979,0.00118538,0.00054658,0.00081271,0.07415815,7.979e-05,0.00113951,0.0001978,0.00038939,6.068e-05,0.00015671,0.00041902,0.00072432,5.542e-05,0.00026804,0.00718872,7.023e-05,0.00012183,0.00158098,5.972e-05,6.355e-05,0.00022408,0.0001935,1.72e-05,0.00012805,0.00020067,5.017e-05,8.935e-05,0.00035165,3.679e-05,0.00414333,0.00043669,0.00066985,0.00016484,0.00031056,0.0971849,2.007e-05,0.00013378,0.00019924,0.00032824,0.00105447,0.00072862,0.00047874,4.921e-05,3.536e-05,3.34e-06,5.638e-05,2.867e-05,0.00015002,3.058e-05,5.925e-05,0.00032967,0.00051266,0.00016245,0.00022265,7.023e-05,4.682e-05,0.00011992,0.00054467,0.03566555,0.00016961,4.252e-05,6.689e-05,8.6e-05,0.00044529,1.099e-05,5.829e-05,8.218e-05,4.826e-05,0.00011897,4.157e-05,0.00022695,4.204e-05,1.816e-05,0.00022695,0.00012422,5.112e-05,0.00022886,5.017e-05,3.583e-05,0.00041854,2.15e-05,0.00015719,0.00040994,0.00051457,0.00124892,5.303e-05,0.00014811,7.119e-05,7.023e-05,0.00017057,0.00012279,5.351e-05,1.72e-05,8.887e-05,8.12e-06,2.389e-05,0.0,0.00041233,1.194e-05
idPheCory1,0.32654101,0.00777314,0.11698849,0.00440863,0.00857554,0.01739856,0.01472854,0.00861103,0.01556882,0.02223741,0.00031703,0.00165803,0.02656595,0.00083165,0.00105372,0.0010048,0.00028825,0.00127338,0.000494,0.0004753,0.00066283,0.00060671,0.00046715,0.00044844,0.00090168,0.00021295,4.892e-05,0.00133046,2.542e-05,0.00045707,0.0002777,8.729e-05,0.00286283,0.0005458,0.00026906,6.043e-05,0.00012278,5.707e-05,0.00010168,9.736e-05,0.00038657,4.412e-05,6.667e-05,0.00013765,0.00013717,3.213e-05,0.00015348,3.885e-05,0.00060432,0.00039616,0.00012902,9.59e-06,0.00012998,0.0004024,0.00015827,0.00086667,0.0005223,9.832e-05,0.00201918,7.242e-05,5.659e-05,0.0038753,4.604e-05,5.372e-05,0.0001482,0.00077314,0.000694,8.63e-06,2.782e-05,0.00013573,0.00022638,3.022e-05,0.00016739,0.00158897,3.213e-05,0.00034436,2.974e-05,0.00011703,7.722e-05,0.00021295,7.29e-05,5.995e-05,0.00011655,0.00018801,0.00032566,4.748e-05,0.00012374,4.365e-05,0.00014197,1.823e-05,0.00019664,0.00056115,0.00076882,0.00079856,0.00015108,0.00020767,9.11e-06,0.00014676,0.00020576,0.00037842,5.228e-05,7.29e-05,0.00013957,6.139e-05,4.221e-05,0.00239616,0.00061727,0.0003271,0.0001482,0.00020384,0.00019568,0.00020432,7.05e-05,0.00011751,0.00070552,4.029e-05,1.44e-06,2.88e-06,7.146e-05,0.00061679,1.92e-06
idPhyMeln1,0.01457492,0.00249593,0.06493633,0.00715797,0.0017865,0.00284107,0.00290761,0.00268023,0.04672188,0.00059454,0.00534945,0.02665294,0.00452178,0.000281,0.00124844,0.00163763,0.00082288,0.00024414,0.00057539,0.00030541,0.00064385,0.00099904,0.00043849,0.00187171,0.00056103,0.0006673,0.0001776,0.00379847,0.00378267,0.00018573,0.00178267,0.00027094,0.00149497,0.01769603,8.808e-05,2.92e-05,2.202e-05,0.00029248,0.00011393,0.00383724,0.00011202,7.085e-05,3.686e-05,0.0002068,4.213e-05,0.0007506,8.377e-05,0.00026424,4.79e-06,0.00012111,0.0001752,0.00040881,0.00053806,0.0003461,8.377e-05,3.447e-05,9.143e-05,5.649e-05,0.00033365,4.739e-05,6.032e-05,9.574e-05,0.00101197,0.00017616,3.83e-05,0.000146,2.968e-05,5.697e-05,3.303e-05,4.452e-05,8.569e-05,0.00014505,0.0004136,0.00041072,0.00038344,2.92e-05,0.00091479,0.00092772,3.59e-05,0.0001752,3.303e-05,2.25e-05,1.58e-05,6.22e-06,4.643e-05,0.00016611,0.0010876,5.17e-05,0.00861034,0.00024079,0.0001484,2.25e-05,0.00023217,3.638e-05,3.112e-05,3.112e-05,3.973e-05,4.213e-05,4.596e-05,1.963e-05,0.0001977,0.00052609,3.064e-05,8.14e-06,5.984e-05,3.59e-05,9.239e-05,5.026e-05,0.00012207,2.154e-05,1.149e-05,0.0005213,1.388e-05,0.00011489,4.31e-06,6.271e-05,1.91e-06,4.79e-06,3.064e-05,6.367e-05,3.35e-06
idPlaAlba1,0.06983772,0.0144629,0.01590282,0.00484394,0.00418095,0.00662901,0.0170809,0.02721398,0.00187171,0.00216611,0.00266156,0.00265199,0.00309095,0.06164672,0.0019866,0.00101915,0.00089517,0.0002044,0.00031642,0.00030589,0.00065247,0.00181427,0.00018286,0.00104643,0.0002585,0.00053279,0.00049354,0.00095931,0.00041647,0.00061896,0.00021876,0.05295548,0.0005821,0.00024605,0.00011106,6.558e-05,3.351e-05,8.425e-05,0.00024174,0.00074725,9.813e-05,0.00016563,4.835e-05,0.00052944,1.484e-05,0.00045764,0.00066395,7.516e-05,0.00011345,5.697e-05,0.00010627,5.457e-05,9.335e-05,0.00019148,0.28269938,8.952e-05,7.324e-05,6.845e-05,0.00026137,0.00026472,0.00010101,0.00023983,0.00022355,6.702e-05,2.058e-05,7.611e-05,9.526e-05,4.356e-05,7.18e-06,7.611e-05,0.00013691,7.946e-05,0.00013164,0.00046721,7.228e-05,5.649e-05,0.00020632,4.356e-05,0.00013547,0.00014217,6.654e-05,8.473e-05,5.074e-05,0.00010388,6.175e-05,0.00032312,0.00018143,4.452e-05,9.287e-05,0.00017903,0.00019866,7.755e-05,0.00030254,0.00019962,3.35e-06,7.803e-05,0.00036955,2.729e-05,0.0003619,6.798e-05,2.585e-05,0.00033174,2.346e-05,0.00017472,1.245e-05,6.175e-05,3.638e-05,0.00056774,2.681e-05,2.346e-05,2.776e-05,0.00012638,3.638e-05,1.005e-05,2.441e-05,0.00010005,1.005e-05,7.66e-06,0.00017281,0.00016371,4.79e-06
idPlaAlba4,0.20813436,0.00618618,0.1008714,0.00129127,0.00293426,0.00877831,0.00410797,0.00165643,0.00491363,0.00889155,0.00324376,0.00046689,0.02758589,0.06936132,0.00126344,0.00116171,0.00898081,0.00301296,0.00057198,0.00056814,0.00447889,0.00158541,0.00022649,0.00045345,0.0004261,4.99e-05,0.00023944,0.00146209,0.00073992,0.00045777,0.00083109,0.00011612,0.00015979,0.00010797,0.00051727,8.205e-05,0.00028455,9.789e-05,8.349e-05,0.00083685,0.00033973,6.286e-05,0.0004405,0.00016075,5.71e-05,2.783e-05,5.614e-05,0.00053407,2.207e-05,0.00023369,1.775e-05,0.00028599,0.00063676,5.374e-05,0.32355326,2.159e-05,9.357e-05,0.00663724,9.405e-05,2.975e-05,0.0001262,0.00016555,0.00014923,0.00026152,0.00011948,8.637e-05,1.919e-05,0.0012548,4.32e-06,0.00013388,7.006e-05,1.919e-05,4.271e-05,6.526e-05,0.0002001,0.00017466,8.733e-05,3.503e-05,2.975e-05,0.00037668,0.00016987,7.917e-05,0.00011756,0.00011132,0.00011516,0.00010797,4.223e-05,1.392e-05,6.238e-05,3.071e-05,3.311e-05,3.311e-05,6.046e-05,0.00020393,0.00012716,0.00019146,3.743e-05,0.0001857,2.447e-05,0.00019146,5.71e-05,0.00010557,2.88e-06,5.71e-05,4.271e-05,0.0004237,5.038e-05,9.453e-05,1.919e-05,6.958e-05,0.00019386,0.00099232,1.152e-05,2.063e-05,4.415e-05,8.493e-05,2.639e-05,2.447e-05,0.00030326,6.622e-05,1.296e-05
idPoeNobi2,0.03170543,0.00302336,0.00539418,0.00733413,0.00091277,0.005255,0.0050367,0.00190372,0.00066063,0.00206292,0.00704766,0.00056435,0.00194233,0.00105052,0.00101716,0.00216015,0.00028551,0.00018732,0.00098522,0.00087798,0.00077693,0.00031125,0.00079504,0.00019161,0.00086368,0.00049952,0.00038179,0.00078551,0.00113394,0.00019542,0.00010391,0.00045949,0.00012679,0.00012726,7.054e-05,0.00013584,3.003e-05,4.766e-05,0.00122688,0.00027216,0.0024142,0.00039943,0.00017255,0.00042993,3.956e-05,0.00023737,0.00039085,4.051e-05,5.672e-05,7.531e-05,2.288e-05,0.00028932,9.962e-05,0.0066082,0.00010867,0.00035605,0.00010677,3.194e-05,0.00017541,4.433e-05,0.0001163,3.527e-05,0.00030553,5.529e-05,0.00015062,8.818e-05,1.478e-05,9.724e-05,1.001e-05,0.00024738,2.383e-05,0.00134795,8.151e-05,0.0002755,1.764e-05,1.335e-05,0.00018827,0.00020543,9.53e-06,0.00112011,4.576e-05,5.529e-05,1.287e-05,0.00037178,8.294e-05,0.00018732,4.242e-05,5.72e-05,8.818e-05,0.00012393,2.622e-05,5.005e-05,6.053e-05,0.00012726,5.72e-05,1.001e-05,1.382e-05,5.052e-05,0.00045281,0.00039895,0.00021735,0.00047569,1.001e-05,0.00102908,0.00010248,6.435e-05,0.00017827,0.00027121,2.383e-05,2.765e-05,3.051e-05,8.627e-05,2.86e-06,9.5e-07,7.674e-05,4.29e-06,2.86e-06,2.38e-06,5.386e-05,3.384e-05,1.239e-05
idPolAmen1,0.34403217,0.00201152,0.07240951,0.00672972,0.02732165,0.00176668,0.00143399,0.03316803,0.00467595,0.00057369,0.00219011,0.00063514,0.00227844,0.00056457,0.01366683,0.0711373,0.00024388,0.00022756,0.00696495,0.00078589,0.00031637,0.00064666,0.00111282,0.00036438,0.00025348,0.00041191,0.00037974,0.0004964,0.00018003,0.00049208,5.761e-05,0.00063322,0.00042247,0.00147912,9.89e-05,0.00035958,6.625e-05,0.00022036,0.00024388,0.00042631,0.00031493,0.00017475,0.0002266,0.00048392,6.289e-05,0.00021411,0.00036774,0.00034902,0.00015891,0.00082141,1.968e-05,7.537e-05,0.004241,0.00053577,7.633e-05,0.00012098,0.00045991,1.44e-06,0.00014018,0.00156793,0.00028853,0.00415506,0.0009011,0.00042055,0.00013394,0.00028853,0.00043399,2.736e-05,1.824e-05,0.00109169,0.00013298,0.00050408,7.969e-05,0.00027268,0.00025444,6.481e-05,0.00017139,0.00032741,0.00029525,0.00016611,8.881e-05,0.00022228,9.602e-05,0.0001349,0.00014402,0.0001493,0.0001229,0.00016131,0.00010178,0.00014978,0.00038166,0.00017043,0.00021411,0.0001205,1.44e-05,0.00013202,0.00013202,5.665e-05,0.00406913,7.153e-05,6.193e-05,0.00054729,0.00011186,0.00016851,0.00028901,0.00107057,0.00022948,2.448e-05,0.00028229,0.00217427,7.393e-05,0.00032693,3.745e-05,0.00017619,5.905e-05,0.00188142,4.417e-05,0.0,0.00050024,8.641e-05,2.88e-06
idPolAngu1,0.44292679,0.00314115,0.05185072,0.00632823,0.02732584,0.00270718,0.00129043,0.01705933,0.00239091,0.00103923,0.00802105,0.00124115,0.00182584,0.00035407,0.00349378,0.07426699,0.0003378,9.617e-05,0.00151244,0.00024545,0.00023732,0.00042105,0.00039713,0.00230574,0.0004177,0.00027081,0.00051388,0.00089378,0.00019282,0.00020766,0.00018565,0.00031053,7.321e-05,0.00077177,0.00011675,0.00020383,0.00015455,0.00010287,0.00017656,0.00214641,0.00058134,0.00018086,0.00070813,0.00046842,0.00013062,0.00013206,0.00085407,0.00029904,0.00044402,0.00018038,9.569e-05,0.00012727,0.0002799,0.00071005,6.89e-05,6.411e-05,0.00144545,3.923e-05,0.00029904,0.00032679,0.00013684,0.00014689,0.00051483,0.00039091,6.555e-05,0.00018421,0.00043876,9.952e-05,0.00067751,0.00107464,0.00010144,0.00012153,0.0001445,0.00035455,0.00046507,7.321e-05,0.00031292,0.00036124,5.74e-06,0.00020909,0.00010096,0.00046077,8.086e-05,0.00030431,0.00057225,0.00040383,3.014e-05,3.349e-05,0.00060096,0.000211,7.081e-05,0.00028182,0.00065981,0.00011244,0.00014211,0.00026938,0.00015933,0.000389,0.00020287,0.00034689,0.00037225,0.00012344,8.373e-05,0.00013158,0.00011005,0.00043589,5.215e-05,6.699e-05,9.187e-05,0.00038086,5.74e-06,7.99e-05,3.11e-05,0.00013445,2.39e-06,0.00055837,5.26e-06,1.44e-06,1.627e-05,0.0001,6.7e-06
idPolDomi1,0.08000576,0.00419424,0.10488825,0.00801151,0.00716499,0.00182158,0.00326235,0.02561199,0.00171894,0.00135827,0.00048106,0.00145372,0.00395396,0.00105755,0.00461247,0.00087146,0.00071703,0.00212326,0.00046715,0.00044988,0.00023261,0.00211847,0.00012854,0.00024125,0.00030839,0.00083357,9.017e-05,0.00044125,0.00282638,0.0005741,0.00013717,8.393e-05,0.00126954,0.00079185,5.947e-05,9.209e-05,0.00012758,0.00020096,0.00035827,0.00029688,0.00150024,3.741e-05,0.0001247,5.084e-05,0.00034005,7.914e-05,6.571e-05,9.448e-05,0.00499712,0.00028681,7.626e-05,8.681e-05,0.00024412,0.00345947,0.00028489,9.688e-05,7.338e-05,2.638e-05,0.00097122,0.00116115,0.00021295,0.0041247,0.00025564,7.242e-05,6.235e-05,0.00041679,0.00014964,3.837e-05,2.11e-05,0.00120384,7.098e-05,4.8e-06,0.00033429,0.0009012,5.612e-05,0.0001482,2.686e-05,7.05e-05,0.00017986,0.00034341,8.489e-05,0.00012902,0.00092374,0.0004211,5.372e-05,0.00403645,0.00041391,3.741e-05,0.0001271,9.305e-05,0.00080096,0.00039233,2.638e-05,0.0001199,4.988e-05,0.00022878,2.926e-05,0.00049784,0.00662254,0.0001741,1.343e-05,0.00021151,6.859e-05,0.0003976,6.187e-05,2.686e-05,0.00010887,2.302e-05,0.00021583,2.062e-05,4.317e-05,0.00046043,5.28e-06,4.508e-05,0.00016115,0.00025516,2.062e-05,9.6e-07,0.00083261,0.00012614,1.343e-05
idProAzur1,0.19569895,0.00606088,0.12530297,0.00922579,0.19976798,0.00622435,0.00677085,0.0047953,0.00175168,0.0017464,0.00056088,0.00146692,0.04405944,0.00035091,0.00039789,0.00183941,0.00035523,0.00890796,0.00046548,0.00061601,0.00226079,0.00032982,0.00033797,0.00044823,0.00022579,0.00077469,0.00051103,0.0017047,0.10484036,0.00086721,0.00149712,0.00030633,0.00080105,0.00015532,0.00010642,3.691e-05,7.287e-05,0.0001836,0.00015964,0.00024209,6.951e-05,0.00042665,0.0005187,0.00015724,1.342e-05,0.00021141,0.00072579,0.00015724,0.00032023,5.513e-05,5.177e-05,1.63e-05,7.718e-05,0.00119223,6.616e-05,5.705e-05,3.068e-05,5.321e-05,0.00175216,1.055e-05,0.00010786,2.876e-05,0.00037105,0.00017162,4.267e-05,0.00056088,7.91e-05,1.246e-05,4.41e-05,0.00042282,4.938e-05,7.67e-06,0.00024017,8.869e-05,2.253e-05,8.725e-05,3.931e-05,2.685e-05,0.0001697,6.999e-05,4.267e-05,0.00021381,4.65e-05,0.00072819,0.00015868,3.068e-05,6.376e-05,0.00016347,4.746e-05,1.726e-05,0.00015292,5.034e-05,0.00021956,4.698e-05,4.65e-05,3.595e-05,8.15e-06,0.00022148,5.705e-05,0.00013327,0.00025264,1.87e-05,6.04e-05,5.75e-06,7.574e-05,0.00021045,0.00020374,5.609e-05,3.116e-05,1.534e-05,5.801e-05,0.00019223,1.007e-05,0.00065436,4.79e-06,4.314e-05,5.465e-05,0.0,6.903e-05,1.774e-05,1.294e-05
idRhiCamp1,0.05087751,0.00584833,0.07577273,0.04470144,0.01283254,0.01426268,0.04143397,0.01114163,0.00344545,0.00162488,0.0037555,0.00169043,0.00295646,0.00108708,0.00190718,0.00304354,0.00112632,0.00045024,0.00080096,0.00038517,0.00014641,0.00079139,0.00020574,0.00138278,0.00016124,0.00052823,0.00202057,0.00303923,0.00283541,0.00091866,0.00036842,0.00010813,0.00045407,0.00166124,3.923e-05,6.077e-05,0.00019904,3.828e-05,0.00109091,0.00054976,0.00209091,0.00011818,0.00076172,0.01720813,5.311e-05,0.00115694,0.00069378,0.00064258,0.0001134,0.00763397,5.407e-05,7.225e-05,0.00051435,0.00083014,0.00022536,6.89e-05,0.00072297,1.005e-05,0.00649856,0.00268278,0.00010813,0.0025445,0.00046029,7.225e-05,0.00015024,0.00032297,0.00020239,0.00011196,0.00036842,0.00037608,0.00015694,0.00010335,6.699e-05,0.00016651,0.00033062,8.61e-06,0.00080096,0.00212392,7.512e-05,0.00014545,0.00018134,0.00013254,0.00020718,0.00022679,6.842e-05,0.00102919,1.77e-05,0.00032823,0.0001244,3.541e-05,9.474e-05,4.067e-05,0.03970191,0.00069139,0.00011244,0.00045789,0.00019952,3.684e-05,0.00043062,0.00127321,0.00012392,7.751e-05,4.785e-05,0.00399665,4.211e-05,0.00045359,0.00021962,0.00190383,0.00016077,0.00015024,1.388e-05,0.00035694,1.196e-05,0.00015167,7.608e-05,6.411e-05,1.531e-05,1.435e-05,2.632e-05,4.019e-05,2.87e-06
idSarCaer1,0.04577336,0.02267897,0.01402635,0.003908,0.00217154,0.06940728,0.00385338,0.01358026,0.0015702,0.03524629,0.04670388,0.00042645,0.00387829,0.00403354,0.00109535,0.00065261,0.00193004,0.00032343,0.00054528,0.03462099,0.00023383,0.00024006,0.00019693,0.00017489,0.01358026,0.00054193,0.00361572,0.00184092,4.839e-05,0.00155966,0.00012889,0.0053977,0.00054049,0.00072017,0.00021227,8.289e-05,2.923e-05,6.517e-05,0.00034547,0.00025922,0.00025922,0.00027456,0.00011069,0.00421179,2.875e-05,9.535e-05,8.289e-05,0.00016291,9.58e-06,6.085e-05,1.917e-05,0.00097844,0.00011931,0.00041447,2.012e-05,0.00030522,6.756e-05,5.079e-05,0.00056013,3.546e-05,0.00029181,3.498e-05,0.00067609,0.00067513,9.1e-06,0.00021466,2.923e-05,0.00021275,2.108e-05,0.00023191,4.217e-05,2.54e-05,0.000115,0.00059559,0.00030283,0.0003608,0.00039914,0.00018591,0.00025683,0.00013273,4.983e-05,7.139e-05,6.181e-05,6.229e-05,1.533e-05,0.00027072,3.019e-05,0.00259703,0.00032678,0.00018352,1.533e-05,3.881e-05,4.839e-05,0.00081648,2.108e-05,0.00028126,0.00011021,2.875e-05,2.3e-05,0.00098658,4.839e-05,0.00018064,5.27e-06,0.00026929,0.00037422,5.894e-05,0.00348586,4.217e-05,8.864e-05,3.929e-05,4.31e-06,8.721e-05,3.833e-05,1.102e-05,0.0,2.108e-05,2.87e-06,4.31e-06,3.019e-05,2.4e-06,1.294e-05
idSarRose1,0.12558089,0.0097422,0.10168171,0.00381469,0.01527796,0.00103841,0.00194623,0.01297792,0.00204705,0.00219731,0.04399184,0.00298512,0.01713538,0.00156841,0.00417667,0.00174988,0.00093807,0.00029477,0.0016313,0.00169659,0.00030773,0.0017614,0.00105905,0.00530965,0.00024196,0.00025108,0.00030389,0.00336294,0.00020691,0.00118675,0.00110706,0.00458137,0.00026644,0.00058857,5.761e-05,0.00047288,0.00021699,0.00304945,6.673e-05,0.00040326,0.00027748,0.00015506,0.00019011,0.00072588,2.592e-05,0.00225204,0.00664282,0.00165771,0.00020211,0.0006241,6.337e-05,0.00080317,0.00486702,0.00043111,3.553e-05,0.00010178,0.0003615,0.00011282,0.00015362,0.00340038,0.00030869,0.00170763,0.0002746,0.00071387,0.00055209,0.00069947,0.0001301,0.00019011,0.00048104,0.00029429,0.0001229,0.00022324,0.00029045,0.00048776,0.0001157,0.00014018,0.00024484,0.00173164,0.00099424,0.000253,0.00029477,1.104e-05,0.0001061,0.00019731,0.00028373,4.753e-05,0.00017235,0.00027604,0.00067883,9.506e-05,0.00061498,0.00011714,8.161e-05,8.257e-05,3.265e-05,5.761e-05,0.00069083,2.352e-05,0.00373452,4.465e-05,3.697e-05,0.00010466,4.8e-06,7.68e-06,0.00017763,0.01132741,0.00012338,2.592e-05,0.00010514,3.313e-05,0.00139318,9.698e-05,7.009e-05,6.865e-05,0.00032165,0.00016467,5.185e-05,8.64e-06,0.00010082,0.00018675,2.4e-06
idSarVari1,0.26721121,0.00622845,0.03563937,0.00311159,0.00212883,0.00311207,0.01381944,0.00935345,0.00095067,0.02498994,0.00970498,0.0004933,0.0048046,0.00127011,0.00444013,0.00344013,0.00025287,0.00016715,0.00354215,0.00354071,0.00071743,0.00025383,0.00047414,0.00017481,0.00039224,0.00039559,0.00054215,0.00122989,0.00022222,0.0023386,0.0002251,3.64e-05,0.00041667,0.0002931,0.00026293,4.693e-05,3.017e-05,0.00038218,0.00071648,0.00019349,0.00012931,0.00017193,0.00019109,0.00024425,3.879e-05,0.00015517,0.01691667,6.513e-05,0.00050335,0.00027921,6.753e-05,7.519e-05,0.00029646,0.05060872,0.00011398,0.00035632,0.00027874,2.299e-05,0.00037979,0.0001614,5.364e-05,0.0001317,0.00066427,6.466e-05,2.874e-05,0.00011542,3.927e-05,4.646e-05,0.00012404,0.00136398,2.73e-05,5.316e-05,8.573e-05,0.00026724,0.00012739,0.00019636,8.19e-05,3.113e-05,0.00013123,1.389e-05,0.00073851,0.00051964,0.00015613,0.00034243,0.00014033,0.00015134,1.245e-05,9.243e-05,3.4e-05,0.0001001,0.00011925,8.19e-05,0.00015374,5.029e-05,4.406e-05,0.00026676,1.533e-05,0.00060393,0.00028448,0.00010536,4.358e-05,0.03239416,0.00010632,2.49e-05,3.305e-05,0.00015038,0.00011398,4.933e-05,0.00044971,3.83e-06,2.155e-05,6.082e-05,9.195e-05,5.27e-06,6.7e-06,8.525e-05,3.927e-05,4.79e-06,4.071e-05,0.00105029,9.6e-07
idScaPyra1,0.01897363,0.04601726,0.18349185,0.0009233,0.00269511,0.00155177,0.0015163,0.00204075,0.00182215,0.01879338,0.00245686,0.0020628,0.00114717,0.00067306,0.00050527,0.00036002,0.00062416,0.00377565,0.00020805,0.00068073,0.00015676,0.00061457,0.00031687,0.00065916,0.00035475,6.951e-05,0.00023538,0.00139549,0.00037488,0.00013567,0.00013998,0.00046309,0.00020134,0.00010882,0.00022339,1.774e-05,0.0001558,4.075e-05,0.00014765,0.00036098,5.417e-05,0.00011649,8.869e-05,0.00036146,5.465e-05,0.00087057,0.00056424,0.00036577,3.979e-05,0.00013519,4.65e-05,5.273e-05,0.00010451,0.00031208,6.616e-05,4.554e-05,0.00019511,1.534e-05,0.00136242,4.698e-05,2.589e-05,6.328e-05,0.00011841,0.0002186,3.404e-05,2.445e-05,1.582e-05,2.157e-05,0.00012512,0.0001534,1.246e-05,8.725e-05,6.28e-05,2.301e-05,5.081e-05,3.835e-05,8.773e-05,7.095e-05,4.314e-05,1.678e-05,1.678e-05,0.00016779,0.00056472,4.602e-05,1.294e-05,0.00020038,3.931e-05,7.143e-05,4.027e-05,3.739e-05,3.356e-05,8.006e-05,0.00012224,0.00015436,0.0001999,5.081e-05,2.972e-05,2.924e-05,7.526e-05,4.458e-05,7.67e-06,2.828e-05,4.602e-05,0.0005767,0.00017833,7.335e-05,0.00031735,0.00014525,1.534e-05,4.554e-05,0.00068265,1.198e-05,7.43e-05,2.493e-05,2.349e-05,0.00055896,2.637e-05,4.8e-07,0.00011266,6.23e-06,7.67e-06
idSicFerr1,0.39528394,0.00532075,0.00880593,0.00110182,0.01305497,0.00975621,0.00867591,0.00371128,0.01171654,0.0029001,0.00115727,0.00340153,0.03403872,0.00044073,0.00041922,0.00551291,0.00100096,0.03539579,0.00033891,0.00029541,0.00042447,0.00186042,0.00022419,0.00573375,0.00061472,0.00011138,0.00014723,0.00454732,0.00526195,0.00040105,0.00020507,0.00170124,0.00906549,0.00011472,0.00015488,4.207e-05,0.00057314,0.0001391,0.00050574,0.00513815,0.00050908,0.00010086,7.218e-05,0.00051243,1.577e-05,0.00072275,0.00078489,0.0001673,0.00010182,0.00017925,5.784e-05,8.078e-05,0.00177868,0.00062046,8.7e-05,0.00024283,2.868e-05,5.21e-05,0.00029159,0.00010277,2.533e-05,0.00025478,0.00029111,0.00043834,0.0046262,5.163e-05,4.207e-05,0.00046033,0.00011807,0.00030688,7.075e-05,7.553e-05,4.828e-05,0.00026625,0.00027055,0.00014006,8.843e-05,0.00034369,5.497e-05,0.00089914,6.119e-05,0.00017447,6.405e-05,0.00019264,0.00010325,0.00047753,4.398e-05,3.585e-05,0.00016778,0.00014579,0.00042686,0.0002108,5.497e-05,3.298e-05,4.207e-05,0.00016252,0.00017734,1.338e-05,0.00030927,0.00018403,4.254e-05,1.673e-05,3.489e-05,0.00052772,0.00038098,0.0001391,0.00026099,0.00011663,4.685e-05,5.545e-05,0.00068786,0.00028011,2.103e-05,1.291e-05,0.000337,0.00032983,9.56e-06,4.8e-07,5.26e-06,3.585e-05,8.7e-05
idSphTaen1,0.21051656,0.02245943,0.06972972,0.00176044,0.01397888,0.00214162,0.01730197,0.00171916,0.00182957,0.00804657,0.00080557,0.00183437,0.01479309,0.00081517,0.00141335,0.00065675,0.000277,7.537e-05,0.00041143,0.00028084,0.00333029,0.00072444,5.569e-05,0.00022036,0.00029765,9.938e-05,0.00108833,0.00370715,7.009e-05,0.00034518,3.072e-05,0.00030821,0.00303937,0.00045511,6.385e-05,7.105e-05,2.352e-05,6.241e-05,0.00038502,0.00020163,7.441e-05,0.00010418,8.017e-05,0.00051224,2.928e-05,5.809e-05,3.697e-05,0.00014546,0.00031685,3.361e-05,0.0003831,3.745e-05,0.0002362,0.00989054,8.497e-05,0.00025876,0.00017523,3.409e-05,0.00071051,0.00017043,3.841e-05,7.489e-05,0.00090687,4.897e-05,0.06958041,0.00034037,9.506e-05,4.609e-05,1.776e-05,0.00051224,6.24e-06,1.824e-05,2.832e-05,0.00297264,6.769e-05,0.00026644,0.00010034,2.496e-05,8.161e-05,0.00016515,0.0001325,2.064e-05,6.817e-05,0.0006121,8.065e-05,8.737e-05,4.273e-05,2.544e-05,4.753e-05,0.0001397,0.00019347,0.0001517,2.784e-05,0.00026356,1.968e-05,0.00083101,3.169e-05,2.016e-05,0.01393183,6.241e-05,1.248e-05,0.00016899,3.313e-05,1.008e-05,7.825e-05,5.089e-05,0.0,0.00085502,1.92e-05,0.00055545,0.00040566,2.832e-05,0.00016323,2.544e-05,0.00016659,0.00020691,0.0,4.8e-07,0.0013927,0.00010994,6.72e-06
idStoLuna1,0.01107519,0.00176964,0.03030747,0.00093582,0.00207423,0.00269684,0.00271552,0.0009569,0.00070929,0.00069875,0.00255987,0.0006001,0.00255795,0.00020163,0.00054406,0.00028927,0.00026628,0.00056034,0.00023372,9.579e-05,0.00045115,0.00016858,0.00011638,0.00120163,9.579e-05,3.688e-05,0.00045929,0.3110067,0.26142146,0.00027682,0.00017433,0.00020211,0.00017577,4.693e-05,0.00048851,8.908e-05,5.603e-05,0.00015421,2.682e-05,0.0016001,3.64e-05,3.592e-05,4.646e-05,0.00012596,4.167e-05,3.161e-05,3.448e-05,8.094e-05,4.646e-05,4.454e-05,4.31e-05,0.00010345,0.00010393,0.00016427,4.789e-05,5.316e-05,1.437e-05,8.573e-05,3.4e-05,7.136e-05,1.341e-05,4.31e-05,4.981e-05,6.801e-05,9.914e-05,2.73e-05,2.203e-05,6.513e-05,2.203e-05,0.0005158,4.693e-05,5.603e-05,1.724e-05,3.879e-05,0.00019732,3.352e-05,3.544e-05,3.592e-05,0.00010489,2.059e-05,6.609e-05,1.868e-05,2.538e-05,2.969e-05,6.513e-05,0.00013506,4.598e-05,1.772e-05,3.879e-05,6.561e-05,1.149e-05,2.778e-05,3.305e-05,3.544e-05,0.00013075,2.874e-05,2.634e-05,4.502e-05,0.00014272,1.102e-05,1.245e-05,2.874e-05,3.352e-05,1.58e-05,2.538e-05,7.04e-05,3.688e-05,9.339e-05,1.724e-05,4.693e-05,2.73e-05,2.443e-05,1.676e-05,6.7e-06,1.437e-05,4.502e-05,3.83e-06,1.868e-05,5.987e-05,1.341e-05,0.0
idSuiVari3,0.01576912,0.00984082,0.26330593,0.00392304,0.03790918,0.0042935,0.00102868,0.00532887,0.003163,0.00689914,0.00106023,0.00043212,0.00148614,0.00037859,0.00052151,0.00024379,0.00037094,0.00618164,0.00030115,0.0004957,0.00050239,0.00146511,0.00017878,0.00064293,0.0004326,0.00015583,0.00010134,0.00021511,0.00014914,0.00029971,0.00024235,0.00010994,0.00014054,0.0002175,0.00025,0.00020076,2.294e-05,3.011e-05,0.00013337,7.839e-05,0.00015679,4.302e-05,0.00095411,0.00015249,7.65e-06,2.533e-05,4.924e-05,0.00017161,4.637e-05,0.00011711,3.585e-05,6.979e-05,5.688e-05,0.00040583,1.004e-05,0.00012476,5.641e-05,3.537e-05,6.883e-05,0.00021606,9.226e-05,4.254e-05,0.00016491,7.361e-05,1.769e-05,7.648e-05,2.82e-05,2.151e-05,2.39e-06,8.795e-05,1.434e-05,6.69e-06,0.00015057,5.354e-05,8.843e-05,7.266e-05,4.254e-05,1.673e-05,2.294e-05,0.00015249,2.103e-05,4.207e-05,6.788e-05,0.0001066,0.00013002,2.103e-05,2.772e-05,2.916e-05,4.398e-05,9.56e-06,3.35e-06,3.92e-05,3.967e-05,9.08e-06,3.107e-05,8.461e-05,4.111e-05,0.36172849,5.975e-05,0.00010516,0.00013815,2.151e-05,4.398e-05,3.011e-05,3.967e-05,0.00010994,8.174e-05,2.725e-05,6.788e-05,1.434e-05,1.721e-05,2.055e-05,0.0,7.65e-06,4.8e-07,1.291e-05,3.35e-06,1.91e-06,5.74e-06,5.593e-05,1.91e-06
idSyrPipi1,0.00630851,0.00816675,0.0153604,0.00689909,0.01092407,0.00161701,0.00157665,0.00367996,0.00314704,0.00201586,0.0003902,0.00038924,0.00061653,0.00019942,0.00028976,0.00064873,0.00023018,0.00010572,0.00028976,0.00037242,0.0008592,0.00079962,0.00049159,0.00026141,0.00027295,0.64274916,8.506e-05,9.611e-05,8.17e-06,0.00010235,5.718e-05,9.274e-05,6.679e-05,9.947e-05,9.37e-05,7.208e-05,7.112e-05,4.181e-05,4.661e-05,5.142e-05,6.343e-05,2.931e-05,5.046e-05,0.00012013,8.746e-05,7.689e-05,5.382e-05,2.066e-05,4.085e-05,0.00012206,7.641e-05,2.451e-05,9.851e-05,7.496e-05,2.739e-05,0.00022345,2.114e-05,2.21e-05,1.297e-05,2.931e-05,8.265e-05,1.97e-05,3.508e-05,4.037e-05,9.707e-05,1.586e-05,8.65e-06,6.631e-05,8.17e-06,4.421e-05,1.394e-05,1.201e-05,4.565e-05,5.526e-05,9.13e-06,3.508e-05,6.247e-05,1.682e-05,4.853e-05,1.105e-05,1.73e-05,3.172e-05,4.998e-05,3.316e-05,1.009e-05,1.249e-05,6.73e-06,5.77e-06,2.21e-05,1.586e-05,2.307e-05,2.883e-05,6.73e-06,3.027e-05,7.69e-06,2.643e-05,9.6e-07,3.508e-05,2.691e-05,5.478e-05,1.586e-05,3.652e-05,4.325e-05,9.6e-07,3.84e-06,1.922e-05,1.682e-05,4.805e-05,6.25e-06,1.778e-05,7.69e-06,2.114e-05,6.73e-06,1.538e-05,6.73e-06,9.6e-07,2.4e-06,0.0,4.81e-06,4.8e-07,9.13e-06
idSyrPipi2,0.0097617,0.00810697,0.27813658,0.00378988,0.00161891,0.00211652,0.00254202,0.0021872,0.01318338,0.02270392,0.00109933,0.00344986,0.00410363,0.00039685,0.00126648,0.0015,0.00077507,0.00055778,0.00124546,0.00011939,0.00280993,0.00095606,0.00035578,0.00371777,0.00228367,0.00029274,0.000117,0.00014947,2.579e-05,0.00011557,0.00017431,0.00039351,0.00014947,0.0002894,0.00027316,5.54e-05,5.826e-05,9.79e-05,0.00023496,4.728e-05,3.677e-05,9.503e-05,0.00012989,9.742e-05,2.483e-05,3.295e-05,4.871e-05,3.2e-05,0.00015712,3.629e-05,8.644e-05,0.00012034,6.59e-05,4.632e-05,2.388e-05,4.68e-05,4.585e-05,0.00012894,6.972e-05,3.009e-05,0.00016476,2.579e-05,2.34e-05,3.629e-05,4.441e-05,6.017e-05,4.585e-05,0.00031757,4.298e-05,0.00012321,1.767e-05,7.689e-05,1.146e-05,3.868e-05,0.00013419,1.671e-05,0.00015903,2.627e-05,4.8e-07,4.68e-05,8.6e-06,3.104e-05,0.00011605,4.394e-05,5.11e-05,2.531e-05,6.69e-06,5.444e-05,8.453e-05,0.00010649,5.301e-05,4.632e-05,3.104e-05,3.868e-05,4.3e-06,1.576e-05,3.295e-05,9.55e-06,3.629e-05,8.596e-05,2.961e-05,2.674e-05,1.098e-05,2.961e-05,1.051e-05,1.242e-05,1.767e-05,6.21e-06,3.247e-05,0.00014327,1.528e-05,1.289e-05,1.242e-05,0.0001127,2.39e-06,5.396e-05,0.0003405,3.056e-05,3.964e-05,4.3e-06,6.734e-05
idSyrPipi5,0.00577585,0.00310101,0.19320683,0.00107696,0.01187783,0.00126984,0.00064358,0.00036412,0.01251275,0.00073978,0.0060659,0.00046753,0.00519096,0.00081818,0.00063396,0.00017316,0.0011722,0.00065705,0.00036893,0.0001366,0.0069543,0.00016787,0.00013612,0.00042569,0.00037662,4.185e-05,0.00018182,0.00010486,2.309e-05,0.00021886,5.868e-05,4.281e-05,3.319e-05,9.428e-05,0.0001823,9.62e-06,1.203e-05,8.369e-05,0.00012843,3.271e-05,3.463e-05,5.772e-05,4.089e-05,3.175e-05,1.828e-05,2.02e-05,4.377e-05,4.233e-05,1.01e-05,2.886e-05,1.828e-05,6.686e-05,2.357e-05,6.25e-06,7.744e-05,8.18e-06,2.89e-06,8.706e-05,2.309e-05,0.00031794,0.00034247,2.453e-05,2.116e-05,6.061e-05,3.03e-05,3.319e-05,2.742e-05,1.395e-05,4.81e-06,1.876e-05,8.66e-06,3.37e-06,1.443e-05,5.82e-05,2.886e-05,2.453e-05,7.407e-05,6.157e-05,6.301e-05,1.539e-05,2.934e-05,9.14e-06,4.33e-06,3.127e-05,2.357e-05,2.41e-06,5.77e-06,0.49631409,1.251e-05,3.271e-05,8.66e-06,1.347e-05,6.25e-06,6.25e-06,0.00029149,2.694e-05,3.415e-05,5.29e-06,1.347e-05,8.18e-06,7.22e-06,3.37e-06,3.85e-06,9.6e-07,4.81e-06,1.443e-05,2.405e-05,1.635e-05,4.954e-05,1.924e-05,3.608e-05,7.22e-06,1.732e-05,1.01e-05,4.906e-05,3.37e-06,9.6e-07,0.00015344,4.33e-06,1.635e-05,2.89e-06
idSyrPipi6,0.00690887,0.00321326,0.22697662,0.00092796,0.00082729,0.00226193,0.00174523,0.00046994,0.00079628,0.0027104,0.00094656,0.00082395,0.00382824,0.00104198,0.00052242,0.00012118,0.00244895,0.00042605,0.0002104,7.156e-05,0.0171355,0.00011927,0.00044513,0.00029151,0.00055391,4.198e-05,8.635e-05,0.0001188,0.00011594,0.00015219,0.00011403,7.395e-05,6.966e-05,2.958e-05,6.727e-05,2.433e-05,6.68e-06,4.485e-05,3.721e-05,3.149e-05,0.0001021,0.00017748,0.00014599,4.008e-05,3.006e-05,7.777e-05,4.866e-05,1.193e-05,3.865e-05,2.576e-05,7.777e-05,8.397e-05,7.634e-05,3.721e-05,5.105e-05,4.437e-05,0.00011069,0.00022376,5.487e-05,4.58e-05,0.44777195,3.006e-05,6.775e-05,4.723e-05,5.868e-05,6.679e-05,6.68e-06,0.00042032,1.861e-05,1.718e-05,1.861e-05,0.00022615,1.574e-05,6.727e-05,1.527e-05,0.00035973,9.59e-05,1.24e-05,1.24e-05,1.622e-05,1.336e-05,1.67e-05,4.485e-05,6.298e-05,1.718e-05,1.24e-05,6.68e-06,0.00015649,4.246e-05,1.24e-05,6.68e-06,3.34e-06,1.24e-05,4.628e-05,2.481e-05,2.338e-05,1.24e-05,3.817e-05,4.29e-06,1.24e-05,1.145e-05,8.59e-06,1.574e-05,6.68e-06,1.193e-05,2.099e-05,1.097e-05,2.863e-05,5.25e-06,4.77e-06,4.77e-06,5.73e-06,6.679e-05,5.25e-06,9.828e-05,1.91e-06,1.91e-06,0.0,2.863e-05,4.77e-06,3.34e-06
idSyrPipi7,0.00567759,0.00787952,0.20432482,0.00139277,0.01491181,0.00348386,0.0018347,0.00060675,0.00317831,0.0020853,0.00158169,0.00015566,0.00111181,0.0002612,0.00083663,0.00027084,0.00043663,0.00013398,0.00073398,0.00016675,0.09187325,0.00016,0.0003841,0.00051036,0.00032771,4.627e-05,0.00026072,0.00060627,5.928e-05,0.00010747,8e-05,7.036e-05,7.566e-05,0.00013205,0.00052193,0.0002559,9.88e-05,0.00032048,0.00012241,4.771e-05,0.00019614,5.253e-05,6.265e-05,2.795e-05,8.386e-05,5.494e-05,1.398e-05,0.4886,2.265e-05,4.386e-05,5.3e-06,2.169e-05,2.602e-05,4.289e-05,6.27e-06,2.602e-05,5.928e-05,3.807e-05,4.096e-05,0.0098159,0.00014699,1.301e-05,3.277e-05,6.94e-05,0.00025446,2.41e-05,1.687e-05,0.00033398,1.06e-05,2.94e-05,2.217e-05,2.89e-06,2.313e-05,1.976e-05,4.819e-05,6.27e-06,0.0004853,5.157e-05,2.699e-05,0.00011373,1.687e-05,6.554e-05,4.241e-05,5.253e-05,2.843e-05,1.494e-05,1.205e-05,9.88e-05,8.819e-05,5.78e-06,1.301e-05,5.3e-06,3.807e-05,2.988e-05,9.349e-05,7.133e-05,2.89e-06,8.67e-06,7.71e-06,3.133e-05,4.048e-05,1.93e-06,5.494e-05,1.012e-05,2.795e-05,1.446e-05,2.458e-05,1.735e-05,6.12e-05,3.759e-05,3.86e-06,1.831e-05,1.542e-05,1.494e-05,3.37e-06,5.3e-06,8.771e-05,9.16e-06,1.735e-05,4.34e-06,7.23e-06
idSyrPipi8,0.00539301,0.00334418,0.22327669,0.00123743,0.00113691,0.00360507,0.00216467,0.00102681,0.036045,0.0009483,0.00115653,0.00375921,0.00241647,0.00118526,0.00030685,0.00018717,0.01093202,0.00031738,0.00053231,0.00040258,0.01076257,0.00020632,0.00024749,0.00119674,0.00022834,0.00050455,0.00024892,6.893e-05,3.064e-05,9.143e-05,2.346e-05,0.00010292,0.00023217,6.367e-05,3.877e-05,1.388e-05,8.62e-06,7.611e-05,9.191e-05,5.888e-05,6.51e-05,0.4976606,0.0001235,7.085e-05,9.1e-06,6.51e-05,3.782e-05,3.782e-05,1.245e-05,2.25e-05,0.00021924,6.606e-05,1.34e-05,3.494e-05,0.00010723,3.59e-05,7.66e-06,0.00011058,0.00046338,1.484e-05,1.58e-05,1.58e-05,1.963e-05,5.936e-05,3.351e-05,6.462e-05,3.925e-05,2.489e-05,9.1e-06,3.399e-05,1.149e-05,4.596e-05,6.22e-06,1.053e-05,4.452e-05,3.925e-05,0.00010005,6.367e-05,3.159e-05,2.154e-05,2.39e-06,1.819e-05,1.532e-05,0.00013068,2.729e-05,7.66e-06,4.31e-06,0.00037578,1.245e-05,3.016e-05,8.14e-06,1.34e-05,7.18e-06,5.026e-05,5.27e-06,6.271e-05,1.005e-05,4.31e-06,1.723e-05,1.388e-05,1.723e-05,1.436e-05,3.064e-05,1.197e-05,2.39e-06,2.058e-05,5.74e-06,1.91e-06,7.66e-06,2.489e-05,4.31e-06,2.011e-05,1.819e-05,1.532e-05,2.106e-05,1.91e-06,9.6e-07,1.197e-05,2.058e-05,9.6e-07,2.346e-05
idSyrPipi9,0.00327251,0.00515985,0.22199037,0.00045883,0.00237313,0.00141984,0.00062013,0.00026625,0.00219451,0.00319836,0.00067405,0.00025325,0.00212422,7.559e-05,0.0001247,0.00011122,0.00014203,0.00023977,0.00013866,0.00010977,0.00209052,0.00012422,0.00019066,0.0001921,0.00149013,2.022e-05,9.148e-05,0.00020462,2.215e-05,8.137e-05,7.511e-05,6.115e-05,3.13e-05,5.537e-05,4.189e-05,4.67e-05,2.89e-06,2.504e-05,6.933e-05,1.637e-05,2.504e-05,3.755e-05,6.644e-05,2.407e-05,4.33e-06,2.167e-05,6.74e-06,2.118e-05,5.78e-06,3.37e-05,3.322e-05,7.174e-05,2.215e-05,2.455e-05,4.911e-05,6.837e-05,8.18e-06,2.696e-05,2.792e-05,1.204e-05,5.104e-05,1.926e-05,4.141e-05,2.841e-05,9.63e-06,1.011e-05,3.948e-05,1.974e-05,8.67e-06,3.033e-05,1.444e-05,1.926e-05,9.15e-06,2.985e-05,5.78e-06,0.51289119,1.83e-05,1.44e-06,3.467e-05,5.3e-06,8.18e-06,1.348e-05,1.93e-06,7.7e-06,4.81e-06,1.204e-05,1.44e-06,4.8e-07,1.107e-05,9.63e-06,2.41e-06,4.33e-06,1.156e-05,7.22e-06,5.3e-06,1.348e-05,6.26e-06,2.359e-05,6.74e-06,1.396e-05,1.252e-05,6.74e-06,2.41e-06,4.8e-07,1.252e-05,1.3e-05,1.3e-05,2.696e-05,1.781e-05,2.89e-06,2.41e-06,1.011e-05,8.18e-06,3.85e-06,3.563e-05,3.85e-06,2.41e-06,3.37e-06,3.37e-06,8.67e-06,3.37e-06
idSyrPipi10,0.03518615,0.00578451,0.09256229,0.00199711,0.00214863,0.01607071,0.00144733,0.00310197,0.00129822,0.00142376,0.0279721,0.0021265,0.00532997,0.00036797,0.00093122,0.00274411,0.00044108,0.00036845,0.00149254,0.00024146,0.07792785,0.00027273,0.0017975,0.00076239,0.00039346,0.00025734,0.00064454,0.00178018,0.0003266,0.00190765,0.0003165,0.00014574,9.812e-05,8.225e-05,0.0004252,6.301e-05,0.00019481,0.00075277,0.0013165,0.00176912,0.00012843,0.00050601,0.0013343,0.00031457,6.349e-05,0.00017653,0.0015012,0.00026407,0.00012843,7.215e-05,2.886e-05,0.00014767,0.00060943,6.494e-05,6.349e-05,3.656e-05,9.861e-05,3.078e-05,0.0001823,0.00873353,0.0121544,3.704e-05,4.954e-05,0.00039394,9.716e-05,0.00040596,0.00038672,5.82e-05,3.752e-05,0.00021645,0.00014671,2.838e-05,0.00013228,3.078e-05,5.291e-05,2.453e-05,0.00355652,3.367e-05,7.456e-05,8.177e-05,2.213e-05,0.00012602,5.58e-05,3.03e-05,0.38065512,0.00022463,0.00058971,0.00526744,1.684e-05,1.78e-05,0.00011304,8.947e-05,5.58e-05,7.696e-05,0.00017701,7.263e-05,4.04e-05,0.00011352,5.002e-05,9.331e-05,0.00091679,2.934e-05,0.0001342,3.127e-05,0.0008937,0.0002583,7.215e-05,6.013e-05,0.00015969,6.205e-05,0.00026359,0.000519,0.00021597,0.00022222,0.0009798,0.00021693,0.0001366,5.29e-06,2.41e-06,0.00107167,3.37e-06
idSyrPipi11,0.00203531,0.00034494,0.19530248,0.00025429,0.00130821,0.0002271,0.00021708,0.00020515,0.00134113,5.296e-05,0.00020134,0.0004251,0.0017209,8.874e-05,0.00016746,8.302e-05,8.349e-05,0.00022424,6.727e-05,8.969e-05,0.00056107,5.916e-05,8.254e-05,0.00058015,2.815e-05,1.574e-05,4.008e-05,0.00011832,2.195e-05,4.294e-05,1.336e-05,2.672e-05,4.532e-05,3.912e-05,1.05e-05,1.288e-05,1.91e-06,2.481e-05,2.719e-05,3.34e-05,3.531e-05,1.431e-05,2.815e-05,1.384e-05,5.487e-05,8.59e-06,6.68e-06,1.431e-05,6.68e-06,1.24e-05,2.052e-05,2.242e-05,1.193e-05,2.147e-05,3.006e-05,2.052e-05,3.387e-05,0.00013454,1.908e-05,6.489e-05,8.11e-06,1.097e-05,1.336e-05,2.529e-05,1.145e-05,3.912e-05,0.58648282,1.145e-05,8.59e-06,2.767e-05,1.002e-05,9.54e-06,9.06e-06,7.395e-05,2.147e-05,2.242e-05,1.718e-05,6.2e-06,1.43e-06,3.483e-05,2.39e-06,3.006e-05,9.54e-06,7.63e-06,1.622e-05,5.73e-06,3.34e-06,4.29e-06,2.39e-06,1.384e-05,4.8e-07,7.63e-06,1.288e-05,3.82e-06,5.439e-05,3.244e-05,1.622e-05,3.82e-06,1.145e-05,1.145e-05,1.002e-05,3.82e-06,3.82e-06,4.77e-06,0.0,1.193e-05,1.574e-05,1.908e-05,1.908e-05,4.29e-06,1.097e-05,3.82e-06,3.435e-05,3.34e-06,6.2e-06,1.91e-06,3.34e-06,0.0,3.82e-06,6.2e-06,3.82e-06
idTacFera2,0.04667003,0.03547935,0.01098751,0.00645197,0.00176609,0.00149808,0.05231172,0.00182517,0.00132373,0.01165946,0.00207109,0.00073535,0.00816427,0.00019789,0.00192363,0.00169116,0.00064553,0.00012584,0.00114313,0.00026417,0.00047646,0.00072094,0.00014265,0.00028963,0.00055187,0.00022671,0.00064409,0.00122238,9.75e-05,0.00035783,0.00282181,0.00183333,0.00044044,0.00120461,6.82e-05,0.00013353,0.00014601,7.829e-05,0.00038665,0.00011383,0.00067291,0.00027329,0.00020125,0.00015418,2.354e-05,0.00011239,0.0001609,3.266e-05,0.00030596,5.956e-05,6.532e-05,6.532e-05,0.00010183,0.00021566,2.161e-05,0.00011287,0.00086359,5.668e-05,0.00021614,1.921e-05,0.00032325,0.0002781,0.00023919,0.00074304,7.349e-05,0.00116667,8.17e-06,0.00024496,9.51e-05,0.00020413,8.646e-05,1.297e-05,5.764e-05,0.00024688,4.947e-05,6.772e-05,8.742e-05,4.707e-05,1.825e-05,5.956e-05,0.00015754,5.86e-05,7.589e-05,0.00037416,6.724e-05,6.676e-05,1.873e-05,3.266e-05,0.00037464,0.00010134,0.00022719,1.009e-05,3.314e-05,9.846e-05,3.842e-05,2.594e-05,7.349e-05,4.083e-05,0.00026273,5.716e-05,0.00017291,6.388e-05,0.00078578,0.00010327,3.026e-05,3.122e-05,0.0014635,7.973e-05,0.00018636,7.2e-06,1.777e-05,0.00022478,4.083e-05,0.00065658,3.84e-06,1.057e-05,1.585e-05,1.969e-05,9.702e-05,2.546e-05,5.668e-05
idTacLuri1,0.47483301,0.00462236,0.01504031,0.00888244,0.00320537,0.00803359,0.01013916,0.06353455,0.00330422,0.00082726,0.00098369,0.00096593,0.0039477,0.0003882,0.00059837,0.00462092,0.00019722,0.00035797,0.00219482,0.00047073,0.00065595,0.00050528,0.0004333,0.00054702,0.00019722,0.00026919,0.00020585,0.00038916,0.00010749,0.00353791,7.63e-05,6.91e-05,0.00035605,0.001,8.445e-05,0.00015835,6.814e-05,0.00014299,3.215e-05,0.00474856,7.965e-05,0.00026344,0.00032006,0.00024472,2.015e-05,8.205e-05,0.0014429,6.046e-05,2.543e-05,9.933e-05,4.511e-05,0.00010749,6.814e-05,8.781e-05,6.814e-05,9.837e-05,3.503e-05,2.495e-05,0.00028983,9.261e-05,2.351e-05,7.054e-05,0.00057198,0.00010557,6.526e-05,0.00014827,1.823e-05,1.775e-05,0.00012524,8.061e-05,1.344e-05,0.00010845,7.102e-05,0.00021449,1.823e-05,5.76e-06,6.19e-05,5.806e-05,7.678e-05,6.286e-05,4.559e-05,0.00028935,1.248e-05,0.00011372,9.261e-05,4.079e-05,3.551e-05,5.422e-05,0.00010125,0.00024856,1.679e-05,4.32e-06,7.965e-05,6.766e-05,2.447e-05,5.28e-06,7.2e-06,7.63e-05,7.678e-05,0.00010125,0.00010653,0.00013052,2.351e-05,5.71e-05,1.296e-05,0.00021161,2.975e-05,1.631e-05,5.518e-05,1.44e-05,4.127e-05,0.00010893,2.159e-05,5.134e-05,3.84e-06,0.00023992,8.64e-06,1.296e-05,1.296e-05,3.695e-05,1.2e-05
idTheAcut1,0.01386475,0.00454724,0.00625132,0.00188441,0.00548201,0.00273813,0.00284269,0.0020024,0.01732518,0.00159616,0.00503837,0.0031482,0.00269544,0.00054532,0.00515156,0.00066715,0.00151799,0.28124173,0.00235923,0.0001295,0.00251415,0.0003247,0.00061871,0.00093717,0.00094005,0.00016067,0.0002,4.652e-05,2.398e-05,9.113e-05,8.441e-05,0.00033189,6.427e-05,0.00016307,8.441e-05,8.441e-05,0.00184988,0.00056307,0.00019424,0.00018849,0.00011175,8.681e-05,0.00021007,0.00039904,6.187e-05,0.00014772,5.468e-05,0.0001789,0.00010072,7.866e-05,8.969e-05,0.00013381,0.00023309,8.201e-05,5.659e-05,4.94e-05,0.00203645,0.00030743,7.386e-05,0.00033141,5.612e-05,0.0001295,2.974e-05,7.962e-05,2.062e-05,5.036e-05,6.187e-05,0.0001036,0.00011127,2.59e-05,1.151e-05,6.715e-05,3.213e-05,8.201e-05,6.571e-05,1.055e-05,0.0005554,0.00013525,1.439e-05,0.00016451,0.00018177,2.398e-05,7.19e-06,5.659e-05,5.372e-05,0.00016547,1.247e-05,2.35e-05,6.427e-05,6.187e-05,3.213e-05,6.139e-05,0.00018321,0.00336259,5.76e-06,4.796e-05,6.571e-05,2.302e-05,6.139e-05,9.736e-05,3.549e-05,7.29e-05,2.59e-05,1.439e-05,8.63e-06,1.727e-05,0.00013094,5.468e-05,1.103e-05,9.113e-05,3.933e-05,7.19e-06,9.11e-06,5.324e-05,4.8e-07,8.15e-06,0.00033765,1.44e-06,9.11e-06,1.343e-05,2.4e-06
idTheAtra2,0.01734623,0.00908596,0.01214231,0.00418863,0.00115807,0.00251671,0.00637154,0.00418004,0.00216571,0.01610697,0.00068434,0.00745415,0.0192765,0.00339971,0.00067192,0.00026982,0.0039212,0.00020105,0.00130993,0.00021108,0.00098997,0.00020583,0.00076839,0.00065138,0.0015277,0.00011796,0.00023926,0.00054202,0.00017765,0.00114136,0.00060076,0.00039446,0.00031566,0.00022302,0.00012607,9.36e-05,8.644e-05,8.453e-05,0.00060029,0.00112464,0.0001213,0.00012321,0.00018768,0.00013372,9.36e-05,5.444e-05,0.00035148,5.731e-05,4.155e-05,4.776e-05,0.00010029,0.00040735,3.104e-05,0.0001022,0.00039016,7.593e-05,4.489e-05,0.00076074,6.113e-05,2.913e-05,4.107e-05,0.00018577,3.247e-05,4.441e-05,3.056e-05,0.0001767,0.00032665,0.00049713,0.00018386,4.967e-05,0.00026457,4.871e-05,4.919e-05,7.832e-05,6.877e-05,2.913e-05,4.871e-05,0.00016762,9.07e-06,9.599e-05,0.00011557,9.456e-05,1.624e-05,6.925e-05,0.00023018,0.00050716,0.40481041,2.197e-05,3.391e-05,8.214e-05,6.69e-06,7.211e-05,4.059e-05,5.635e-05,6.21e-06,0.00018529,2.292e-05,6.256e-05,2.053e-05,6.925e-05,1.146e-05,4.25e-05,0.00020821,4.011e-05,2.961e-05,3.677e-05,4.107e-05,2.674e-05,2.436e-05,0.00014374,0.00950573,8.739e-05,6.017e-05,1.051e-05,1.719e-05,0.00022875,5.25e-06,0.0,6.21e-06,0.00018147,4.8e-07
idTheSoli1,0.0516732,0.07646727,0.10169087,0.01968036,0.10305351,0.00518729,0.00255996,0.00182895,0.03300334,0.00845485,0.00190014,0.00043383,0.00333397,0.00036407,0.0005571,0.0009226,0.00038509,0.00014047,0.00564644,0.00037602,0.00105065,0.00148877,0.00030913,0.00028954,0.00983086,8.361e-05,0.00022408,0.00034783,2.771e-05,0.0001978,0.00026374,0.00012183,0.00011658,0.00038653,8.935e-05,0.00034735,0.00012852,0.00013187,0.00053034,0.0001032,0.00010463,0.00016818,8.505e-05,0.00018395,2.676e-05,9.03e-05,0.0001032,1.816e-05,9.46e-05,0.00208075,3.87e-05,3.87e-05,0.00024032,0.00010272,0.00020736,8.313e-05,0.00021357,4.778e-05,9.747e-05,0.00017296,0.0005915,0.00017344,6.259e-05,0.00021882,0.00015528,5.495e-05,9.747e-05,0.00011132,2.962e-05,0.00011658,3.344e-05,0.00013856,5.495e-05,0.000301,0.00012948,0.00048543,0.00016245,3.774e-05,7.023e-05,2.007e-05,2.676e-05,8.122e-05,0.00013043,1.29e-05,4.73e-05,2.58e-05,4.157e-05,8.361e-05,4.013e-05,0.00014429,1.147e-05,0.00351027,3.774e-05,6.641e-05,2.293e-05,0.0006388,1.051e-05,3.106e-05,4.682e-05,0.0001376,0.00012948,0.00034544,0.00037506,6.21e-06,9.89e-05,0.00012327,3.822e-05,2.867e-05,4.204e-05,9.221e-05,0.00045915,4.443e-05,1.816e-05,2.007e-05,6.402e-05,0.0002924,9.651e-05,2.007e-05,2.007e-05,4.204e-05,3.34e-06
idVolInan1,0.05492063,0.01474266,0.00820298,0.01372631,0.01595479,0.00365176,0.02368158,0.00386484,0.02167677,0.0019721,0.00177441,0.00077489,0.01036556,0.00028668,0.00168591,0.0223088,0.0006455,0.00047908,0.00165945,0.0004252,0.04341077,0.00067196,0.00107648,0.00656758,0.00257864,0.00099567,0.00077104,0.00374988,4.089e-05,0.00473689,0.00019481,0.00020058,0.00113757,0.00426936,0.00022559,0.00012073,1.443e-05,0.00144974,0.0002809,0.0020101,9.909e-05,0.00184127,0.0006734,0.00010197,6.494e-05,0.00560462,8.418e-05,0.00043146,0.00022367,0.00017701,4.425e-05,3.559e-05,0.00010438,0.00083646,4.473e-05,0.00012266,2.646e-05,0.00021116,8.466e-05,2.501e-05,0.00084512,5.724e-05,0.00026984,0.00027369,0.01610919,0.00044444,0.00014382,0.00039779,2.501e-05,0.00019625,5.435e-05,8.18e-06,0.00043194,0.0039418,0.00012073,1.491e-05,0.0031746,0.00010149,0.00033622,5.051e-05,2.694e-05,5.099e-05,2.068e-05,0.0005873,0.00016162,3.078e-05,6.975e-05,2.646e-05,0.00026215,8.177e-05,0.00046176,8.658e-05,0.00013997,4.858e-05,8.18e-06,3.559e-05,3.704e-05,5.628e-05,0.00019,3.078e-05,0.00059067,0.00010582,0.00014286,3.319e-05,4.521e-05,0.00014767,4.281e-05,1.924e-05,5.868e-05,2.309e-05,8.225e-05,3.559e-05,6.397e-05,1.876e-05,9.091e-05,1.684e-05,6.878e-05,0.0,2.501e-05,3.463e-05,2.41e-06
idVolInfl1,0.36453502,0.00649214,0.03284898,0.00233778,0.01440067,0.00452787,0.00493711,0.0089233,0.00349452,0.00330253,0.07682754,0.00152692,0.004293,0.00087089,0.00164936,0.00236065,0.00119581,9.767e-05,0.00078275,0.0009233,0.00029633,0.00119676,0.00021105,0.00417342,0.00029681,0.00011672,0.00044497,0.00082849,0.00010386,0.00053121,0.00151501,0.00028537,0.00067175,0.00014435,0.00128871,0.00139543,0.00031539,0.00230777,0.00038923,0.00017532,0.00024964,0.0002768,0.00043116,0.00216246,0.00048213,0.00012244,0.00024059,0.00019247,8.814e-05,0.00033635,1.906e-05,0.00014435,0.00051072,0.00055979,0.0002425,0.00427537,4.574e-05,5.574e-05,0.00060076,0.00073892,3.383e-05,0.00042782,4.859e-05,0.0002344,0.00014864,0.00048976,6.527e-05,0.00104907,6.336e-05,9.576e-05,8.909e-05,0.00010005,0.0001777,0.00020534,0.00045784,0.00013864,0.00047975,0.00024535,1.334e-05,0.00011577,7.194e-05,0.00012053,0.00014864,0.00011148,7.432e-05,0.00053168,7.242e-05,1.43e-06,1.953e-05,5.145e-05,0.00138637,0.00013768,4.859e-05,1.906e-05,0.00011386,0.00013768,8.051e-05,0.00012339,0.00015245,2.287e-05,0.00022487,5.479e-05,7.003e-05,8.433e-05,5.669e-05,0.0003516,0.00013054,0.00049786,8.29e-05,9.671e-05,0.00017056,8.528e-05,5.86e-05,2.049e-05,0.00517294,2.906e-05,0.00030634,7.48e-05,5.145e-05,1.858e-05,5.24e-06
idXanPedi1,0.10575371,0.00513656,0.04178246,0.00238237,0.00158745,0.01035553,0.01452803,0.00398035,0.00230139,0.00515764,0.00263105,0.00146143,0.00313608,0.00041926,0.00157211,0.00133876,0.00098275,0.00011404,0.00091759,0.00015381,0.00066938,0.00036416,0.00011069,0.0013287,0.00068232,0.00015285,0.00046047,0.00439626,0.18679492,0.00051653,0.0002966,0.00016339,0.00069526,0.00024102,0.00065501,9.775e-05,3.067e-05,0.0002276,0.00015237,0.1945793,0.00046622,9.008e-05,5.079e-05,0.00048059,6.9e-05,0.00013943,0.00023239,8.194e-05,2.875e-05,0.00018448,0.00019837,0.02084236,7.571e-05,0.00028462,0.00060613,9.871e-05,0.00017968,6.421e-05,0.0001265,1.342e-05,2.971e-05,0.00011835,0.00010589,8.146e-05,0.00012889,0.00018256,2.252e-05,0.00010877,0.00014327,0.0001725,4.983e-05,8.241e-05,8.721e-05,0.00017777,6.996e-05,0.00010158,5.702e-05,0.00039099,9.1e-06,3.881e-05,0.00011835,5.702e-05,4.264e-05,0.00010925,0.00011452,0.11877432,0.00013416,9.6e-07,0.00020316,0.00010733,7.235e-05,7.523e-05,0.00031816,1.533e-05,2.012e-05,6.469e-05,8.241e-05,4.792e-05,0.00012266,0.00016531,1.102e-05,0.00025204,0.00018639,0.00033445,7.906e-05,3.785e-05,3.354e-05,9.966e-05,2.683e-05,7.858e-05,3.019e-05,0.00304169,0.00015668,1.246e-05,1.102e-05,0.00012458,2.492e-05,2.87e-06,2.731e-05,0.0003402,9.6e-07
idXylSylv2,0.0155977,0.00238937,0.08154119,0.0006341,0.00241523,0.00369301,0.00343391,0.00098755,0.00173084,0.00080556,0.0029272,0.00023228,0.00325623,0.00073851,0.00053352,0.00077874,0.00025862,0.00059626,0.00049425,0.00014751,0.00067241,0.00060584,0.00029646,0.00082998,7.998e-05,5.508e-05,0.00018822,0.00212308,0.00083238,0.00206082,7.232e-05,0.0030158,0.00046983,9.914e-05,0.00011686,2.778e-05,7.902e-05,6.801e-05,0.00014368,0.00039511,0.0001614,0.00015182,7.663e-05,0.00021743,3.592e-05,0.00010824,0.05284818,9.052e-05,2.969e-05,5.987e-05,1.964e-05,3.4e-05,4.933e-05,8.046e-05,3.544e-05,0.00032615,0.0001523,2.059e-05,6.37e-05,4.933e-05,2.011e-05,0.00015086,0.00022557,0.00017289,2.586e-05,7.04e-05,3.352e-05,6.13e-05,1.197e-05,0.00013266,2.347e-05,8.477e-05,2.443e-05,3.736e-05,5.029e-05,2.203e-05,6.944e-05,2.299e-05,7.18e-06,0.00012931,8.62e-06,7.28e-05,3.305e-05,0.00028257,0.00131753,7.088e-05,2.586e-05,3.35e-06,4.31e-05,4.789e-05,2.299e-05,9.58e-06,1.485e-05,2.586e-05,4.406e-05,6.418e-05,3.736e-05,0.00027874,3.4e-05,0.00031226,3.83e-06,4.79e-06,5.75e-06,1.724e-05,5.508e-05,0.00030891,0.00040469,5.891e-05,6.801e-05,0.00020019,4.454e-05,0.00020977,3.35e-06,4.071e-05,2.874e-05,0.00015038,4.598e-05,3.35e-06,2.826e-05,7.471e-05,2.538e-05
ihAcaHaem1,0.44325789,0.02340048,0.00639761,0.01141196,0.03819569,0.00084354,0.0054,0.0132933,0.00108038,0.04917799,0.03549904,0.00135215,0.00297416,0.0077,0.01287273,0.00297799,0.0011512,0.00024258,0.00507177,0.0384488,0.00035167,0.00826842,0.0003933,0.00089474,0.00012057,0.00190622,0.00316172,0.00049904,6.411e-05,0.00352488,6.746e-05,0.00027799,0.00063062,0.00061196,0.0002555,9.474e-05,5.598e-05,0.00115981,0.00010478,0.00042584,0.00018708,0.00049904,0.00019139,0.0002622,7.703e-05,0.00021053,0.00065455,0.00022488,9.187e-05,0.00014402,0.00010813,8.947e-05,9.569e-05,0.00041053,6.699e-05,5.933e-05,0.00010335,0.00010909,0.00036938,7.799e-05,3.732e-05,0.00030383,0.00016986,0.000111,4.928e-05,0.00012153,5.837e-05,7.512e-05,3.301e-05,0.00106029,0.00021244,0.00025502,0.00018086,0.00018086,0.00013158,4.115e-05,8.134e-05,8.612e-05,7.799e-05,4.593e-05,0.00020335,0.00039282,8.038e-05,0.00029282,6.411e-05,7.895e-05,1.627e-05,3.349e-05,0.00024402,0.00023206,0.00017081,2.249e-05,0.00015837,5.646e-05,3.254e-05,3.78e-05,8.13e-06,8.421e-05,9.761e-05,4.976e-05,0.00014115,0.0002512,0.00024498,8.13e-06,5.263e-05,0.00015885,0.00014498,0.00011483,9.522e-05,5.55e-05,8.23e-05,0.00012871,5.598e-05,6.411e-05,1.44e-06,8.373e-05,1.866e-05,0.0,0.00022488,0.00014258,9.57e-06
ihAelAcum1,0.00826152,0.00523752,0.07442274,0.00107486,0.00192418,0.00133541,0.00541507,0.00184021,0.01153935,0.08558013,0.00253119,0.00048129,0.0007428,0.01565067,0.00047361,0.00033829,0.00051823,0.00029415,0.00032726,0.00276344,0.00020585,0.00208925,6.622e-05,0.00055134,0.00118666,7.869e-05,0.00022649,9.069e-05,3.503e-05,0.00036468,0.00021545,0.0001334,0.00025192,0.00035365,3.503e-05,7.582e-05,1.823e-05,9.069e-05,5.614e-05,0.00011996,0.00016411,0.00013916,2.735e-05,0.00010749,2.495e-05,0.00295825,0.00015115,3.215e-05,0.00011468,7.63e-05,9.021e-05,4.655e-05,0.00034741,0.00010461,0.01790019,0.00010653,0.0001238,7.68e-06,1.727e-05,3.023e-05,3.695e-05,3.551e-05,6.766e-05,6.046e-05,5.326e-05,3.263e-05,4.32e-06,4.031e-05,5.326e-05,0.0001166,2.111e-05,1.967e-05,5.374e-05,5.278e-05,0.00010269,1.775e-05,5.422e-05,2.879e-05,3.839e-05,4.75e-05,1.583e-05,2.063e-05,3.887e-05,4.127e-05,1.296e-05,0.00015259,8.16e-06,4.32e-06,1.631e-05,1.056e-05,4.32e-06,3.119e-05,2.687e-05,1.008e-05,3.071e-05,9.117e-05,2.4e-06,0.00018954,1.056e-05,8.013e-05,1.44e-05,6.862e-05,2.351e-05,5.76e-06,1.152e-05,2.447e-05,3.935e-05,8.109e-05,1.152e-05,9.6e-06,4.894e-05,1.775e-05,4.32e-06,1.631e-05,5.182e-05,2.831e-05,4.8e-07,0.0,6.91e-05,5.854e-05,4.8e-07
ihDrePlat2,0.00442118,0.00471107,0.00172305,0.00116723,0.00068471,0.00175898,0.0006459,0.00081361,0.0020666,0.00095592,0.00035122,0.00021993,0.00023,0.0002482,0.00018591,0.00013752,0.00042262,6.612e-05,0.00014039,7.571e-05,0.00025395,0.00014806,0.00014183,0.00016435,0.00015525,6.66e-05,4.456e-05,6.229e-05,4.121e-05,6.804e-05,3.929e-05,5.367e-05,5.942e-05,4.36e-05,3.402e-05,5.27e-06,2.204e-05,1.198e-05,3.594e-05,5.798e-05,2.875e-05,5.702e-05,3.067e-05,3.977e-05,3.83e-06,2.683e-05,2.923e-05,2.635e-05,6.71e-06,2.635e-05,1.869e-05,2.252e-05,4.504e-05,2.683e-05,1.006e-05,6.66e-05,1.773e-05,7.67e-06,4.504e-05,2.348e-05,2.252e-05,1.006e-05,5.989e-05,2.779e-05,1.581e-05,1.821e-05,4.31e-06,2.252e-05,1.054e-05,1.437e-05,1.869e-05,8.62e-06,2.06e-05,2.012e-05,1.39e-05,1.15e-05,1.581e-05,4.79e-06,1.677e-05,2.87e-06,1.006e-05,1.342e-05,9.58e-06,1.773e-05,2.348e-05,5.75e-06,2.87e-06,4.31e-06,8.62e-06,6.71e-06,1.102e-05,4.79e-06,2.54e-05,4.31e-06,3.35e-06,4.31e-06,4.8e-07,3.83e-06,8.15e-06,7.67e-06,4.79e-06,9.6e-07,5.27e-06,2.252e-05,4.79e-06,1.485e-05,6.23e-06,1.006e-05,4.79e-06,8.62e-06,1.342e-05,8.62e-06,3.35e-06,4.79e-06,9.6e-07,1.198e-05,2.4e-06,3.35e-06,9.6e-07,1.006e-05,4.8e-07
ihGonAcut1,0.2233784,0.01724797,0.04606211,0.00127664,0.00487482,0.01485284,0.0131849,0.00363306,0.00177066,0.00755327,0.00059771,0.00041137,0.00248352,0.00331486,0.00082035,0.00196082,0.00053225,0.07794075,0.00013951,0.00150979,0.00047778,0.00614955,0.01032489,0.00048399,0.00053273,0.00013856,0.00015671,0.00154802,0.00020019,0.00018156,0.00023411,0.01020927,0.00098806,0.00021691,0.00019685,0.00017535,0.00012422,0.00011801,0.00292785,0.00059436,0.00017821,0.00043239,0.00015767,0.00054467,0.00699236,0.01648447,0.0062752,4.204e-05,3.201e-05,0.00040182,4.78e-06,0.00011897,3.536e-05,0.00198997,0.00086527,0.00012518,0.00017152,2.437e-05,0.00017965,5.733e-05,2.054e-05,0.00036885,0.0001376,0.00014429,0.00015385,3.822e-05,3.01e-05,4.204e-05,0.00016914,0.00010846,0.00120688,0.00055805,0.00013903,0.00034687,0.00012948,6.21e-06,0.00013665,0.00012852,3.918e-05,0.00020784,0.00107788,0.00070139,3.297e-05,9.126e-05,0.00010798,0.00023698,3.966e-05,0.00012805,0.00012183,0.00087148,0.0001548,6.689e-05,0.00090158,0.00035977,8.12e-06,0.00044386,0.00026947,0.0004257,0.00100191,0.00025609,0.00039704,5.877e-05,1.959e-05,0.00022647,0.00022551,6.068e-05,0.00043956,0.00348399,0.00011515,9.6e-07,5.972e-05,0.00014716,1.051e-05,0.00011753,6.259e-05,0.00022456,6.402e-05,1.863e-05,1.099e-05,0.00038414,1.099e-05
ihRhaNebu1,0.26267779,0.01851335,0.08277502,0.0611959,0.00755958,0.07042898,0.00855815,0.0061735,0.00274595,0.0030591,0.00329981,0.00074452,0.00731316,0.00023642,0.00162393,0.00202336,0.00047283,0.07395996,0.00188179,0.00149428,0.00111106,0.00236416,0.00022069,0.00066015,0.00082793,0.00031125,0.00023308,0.00071449,0.00017064,0.00093136,5.529e-05,0.00013823,0.00028694,0.00135939,0.0006878,0.00253337,4.909e-05,0.00021497,0.00010963,0.00054147,0.00033508,0.00342374,0.00020496,0.00029409,9.771e-05,6.768e-05,4.48e-05,8.675e-05,0.00013441,0.00124833,3.908e-05,3.765e-05,0.00011773,0.00165777,3.956e-05,0.01714538,4.623e-05,5.624e-05,0.00028742,0.00848522,0.00166826,3.241e-05,0.00055672,0.00012536,0.00012393,0.00112345,0.0003632,3.718e-05,3.003e-05,0.00016635,0.00028265,4.576e-05,0.00023928,0.00016397,0.00038036,3.813e-05,0.00042231,0.0001163,0.00022593,0.00014442,6.911e-05,0.00072164,6.339e-05,2.622e-05,8.58e-05,8.532e-05,0.000245,2.574e-05,8.77e-05,0.00042183,3.861e-05,6.053e-05,8.151e-05,4.337e-05,2.336e-05,0.00021068,6.339e-05,0.00066254,0.00036559,8.151e-05,0.0029857,9.009e-05,5.72e-06,1.811e-05,0.00014871,1.954e-05,0.00036606,0.00021735,0.00024595,7.197e-05,1.239e-05,0.00056292,7.63e-06,0.00018446,3.289e-05,0.00018589,2.86e-05,0.0,2.479e-05,5.195e-05,1.43e-06
iiGlyPell1,0.43072201,0.0131555,0.01109091,0.02652536,0.09250239,0.00224545,0.00966124,0.01080431,0.00455072,0.00185694,0.01220622,0.00233493,0.0050311,0.00053971,0.01024593,0.18844593,0.01100239,0.00038947,0.00610191,0.00071483,0.00081196,0.0013756,0.00138038,0.00272057,0.00038995,0.00035646,0.00049856,0.00015359,0.0001488,0.00193971,0.00045789,0.00024019,0.00037703,0.00035024,0.00065789,7.321e-05,8.038e-05,0.00099809,0.00012967,0.00185311,7.99e-05,0.00085407,0.00017656,0.00015933,2.488e-05,0.00085167,0.00011722,9.378e-05,6.699e-05,0.00060813,2.057e-05,9.187e-05,0.00019904,9.713e-05,0.00010144,9.426e-05,9.569e-05,0.00030239,0.00027656,0.00035598,0.00013301,6.842e-05,9.187e-05,6.938e-05,4.689e-05,9.043e-05,8.612e-05,0.00211005,2.39e-06,0.00027416,0.00017129,0.00011866,0.00012679,0.00027608,0.00022057,5.455e-05,0.00020287,8.182e-05,6.699e-05,1.1e-05,7.177e-05,0.00097464,0.000189,1.388e-05,9.043e-05,1.148e-05,0.00010431,2.823e-05,0.00013445,0.00029378,6.507e-05,0.00011914,0.00038995,6.316e-05,4.211e-05,8.373e-05,1.483e-05,4.545e-05,0.0001,0.00015024,4.45e-05,0.00012153,1.053e-05,2.679e-05,0.00026651,4.163e-05,8.469e-05,3.11e-05,7.943e-05,2.057e-05,2.392e-05,7.081e-05,0.00016316,8.134e-05,3.397e-05,0.00017033,7.321e-05,0.00017129,6.029e-05,3.876e-05,9.6e-07
iiLimLuna2,0.30667929,0.0162838,0.01064573,0.02198514,0.03326127,0.00425024,0.00195638,0.11933988,0.00619655,0.00511841,0.00303595,0.00082454,0.00121668,0.00033701,0.00230633,0.04175695,0.00058437,0.00014861,0.00238159,0.00024928,0.00040652,0.01582838,0.00022963,0.00330393,0.00071956,0.00064621,0.00024976,0.00040173,8.677e-05,0.00784516,0.00026846,0.00051342,0.00025455,0.00113998,0.00040077,0.00012224,3.308e-05,7.383e-05,3.739e-05,0.00105944,0.00038926,0.00032311,9.588e-05,0.00015053,1.486e-05,0.00037919,7.622e-05,0.00011649,3.116e-05,0.00010499,1.822e-05,6.424e-05,0.00017593,0.00019223,3.02e-05,1.87e-05,7.67e-05,2.541e-05,0.00022531,0.00014909,9.684e-05,4.171e-05,8.725e-05,0.00018121,0.00027037,8.293e-05,6.136e-05,5.177e-05,8.341e-05,0.00038111,8.293e-05,0.00017737,2.541e-05,0.00047315,0.00010019,4.8e-07,2.637e-05,6.328e-05,2.828e-05,0.00050671,6.951e-05,0.00012272,0.00016347,7.335e-05,4.89e-05,0.00023682,9.252e-05,2.109e-05,7.718e-05,0.00016012,2.493e-05,6.232e-05,0.00014813,6.424e-05,5.273e-05,3.356e-05,8.965e-05,8.629e-05,0.00036242,0.00054842,0.00013471,0.00062752,0.00010642,0.00028044,0.0002651,6.424e-05,2.253e-05,6.759e-05,3.164e-05,2.253e-05,0.00011409,9.827e-05,6.52e-05,0.00010594,1.87e-05,9.923e-05,1.92e-06,2.637e-05,0.00049281,8.725e-05,8.15e-06
iiLimMarm1,0.41577927,0.01532438,0.03749184,0.00458301,0.02095633,0.0257404,0.00763292,0.02784789,0.0061857,0.00160797,0.00183541,0.0038786,0.00476679,0.00096593,0.0014333,0.00703071,0.00198273,0.0004381,0.00133733,0.00124376,0.00436948,0.0015096,0.00053839,0.00052975,0.00183829,0.00024904,0.00027255,0.0028239,9.645e-05,0.00060749,0.00011084,0.00066507,0.00259501,0.00010845,0.00013676,4.127e-05,0.00017035,1.296e-05,0.00047361,0.0005523,0.00032342,0.00035461,0.00024712,0.00102447,1.008e-05,0.00284789,4.127e-05,0.00020969,3.023e-05,0.00027447,7.15e-05,7.39e-05,0.00195345,0.00464779,0.00016411,0.00468618,0.00018378,7.678e-05,0.00018282,0.00013196,3.647e-05,0.00019434,0.00049712,0.0010619,0.00012668,4.99e-05,2.303e-05,0.00010317,8.109e-05,6.862e-05,4.079e-05,0.00011324,0.00014587,0.00012812,0.00018714,3.167e-05,0.00014347,6.622e-05,0.00017035,0.00041363,9.693e-05,8.301e-05,4.655e-05,6.958e-05,1.536e-05,6.478e-05,4.175e-05,1.392e-05,2.831e-05,3.887e-05,0.00026056,0.00037284,0.00016267,0.00010077,1.679e-05,3.983e-05,9.069e-05,8.541e-05,0.00020873,5.422e-05,0.00026296,0.00016075,7.965e-05,0.00011996,5.662e-05,0.00011996,9.405e-05,0.00059213,0.0001166,1.967e-05,0.00021641,2.975e-05,8.589e-05,4.463e-05,4.223e-05,3.695e-05,8.16e-06,7.2e-06,4.127e-05,6.19e-05,9.12e-06
iiLimRhom1,0.47015348,0.02432374,0.02375971,0.01209928,0.01910216,0.00214628,0.00280144,0.01004365,0.00318273,0.00224125,0.07568873,0.00095635,0.00159952,0.00084412,0.00739856,0.00202014,0.00123165,0.00038513,0.0036,0.00051127,0.00108969,0.00209592,0.00056691,0.00039424,0.00083118,0.00082782,0.00079233,0.00033333,0.00011175,0.00044652,0.00016787,0.00128297,0.00048345,0.00091127,6.715e-05,0.00056307,0.00011511,0.00013669,0.0003506,0.0001458,0.00070456,0.00025516,0.00027482,0.00029305,2.878e-05,0.00043405,0.00010216,0.00034628,2.878e-05,0.00016403,4.173e-05,0.00021871,0.00063309,0.00071223,6.571e-05,0.00010791,0.00014197,7.098e-05,0.00030504,0.00075827,0.00045659,4.173e-05,0.00030839,0.00027338,6.523e-05,0.00029832,0.00010408,0.00023645,0.00015444,0.00020192,3.261e-05,0.00019281,2.206e-05,0.00012326,0.00033861,6.091e-05,0.00013573,6.954e-05,0.00013094,0.00048058,8.201e-05,0.00013285,8.585e-05,0.0004446,4.077e-05,0.00093957,2.11e-05,0.00102638,0.00024029,0.00011367,3.693e-05,0.0004024,9.305e-05,4.317e-05,5.516e-05,0.00055012,3.022e-05,7.146e-05,0.00015683,0.00583405,9.161e-05,9.209e-05,4.125e-05,0.00032614,0.0002753,2.158e-05,0.00015779,0.00017506,0.00013141,0.00014005,0.00015923,4.508e-05,2.11e-05,0.0008024,6.043e-05,7.386e-05,1.966e-05,1.92e-06,0.00014964,6.715e-05,1.92e-06
ilAbrTril1,0.01679197,0.00487183,0.00619417,0.00329986,0.04572023,0.00588761,0.00099809,0.00222334,0.0166131,0.00072119,0.00741559,0.00217934,0.00099857,0.00085605,0.00109469,0.00116834,0.0050966,0.00031659,0.0006461,0.00090961,0.00745815,0.0015911,0.02275227,0.00071114,0.0013759,0.0002066,0.00048254,0.00165423,0.00016356,0.00268867,0.00013152,0.00052128,0.00088235,4.495e-05,0.00069919,9.66e-05,0.00045098,5.93e-05,0.00276662,0.00027308,0.00016404,0.00018077,0.00111573,0.00161167,9.6e-07,0.00019321,3.778e-05,6.695e-05,4.3e-06,0.0006021,0.00011765,8.321e-05,0.35685509,2.439e-05,8.13e-05,0.0001296,1.674e-05,6.743e-05,0.00017743,4.256e-05,4.974e-05,3.491e-05,0.00018317,0.00183644,4.83e-05,2.296e-05,1.435e-05,0.00017695,3.35e-06,0.00042324,9.039e-05,2.678e-05,4.304e-05,6.456e-05,6.217e-05,4.065e-05,0.0002109,3.922e-05,3.204e-05,1.674e-05,8.8e-05,0.00037637,1.387e-05,3.826e-05,3.539e-05,6.552e-05,4.8e-07,0.00069871,2.869e-05,1.961e-05,0.00069249,8.8e-05,2.152e-05,1.243e-05,1.483e-05,3.156e-05,1.578e-05,0.00019703,0.00017264,5.882e-05,5.261e-05,6.695e-05,2.056e-05,2.248e-05,0.00146055,1.53e-05,0.00012243,1.53e-05,0.0001076,0.0011076,0.00078479,0.00041368,1.483e-05,1.387e-05,1.722e-05,0.00042563,1.43e-06,1.339e-05,9.09e-06,3.682e-05,2.39e-06
ilAbrTrip1,0.02077379,0.05078288,0.00327164,0.00145385,0.02545576,0.00090196,0.00317408,0.00091774,0.04303778,0.00175801,0.0055055,0.00173697,0.00282449,0.00027642,0.00052798,0.00156432,0.00185462,0.00032042,0.00049163,0.0003955,0.00072788,0.00752272,0.00082688,0.00086131,0.00020086,0.00030942,0.00313582,0.00110187,0.00043759,0.00312339,0.00017695,6.169e-05,0.00013678,0.0001296,6.169e-05,5.5e-05,5.308e-05,0.00039311,0.00015208,0.00040124,6.648e-05,0.00015352,0.00029029,0.0009407,2.439e-05,0.0033362,9.326e-05,8.513e-05,2.056e-05,0.00032712,6.313e-05,9.039e-05,0.00041511,0.00101196,6.217e-05,1.53e-05,3.443e-05,4.782e-05,3.109e-05,4.782e-05,4.83e-05,8.513e-05,0.00015591,0.00091344,8.8e-05,3.969e-05,1.339e-05,5.595e-05,3.73e-05,0.00030512,5.165e-05,0.00737159,9.995e-05,9.804e-05,2.487e-05,1.578e-05,7.747e-05,0.00024151,2.104e-05,1.148e-05,0.00011813,6.934e-05,0.00022669,0.00012578,0.00032329,0.00011191,7.174e-05,3.587e-05,5.452e-05,3.491e-05,0.00011286,1.91e-06,9.995e-05,6.552e-05,0.00010282,4.256e-05,3.635e-05,0.00011478,0.00012195,3.969e-05,0.00030703,0.00099426,0.00010043,0.00020947,0.00013821,0.00012147,1.483e-05,1.674e-05,6.887e-05,2.391e-05,8.943e-05,3.109e-05,7.174e-05,1.722e-05,2.917e-05,2.39e-06,5.261e-05,4.8e-07,0.00023099,8.8e-05,6.22e-06
ilAceEphe1,0.01398281,0.0521595,0.01183047,0.02885912,0.1734107,0.01078128,0.00128415,0.00276552,0.00181757,0.00465186,0.00163181,0.00030038,0.00103009,0.00163992,0.00032092,0.00033381,0.00017431,9.074e-05,0.00152483,0.00051862,0.0005745,0.00205158,0.00029895,0.00031757,0.00016905,0.00110411,0.00023639,0.0005979,3.773e-05,0.00031089,0.00016094,0.00150382,0.00031901,0.00045177,0.00013037,0.00018004,4.059e-05,0.00012798,0.00156447,0.00010649,8.883e-05,6.59e-05,8.883e-05,0.00010172,8.6e-06,4.68e-05,3.582e-05,3.343e-05,6.829e-05,0.00056495,3.2e-05,2.579e-05,0.00064279,7.16e-06,0.00010267,9.599e-05,0.00011796,2.579e-05,0.00079656,0.00025215,4.107e-05,6.925e-05,1.624e-05,2.483e-05,7.593e-05,0.00085721,1.385e-05,2.149e-05,4.776e-05,2.818e-05,2.579e-05,6.781e-05,2.197e-05,4.871e-05,8.071e-05,2.101e-05,7.45e-05,1.385e-05,3.677e-05,0.00058357,4.632e-05,9.36e-05,1.194e-05,0.0003744,1.242e-05,0.00030993,9.121e-05,6.21e-06,2.818e-05,2.292e-05,2.053e-05,7.832e-05,1.624e-05,4.871e-05,1.433e-05,0.00055683,1.337e-05,1.098e-05,0.00026934,7.593e-05,2.006e-05,3.104e-05,4.823e-05,1.862e-05,3.343e-05,1.862e-05,6.781e-05,0.00017717,2.531e-05,0.00036724,0.00012321,3.295e-05,3.34e-06,8.309e-05,0.0,0.00011079,1.43e-06,2.34e-05,3.82e-06,2.006e-05,2.39e-06
ilAchFlav2,0.39751604,0.021809,0.00442365,0.01389038,0.01306175,0.00681474,0.00294447,0.01435089,0.00080134,0.00686884,0.00406223,0.00029057,0.00137865,0.00226951,0.02003686,0.00234083,0.00034035,0.00013499,0.00149832,0.00081139,0.00055385,0.00134323,0.00050503,0.0001551,0.00082432,0.00203064,0.00053231,0.00043609,0.00658066,0.00023073,6.51e-05,0.00026137,0.00012925,0.00030732,0.00041407,2.202e-05,0.00139157,8.377e-05,0.000382,0.00011824,0.00329392,7.611e-05,0.00259981,0.00017329,1.915e-05,0.0002001,0.0002001,0.0001618,0.01932312,0.00026185,2.968e-05,7.563e-05,0.00098899,0.00065486,0.00013404,0.00021637,0.00060172,2.106e-05,0.00026281,0.00239923,0.0023887,0.00012494,0.00018191,0.00023696,4.835e-05,0.00024844,0.00010627,7.468e-05,0.00012255,0.012281,0.00030828,9.1e-06,0.00087602,1.915e-05,0.00013643,0.00015462,0.00010819,0.00012303,0.00275921,0.00012925,0.00017855,0.00014122,2.872e-05,0.00038727,0.00035711,0.00011154,6.462e-05,0.00021158,0.00016371,2.441e-05,0.0001101,1.675e-05,7.563e-05,0.00014026,4.213e-05,0.00082432,0.00035328,0.0002202,0.0002944,0.00100239,0.00010388,4.931e-05,8.138e-05,0.00015653,0.00025275,0.0001168,0.00095644,0.00011106,0.00058258,4.931e-05,2.968e-05,0.00050407,1.34e-05,5.553e-05,2.537e-05,2.537e-05,2.058e-05,5.505e-05,6.271e-05,0.00039157,5.026e-05
ilAclCris2,0.16541551,0.02211106,0.1154404,0.00701723,0.00533365,0.02924605,0.00170752,0.02437913,0.00345859,0.00865821,0.00288416,0.00044471,0.00245381,0.00381762,0.00145381,0.00103782,0.00054572,0.00010771,0.00285112,0.00959454,0.00101388,0.00178267,0.00022212,0.00121494,0.00026472,0.00152465,0.00022834,0.00040211,0.00017137,0.00235998,0.00156008,0.00015558,0.00111106,0.00024653,0.00023839,0.00045907,0.00042987,0.00011249,0.00024222,0.00685783,0.00199186,0.00034801,0.00165151,0.00041886,2.87e-06,8.521e-05,0.00012207,0.00024126,7.228e-05,0.00204883,3.064e-05,0.00034801,0.00108521,7.707e-05,0.0001235,0.00461369,8.377e-05,6.941e-05,3.638e-05,0.00132551,0.00032982,7.899e-05,0.00089181,0.00016132,1.484e-05,0.00015797,4.308e-05,0.00013356,5.361e-05,6.798e-05,0.00087458,0.00010771,0.0002293,2.346e-05,0.00245045,0.00016132,4.691e-05,7.946e-05,3.064e-05,0.00068741,8.952e-05,0.00015079,1.675e-05,0.00023265,0.00034897,0.00015845,1.628e-05,8.952e-05,0.00061944,9.335e-05,2.202e-05,2.585e-05,8.186e-05,6.893e-05,2.968e-05,0.04003207,8.617e-05,9.143e-05,0.00018813,0.00061704,8.425e-05,4.835e-05,4.883e-05,2.106e-05,0.00377741,2.298e-05,5.122e-05,0.00010771,4.26e-05,0.00020871,5.266e-05,0.00046721,6.175e-05,5.697e-05,0.00038248,9.526e-05,1.44e-06,2.87e-06,8.09e-05,0.00096218,4.8e-07
ilAclEmar1,0.06527242,0.08042638,0.00388441,0.00590839,0.00158897,0.00572278,0.00395588,0.00627194,0.0051295,0.01284269,0.01358082,0.00059664,0.00211607,0.0083036,0.00218321,0.00053381,0.00048058,0.00017746,0.0008283,0.01466763,0.00080911,0.00122446,0.000753,0.00063693,0.00064269,0.00018513,0.00094484,0.00163789,0.00604221,0.00081007,0.00014676,0.00023597,9.592e-05,0.00046043,0.00066906,1.343e-05,0.00016499,5.851e-05,7.578e-05,0.00067002,0.00040144,0.00023118,0.00104748,0.00011223,1.871e-05,8.393e-05,8.297e-05,7.002e-05,0.00016211,6.235e-05,9.832e-05,0.00043741,0.00098369,6.091e-05,7.626e-05,0.0001554,7.626e-05,2.878e-05,0.00034532,4.7e-05,0.00030743,7.53e-05,0.01155108,0.00010072,5.516e-05,0.00040959,6.139e-05,4.221e-05,0.0,0.00017698,0.00014868,2.686e-05,0.00012662,0.00107482,0.00014101,0.00010504,0.00068393,4.988e-05,0.0003482,0.00011655,0.00043597,9.784e-05,1.871e-05,0.0015952,0.00021871,0.00095396,0.00042062,3.933e-05,0.00572854,0.00010024,5.42e-05,9.209e-05,0.00014964,5.612e-05,2.4e-06,0.00025228,3.213e-05,6.906e-05,0.00032278,0.00015444,0.00017362,4.892e-05,3.549e-05,0.00012038,0.00032086,0.00093477,0.00019329,0.00018753,0.00027914,1.391e-05,0.0009036,0.00522542,6.187e-05,0.00023645,0.00015923,0.00014388,8.63e-06,4.8e-07,2.398e-05,0.00032086,4.8e-07
ilAclLite1,0.25702356,0.01375192,0.00328077,0.00446298,0.0136774,0.00318942,0.00370048,0.01086058,0.00654615,0.00747837,0.00065385,0.00058702,0.00328413,0.00045433,0.00339519,0.00058413,0.0029024,0.0001149,0.00033269,0.00018606,0.00111731,0.00542356,7.5e-05,0.00022356,0.00496587,0.00130433,9.712e-05,0.00245529,1.346e-05,0.00081779,0.00018029,0.00079279,0.00082308,0.00078029,0.00024519,2.308e-05,0.00011731,0.0002774,0.00046683,0.00010865,0.00320288,5.962e-05,2.548e-05,0.000175,5.29e-06,2.5e-05,0.0001149,4.567e-05,0.00017452,0.00072596,7.692e-05,0.0001649,0.00037356,0.00014952,4.087e-05,6.25e-05,0.0003101,5.77e-06,0.0005774,3.558e-05,0.00015433,0.00027837,0.0001976,0.00017163,3.654e-05,0.00169183,0.00018125,8.894e-05,0.00016827,5.529e-05,0.00030192,1.202e-05,0.00015577,0.00020048,7.69e-06,0.00013029,6.202e-05,3.365e-05,0.00026635,0.00028846,7.5e-05,4.519e-05,3.077e-05,7.74e-05,0.00010433,0.00019615,0.00015865,8.17e-06,0.00014904,0.00014615,5.913e-05,0.00055481,0.00014808,0.00039712,1.394e-05,0.01981683,5.673e-05,1.827e-05,0.00406587,0.00492163,4.038e-05,0.00010433,3.558e-05,9.13e-06,2.067e-05,1.298e-05,3.654e-05,3.077e-05,0.00056827,0.00050913,6.346e-05,9.567e-05,3.462e-05,0.0001024,4.81e-06,0.00026394,7.21e-06,2.067e-05,1.154e-05,0.00013798,1.635e-05
ilAclSpar1,0.23774928,0.019907,0.00222579,0.00606424,0.031,0.06342809,0.00107335,0.00124209,0.00335523,0.01037392,0.13028763,0.00025599,0.00115628,0.00066107,0.00100575,0.00058437,0.00110834,5.801e-05,0.00063375,0.00156424,0.00103979,0.00104746,0.00024736,0.00025839,0.00306568,0.00030729,0.00342761,0.00050575,0.00018552,0.00132119,0.00014717,0.00039645,0.00017018,0.00037152,0.00010163,0.00011889,5.561e-05,0.00011074,0.0038931,0.00014046,0.00017546,0.00021764,0.00032071,0.00085523,8.15e-06,0.00067881,0.00212991,0.00014621,7.191e-05,0.00015244,1.246e-05,6.28e-05,0.00052876,0.000279,3.931e-05,0.00015484,0.00026366,2.205e-05,0.00027996,0.00011697,0.00014142,6.951e-05,0.00044391,0.00111601,6.328e-05,0.0007047,1.87e-05,0.00040556,0.00021572,0.00012991,8.245e-05,4.65e-05,0.00031783,9.3e-05,9.636e-05,4.314e-05,4.171e-05,1.63e-05,0.00021764,4.746e-05,7.862e-05,7.478e-05,6.232e-05,0.00043384,0.00017018,7.287e-05,2.589e-05,6.903e-05,8.293e-05,2.109e-05,0.00010547,5.992e-05,0.00011697,9.875e-05,3.164e-05,0.00010019,7.095e-05,8.677e-05,3.356e-05,6.71e-06,5.513e-05,0.00010882,4.075e-05,9.971e-05,0.00013183,9.636e-05,0.00012943,1.822e-05,0.00016539,7.766e-05,3.308e-05,0.00021429,4.267e-05,3.643e-05,9.54e-05,0.00010978,9.11e-06,0.0,9.11e-06,0.00015005,5.27e-06
ilAcrAcer1,0.03903443,0.01312147,0.00814108,0.021088,0.00478049,0.00402965,0.04003109,0.00951841,0.00391248,0.01535485,0.00085127,0.00128981,0.01078144,0.00317647,0.00167958,0.00045194,0.00167432,0.00016978,0.00052415,0.0167714,0.00114012,0.00200096,0.00048446,0.00021425,0.00070062,0.00038116,0.00021616,0.00034433,0.00022477,0.00571401,9.087e-05,0.00021186,0.00221425,0.00168532,0.00034959,6.743e-05,2.774e-05,0.00104495,0.00014969,0.00012817,0.00014825,0.00024677,0.00011095,5.93e-05,2.869e-05,0.00043376,5.595e-05,5.978e-05,7.65e-06,5.022e-05,5.978e-05,2.487e-05,0.00016834,0.00041655,0.00024055,0.00012721,3.778e-05,1.865e-05,0.00186179,9.852e-05,6.791e-05,0.00023386,0.00049785,9.613e-05,0.00012817,1.626e-05,5.548e-05,4.639e-05,0.00012434,4.639e-05,0.00041607,0.00011286,7.987e-05,0.00045098,1.148e-05,4.017e-05,2.296e-05,4.065e-05,0.00017121,0.00013391,7.987e-05,4.735e-05,9.852e-05,3.874e-05,2.965e-05,0.00010617,0.06557054,2.726e-05,3.3e-05,8.369e-05,0.00010665,9.087e-05,8.369e-05,9.804e-05,2.391e-05,7.03e-05,4.017e-05,9.374e-05,0.00011286,4.687e-05,4.017e-05,4.113e-05,0.00015686,2.009e-05,5.93e-05,3.635e-05,0.0001913,2.869e-05,0.00094692,1.769e-05,6.22e-06,3.443e-05,2.87e-06,9.469e-05,1.769e-05,0.0001846,2.2e-05,3.061e-05,0.0004022,0.00012769,2.248e-05
ilAcrLepo1,0.20001055,0.03547194,0.0056494,0.03150983,0.01896595,0.02088106,0.00334628,0.0080024,0.00130935,0.00763453,0.00485516,0.00114628,0.003094,0.00048153,0.00503213,0.00104173,0.00094628,0.00013285,0.00079137,0.00116739,0.00169784,0.00048633,0.00028681,0.00112518,0.00032566,0.00205372,0.00039041,0.00188489,5.947e-05,0.00062206,0.00010839,0.0001717,0.00036882,0.00248153,4.652e-05,0.00024508,0.00045132,0.00034388,0.0016518,8.441e-05,0.00021631,0.00023453,0.0046705,0.00017842,5.659e-05,0.00041103,0.00024844,0.00268297,4.796e-05,0.00019329,0.00011559,7.434e-05,0.0026,0.00038225,4.844e-05,0.00053909,0.01931175,3.118e-05,0.00030743,0.0001199,0.00222734,2.686e-05,0.000706,0.00112086,0.00013429,0.00010072,9.592e-05,0.00038513,0.00108106,8.537e-05,7.722e-05,1.631e-05,0.00191511,0.00031511,5.803e-05,3.453e-05,0.00012902,0.00096643,4.269e-05,0.00031751,0.00011127,0.00023118,8.15e-06,8.15e-06,7.002e-05,1.871e-05,5.851e-05,0.00010983,0.00036211,4.94e-05,1.391e-05,6.283e-05,0.00089928,0.00040528,2.542e-05,0.00077938,0.00040336,0.00021535,2.062e-05,0.00037554,0.00011511,4.652e-05,7.19e-06,2.638e-05,0.00250072,0.00010264,0.00036643,0.00011655,0.00105084,7.674e-05,0.00094293,1.966e-05,2.302e-05,0.00113909,1.391e-05,1.295e-05,2.88e-06,1.007e-05,4.029e-05,7.53e-05,2.302e-05
ilAcrPsix1,0.13083317,0.02505449,0.00365774,0.05831023,0.03021941,0.00491539,0.00999522,0.07392591,0.00323853,0.00514532,0.0048174,0.00219933,0.01527055,0.00025239,0.00133748,0.00145315,0.01208222,0.00014579,0.01158987,0.00035755,0.00028442,0.00068881,0.00081071,0.04905354,0.0006348,0.00043547,0.00037906,0.01149474,5.067e-05,0.00282505,0.00010516,0.00029637,7.361e-05,0.00128346,0.00017878,0.0003088,3.872e-05,0.00018117,0.00070124,0.00022945,0.00027725,6.501e-05,0.00142304,0.00012572,2.87e-06,0.00033652,0.00066444,0.01056071,2.438e-05,0.00038767,3.728e-05,0.00035182,0.0002825,0.00093021,2.629e-05,6.214e-05,0.00041348,0.00011138,0.00034608,0.00036568,2.964e-05,0.00012906,0.00010755,0.00045602,3.155e-05,0.00013958,2.964e-05,0.00071989,0.00051147,0.00029446,1.769e-05,4.35e-05,0.00013671,0.0005,2.964e-05,0.00034034,3.155e-05,0.00146606,6.166e-05,1.052e-05,0.00026386,0.00188862,4.971e-05,1.53e-05,8.843e-05,0.00038958,1.864e-05,6.31e-05,0.00025526,0.00020841,2.438e-05,3.107e-05,0.00119933,0.00022036,0.00102342,0.00060229,0.00042591,0.00109034,0.00024044,0.00012237,0.0002065,0.00015153,7.505e-05,1.53e-05,0.00045602,0.00040201,0.00020889,0.00010038,0.00031644,0.00010612,5.258e-05,6.262e-05,1.673e-05,5.832e-05,4.398e-05,6.405e-05,0.00017973,1.43e-06,0.00019885,0.00027581,2.39e-06
ilAcrSuav1,0.12726625,0.01066587,0.00650382,0.00093929,0.09268451,0.15551195,0.00100335,0.0027653,0.00306214,0.00136233,0.00485803,0.00352533,0.00216252,0.00040057,0.20120746,0.00069073,0.00201769,0.00096893,0.00046176,0.0002414,0.00058413,0.00048184,0.0001109,0.00028155,0.00845268,0.00016922,0.00019312,0.0003891,2.486e-05,0.0006391,0.00022036,8.078e-05,0.00033604,9.608e-05,0.00033031,0.00044025,0.00039675,0.00037237,0.00238576,0.00016348,0.00070029,0.00018451,4.876e-05,0.00051673,0.00096654,8.27e-05,0.00012524,0.00033222,0.00152964,0.00176243,0.00131549,0.00025382,0.00045459,0.00018356,6.501e-05,0.00046702,3.25e-05,0.00016778,0.00012763,0.00334417,0.00016348,0.00024904,0.00033795,0.0001305,6.549e-05,8.7e-05,0.00011377,0.00047323,0.00018164,0.00051291,0.00016013,0.0003499,0.00019025,0.00152103,9.369e-05,0.00065201,0.0004804,0.00013384,0.00015918,6.31e-05,0.00032075,3.728e-05,0.00036711,2.151e-05,5.545e-05,2.342e-05,4.589e-05,0.00014054,0.00037476,5.019e-05,5.258e-05,9.034e-05,3.394e-05,0.00822419,6.644e-05,0.00024761,5.688e-05,2.629e-05,7.505e-05,0.00013719,3.489e-05,4.589e-05,4.924e-05,3.585e-05,0.00011281,5.449e-05,0.00039245,5.736e-05,0.00026004,0.00033413,0.00013958,1.96e-05,8.126e-05,6.979e-05,0.00011902,0.00014627,2.629e-05,2.247e-05,1.195e-05,0.00017017,1.91e-06
ilAglIoxx1,0.07102054,0.00290253,0.00564931,0.04458194,0.04480268,0.00420115,0.00152986,0.00201433,0.00467129,0.00181032,0.00060631,0.00069756,0.0018194,0.0008409,0.00177066,0.00069087,0.00090922,0.0002279,0.00078643,0.00021261,0.00036837,0.0017291,0.00048399,0.0009742,0.00065647,0.00032489,0.00011849,0.00045246,0.00018681,0.00022026,0.00063402,0.00081223,0.00021739,0.04406307,0.00010463,7.023e-05,7.215e-05,3.822e-05,0.00177019,0.0028065,5.447e-05,8.027e-05,0.0003569,6.163e-05,7.17e-06,3.631e-05,0.00038509,0.00010416,3.058e-05,0.00013569,2.437e-05,6.211e-05,0.00010081,8.839e-05,5.686e-05,4.539e-05,0.0001849,1.911e-05,0.00077401,0.00011037,5.972e-05,0.00037124,0.00011992,0.00035882,0.000172,0.00013187,2.819e-05,8.122e-05,0.00094935,0.00012709,6.641e-05,7.836e-05,6.593e-05,0.00022456,4.778e-05,1.816e-05,1.481e-05,4.921e-05,2.246e-05,5.303e-05,2.389e-05,0.00041758,2.867e-05,8.266e-05,0.00014525,6.832e-05,5.925e-05,2.341e-05,4.157e-05,0.00039656,1.529e-05,0.00011276,4.157e-05,0.00020306,4.157e-05,0.00016436,0.00010607,4.109e-05,3.631e-05,5.399e-05,2.914e-05,7.31e-05,2.102e-05,2.293e-05,0.00015432,2.532e-05,9.842e-05,8.027e-05,1.338e-05,0.00023172,0.00036359,0.00145772,6.641e-05,4.3e-05,1.577e-05,0.00011945,1.433e-05,4.8e-07,4.8e-07,2.054e-05,4.013e-05
ilAglUrti1,0.01269128,0.01212512,0.02339358,0.00089501,0.00138303,0.00304123,0.00451198,0.002314,0.00297555,0.00808725,0.00765101,0.00073634,0.00163567,0.00057047,0.00153979,0.00031927,0.00151965,0.00016683,0.00021477,0.00022435,0.00046021,0.00050671,0.00041179,0.00041946,0.02414382,0.00019559,0.00023682,0.00031304,2.876e-05,7.143e-05,0.00020422,0.00232598,0.00020038,4.506e-05,0.00016874,1.678e-05,2.157e-05,2.349e-05,9.156e-05,0.00020709,0.08388543,0.01641802,0.00043145,0.00018073,2.637e-05,0.00024209,0.00013806,3.164e-05,0.0002464,4.986e-05,6.232e-05,2.205e-05,0.00031544,6.855e-05,5.081e-05,0.00013279,0.0001069,4.794e-05,0.00021956,0.00023154,6.136e-05,9.59e-06,5.321e-05,0.00120614,0.00015436,1.438e-05,6.52e-05,0.00049952,9.684e-05,9.3e-05,0.00038063,6.136e-05,0.00012416,2.205e-05,7.143e-05,3.452e-05,0.00025791,5.657e-05,2.349e-05,0.00010115,4.458e-05,0.00016012,1.39e-05,0.0001884,2.972e-05,2.876e-05,7.095e-05,4.79e-06,3.02e-05,0.00016395,4.89e-05,1.63e-05,0.00025887,4.79e-06,5.513e-05,0.00015964,4.89e-05,0.00032311,0.00014717,0.00102637,0.00012368,2.88e-06,0.00284132,7.718e-05,2.109e-05,3.787e-05,0.00019319,5.225e-05,3.691e-05,0.00073682,2.493e-05,2.397e-05,7.478e-05,1.918e-05,1.678e-05,7.67e-06,4.79e-06,3.84e-06,8.773e-05,4.506e-05,1.055e-05
ilAgoAren1,0.37725313,0.00922907,0.01499038,0.005141,0.04973195,0.01539124,0.00159432,0.0075693,0.00187873,0.00225794,0.01786477,0.00110587,0.00185178,0.00045188,0.00447016,0.00397834,0.00105197,0.00016747,0.008282,0.00053369,0.00101155,0.00180077,0.00013715,0.00068094,0.01711983,9.817e-05,0.00100481,0.01468142,8.999e-05,0.00271752,0.00241578,0.00026131,0.00032676,0.00224543,0.00021559,0.00021174,7.94e-05,0.0004769,0.00028393,0.00017661,0.00026083,0.00020452,0.00014004,0.00038884,5.438e-05,0.00188114,0.00291627,0.0004591,0.00018142,0.0003205,3.657e-05,0.00020212,0.00014966,0.00223099,0.00011598,0.00020404,0.00017661,3.176e-05,0.00024639,0.01365784,6.737e-05,0.00021704,9.24e-05,0.00054235,3.032e-05,2.936e-05,5.294e-05,0.00050962,1.877e-05,0.00398989,0.00022137,0.00021463,8.614e-05,0.00010972,0.00305342,0.00029885,0.00013811,0.00028056,5.534e-05,0.00011453,6.4e-05,9.865e-05,0.00020212,4.524e-05,0.00074158,4.86e-05,2.839e-05,0.00012031,0.00013186,2.021e-05,0.00013619,3.032e-05,8.662e-05,1.877e-05,7.459e-05,5.197e-05,0.00023628,3.176e-05,0.00012416,7.555e-05,3.85e-05,0.00028585,5.149e-05,5.823e-05,0.00120019,0.00033397,5.39e-05,0.00014196,0.00019201,0.00224398,7.555e-05,5.29e-06,0.00105582,1.829e-05,2.358e-05,4.812e-05,2.454e-05,1.54e-05,4.716e-05,0.00050962,9.721e-05
ilAgoSubp1,0.50114955,0.01725991,0.00620497,0.00485619,0.00162685,0.00447396,0.0042881,0.00501147,0.00320449,0.00634448,0.00252269,0.00049689,0.00129288,0.00104634,0.00617535,0.0021204,0.00059675,8.887e-05,0.00186718,0.00017774,0.00075251,0.0009785,0.00035977,0.0019656,0.0003956,0.00010846,0.00055805,0.00267606,0.00022121,0.00023985,0.00018299,0.00032585,0.0002709,0.00310272,0.0002236,0.00038653,9.365e-05,0.00029001,0.00024892,0.00017152,0.00014859,0.00019637,0.00070234,0.00018012,7.788e-05,0.0001806,0.00037697,9.508e-05,0.00016722,0.00024032,4.252e-05,0.00128667,0.00019589,0.00014429,3.631e-05,2.914e-05,0.00043574,2.341e-05,0.00019302,3.01e-05,0.00036216,0.00020067,8.6e-05,9.89e-05,0.00018586,0.00023125,5.829e-05,0.00017487,0.00017726,0.00012996,3.297e-05,9.56e-06,7.215e-05,0.00012183,0.00010368,0.00015958,6.498e-05,0.00010177,1.768e-05,2.914e-05,0.00029001,5.065e-05,3.583e-05,0.00015576,0.00041042,0.00025705,9.747e-05,4.73e-05,0.00038987,3.44e-05,0.00017821,0.00010129,5.877e-05,2.771e-05,4.78e-06,0.00028524,3.488e-05,1.433e-05,0.00032011,0.0001161,5.542e-05,0.0001333,4.3e-05,2.532e-05,0.0001849,0.0007377,8.552e-05,0.00049928,0.00062781,0.00034353,3.297e-05,0.00055853,0.00071237,0.00020736,1.529e-05,9.078e-05,8.12e-06,2.914e-05,4.682e-05,0.00016101,2.676e-05
ilAgrAura1,0.24834481,0.01390626,0.01546628,0.00339646,0.01095791,0.0014089,0.0225758,0.00283309,0.00108991,0.00305643,0.05324199,0.00037829,0.00274653,0.00050789,0.16153754,0.00391535,0.0014462,0.0001583,0.00254185,0.0006418,0.00058584,0.00091057,0.00020947,0.00023912,0.00039694,0.00029507,0.0013099,0.00070493,0.00028503,0.00021473,0.00036059,0.00217886,0.00141894,0.00020277,5.93e-05,0.00062171,9.469e-05,2.535e-05,0.00099617,0.00035055,0.00048733,0.0001363,0.00014538,0.00464849,3.35e-06,0.00037159,0.0003319,0.00017743,1.148e-05,6.265e-05,9.56e-06,0.00026495,0.00031899,0.01345672,4.543e-05,7.795e-05,7.03e-05,4.161e-05,0.00016882,0.00044189,3.73e-05,0.00023338,0.00201243,0.00031325,0.00027164,6.456e-05,9.6e-07,8.321e-05,0.00029125,0.00112243,6.026e-05,0.0002286,5.404e-05,0.00013534,8.465e-05,0.00012434,0.00057006,7.843e-05,0.00039646,4.974e-05,0.0004682,0.00039694,0.00041942,0.00016978,6.22e-06,0.0004242,1.43e-06,1.769e-05,0.00688044,7.174e-05,8.991e-05,6.074e-05,0.00017456,0.00038259,0.00014252,0.00043663,4.543e-05,0.00013725,4.591e-05,0.00041129,0.00096413,0.00188092,0.00029794,0.00112291,9.23e-05,9.66e-05,2.63e-05,0.00010713,1.913e-05,0.00183979,8.61e-06,0.0002286,4.78e-06,9.039e-05,3.587e-05,0.00016643,2.39e-06,2.248e-05,0.00010665,0.00012482,2.678e-05
ilAgrCirc1,0.02568363,0.00638582,0.01980019,0.00055899,0.00191675,0.00151332,0.00311513,0.00133968,0.00148763,0.00633777,0.0903725,0.00104662,0.0050333,0.0019862,0.00426832,0.00044719,0.00206137,0.00013606,0.00020457,0.00031256,0.00038582,0.00291817,0.00018268,0.00030019,0.00018792,2.331e-05,0.02272074,0.00056708,0.0001627,0.00113939,0.00013035,0.00082778,0.00268459,6.993e-05,3.235e-05,5.09e-05,0.00099572,0.00062084,0.00013939,0.00030542,0.00024167,0.00125309,0.00011323,0.00065652,5.994e-05,0.00047954,0.00028972,4.9e-05,0.00010419,3.853e-05,6.851e-05,5.423e-05,0.00064129,0.0241746,0.00048573,6.137e-05,0.00347146,0.00026356,6.613e-05,0.00013368,5.376e-05,0.00015081,0.00012274,0.00059705,3.092e-05,7.945e-05,9.943e-05,0.00020695,0.00034015,0.00128639,0.00010657,0.00117983,2.569e-05,1.808e-05,0.00017079,9.277e-05,0.00033159,0.00030637,6.946e-05,0.00023073,0.00020266,4.567e-05,0.00010561,0.00017602,0.0001765,0.00259515,2.712e-05,1.665e-05,2.997e-05,9.705e-05,2.236e-05,4.28e-06,0.00029258,1.855e-05,6.375e-05,3.14e-05,2.617e-05,5.804e-05,7.612e-05,0.00028639,7.279e-05,0.00266841,1.951e-05,1.284e-05,0.00011323,0.00011893,9.99e-05,3.663e-05,1.284e-05,8.56e-06,2.854e-05,1.618e-05,3.949e-05,5.71e-06,8.468e-05,1.284e-05,4.71e-05,9.51e-06,0.26043435,0.00042816,1.903e-05
ilAgrLeuc1,0.14512626,0.01757225,0.19062266,0.00475516,0.00741767,0.00305233,0.00213202,0.00545703,0.00131637,0.00997312,0.00244071,0.00112386,0.00354825,0.00120451,0.00175324,0.00061978,0.00291407,0.00062362,0.00061162,0.00080893,0.00104705,0.00063466,0.00011042,0.00025252,0.00161738,0.00047912,0.00038358,0.00070139,6.529e-05,0.0011469,3.505e-05,0.0003615,0.00052904,0.00019923,0.00010466,0.00031349,8.353e-05,4.945e-05,0.0001229,0.00031877,0.00032117,0.00058281,6.673e-05,0.00025492,8.16e-06,0.0006361,9.65e-05,0.01445079,0.0001325,0.00023092,0.00013202,7.345e-05,0.00046952,0.00060394,3.937e-05,0.00012386,7.489e-05,0.00010802,0.00063802,0.00037878,0.00044839,6.673e-05,0.00066827,0.00023188,0.00017859,4.033e-05,7.297e-05,7.105e-05,0.00019107,0.00047144,0.00068171,0.000265,0.0001037,0.00025252,0.00031301,9.65e-05,0.00043159,5.569e-05,0.00010274,0.00011858,0.00051608,0.00016035,0.00028133,0.00137158,4.177e-05,2.064e-05,3.84e-06,0.00031781,0.00019923,3.889e-05,4.897e-05,2.256e-05,3.024e-05,0.05681805,0.00067115,0.00024004,8.689e-05,0.00119251,6.481e-05,0.00019923,0.00301776,0.00010898,9.12e-06,0.00010706,0.00041191,5.473e-05,0.00053529,1.488e-05,4.993e-05,1.872e-05,0.00023428,0.00014978,1.92e-05,2.928e-05,6.24e-06,2.832e-05,3.84e-06,3.217e-05,3.457e-05,2.304e-05,1.728e-05
ilAgrLota1,0.08003727,0.01166651,0.00520545,0.00620545,0.00513712,0.00354085,0.01458576,0.00172336,0.00665934,0.0495958,0.00471954,0.00167033,0.01275776,0.00047109,0.00614095,0.00106211,0.01822408,0.00022504,0.00956617,0.0003096,0.00055375,0.00078691,0.00051839,0.00097133,0.00130817,0.00037649,0.00037793,0.00089489,4.969e-05,0.00376684,0.00016006,0.00073244,0.00039369,0.00263736,0.00023411,0.00021739,4.109e-05,0.00077544,0.00012948,0.00033779,0.00041567,0.0003311,0.0004429,0.00050454,3.44e-05,0.00042523,0.0007033,0.0002107,0.00023937,0.00044816,4.252e-05,0.00020879,0.00032298,0.00045103,4.73e-05,0.000129,0.0012494,0.00018012,0.00019255,0.0002193,0.00043096,0.0002623,0.00012279,0.00170807,4.873e-05,0.00097659,0.0003999,0.00154037,0.00094553,0.00013378,0.00042236,0.00046393,8.122e-05,0.00017391,3.106e-05,1.672e-05,0.00017009,0.00038557,2.341e-05,0.00145819,0.00010702,4.348e-05,2.914e-05,0.00020497,1.768e-05,5.59e-05,0.00030913,4.3e-05,0.00010463,0.0001806,0.00121596,7.31e-05,0.00020497,8.361e-05,9.556e-05,9.412e-05,7.788e-05,9.603e-05,0.00019971,5.256e-05,0.00018538,2.198e-05,2.58e-05,5.303e-05,3.488e-05,0.0025657,0.00044673,2.914e-05,0.00025705,2.819e-05,7.64e-06,0.00017535,4.443e-05,0.00027568,8.027e-05,0.00027234,8.409e-05,4.3e-05,1.099e-05,0.00028858,4.8e-07
ilAgrMaci1,0.18277938,0.02445899,0.0040777,0.0018729,0.0099693,0.00144892,0.00494005,0.00174724,0.00108537,0.06244604,0.13827194,0.00173765,0.00304269,0.00160192,0.00560624,0.00173957,0.00836835,0.00014293,0.00045228,0.00136163,0.00046619,0.00386331,0.00016019,0.00049257,0.00015827,8.729e-05,0.00049928,0.00056163,0.00011847,0.00061391,9.305e-05,0.00017266,0.00017218,0.00014964,0.00015588,6.379e-05,0.0002,0.00170504,0.00037074,2.254e-05,0.00026091,0.00015492,8.489e-05,0.00016595,2.206e-05,0.00011703,4.7e-05,5.707e-05,9.59e-06,3.118e-05,7.434e-05,0.00022254,0.00024317,4.7e-05,4.221e-05,0.00010887,0.00014293,0.0002048,0.00012374,6.954e-05,0.00047242,1.727e-05,0.00078753,0.00023165,4.317e-05,7.482e-05,0.00031127,0.00013573,0.00018513,9.64e-05,0.00011894,5.755e-05,5.659e-05,4.652e-05,4.221e-05,1.007e-05,0.00183693,3.741e-05,0.00022494,4.7e-05,9.161e-05,2.062e-05,0.00011655,2.782e-05,0.0003223,7.146e-05,0.00038177,3.789e-05,3.453e-05,0.00024173,2.782e-05,6.954e-05,3.453e-05,4.7e-05,2.926e-05,1.391e-05,6.283e-05,0.00012854,0.00016403,7.002e-05,2.11e-05,0.00015204,2.926e-05,2.302e-05,0.00013381,0.00010024,3.022e-05,1.295e-05,1.487e-05,1.535e-05,2.59e-05,3.789e-05,0.00012854,9.305e-05,5.76e-06,3.933e-05,9.11e-06,3.36e-06,0.00066859,0.00012374,2.4e-06
ilAgrMarg1,0.42121305,0.01096641,0.00626679,0.002369,0.06135893,0.00245298,0.00179655,0.00208829,0.00303743,0.01500288,0.00978503,0.00057486,0.00142083,0.00047505,0.0109453,0.0045048,0.00160509,9.501e-05,0.0029525,0.00039683,0.00024712,0.00477399,0.00054127,0.00074472,0.00157342,9.981e-05,0.00033925,0.00166651,0.00125432,0.00051919,0.00011324,0.00018714,0.00022889,0.00105422,0.00029367,0.01694626,1.823e-05,9.021e-05,0.00065115,0.00024904,0.0004357,7.006e-05,0.00044482,0.00017802,0.00014491,0.00012956,0.0001737,0.00017466,1.631e-05,0.01633973,4.031e-05,0.0001737,0.00098848,0.00172073,0.00011228,0.00016939,0.00015019,1.104e-05,0.00020729,0.00040643,3.551e-05,0.00127831,0.00017466,0.00395921,0.00039539,0.00012428,1.152e-05,0.00074088,3.167e-05,0.00051536,0.00045106,0.00032582,3.983e-05,0.00019818,0.0001406,0.0001905,0.0001977,0.00019194,2.735e-05,0.00010893,0.00025912,0.0002476,0.00010413,0.00011948,1.871e-05,0.00053023,8.493e-05,0.00016555,0.00027591,1.2e-05,0.00011564,0.00015979,2.015e-05,3.599e-05,0.00014012,0.00016987,5.95e-05,6.718e-05,0.00103983,0.00020441,5.182e-05,0.00012956,2.783e-05,5.182e-05,0.00020441,0.00073752,0.00022889,0.00016699,0.00015307,0.00820873,0.00013436,0.00014971,0.0002001,1.152e-05,0.00018138,0.00012668,9.6e-07,5.47e-05,0.00035365,0.00041459,8.16e-06
ilAgrTris1,0.59061649,0.00888111,0.00502253,0.00122723,0.01439645,0.0144837,0.00187872,0.00129291,0.01113806,0.00302637,0.00444583,0.00105177,0.00140316,0.00063854,0.00058677,0.00045638,0.0048581,0.00020326,0.00032071,0.00047267,0.00041802,0.00218936,0.00013615,0.01337296,0.00023394,6.184e-05,0.00063758,0.00065484,3.26e-05,0.00111266,0.03020422,0.00025216,0.00014142,0.00011314,0.00020134,8.629e-05,2.88e-06,5.081e-05,0.00010019,0.00015197,0.00036481,0.00018217,5.944e-05,0.00040556,2.349e-05,0.00015916,0.00011457,0.00013375,7.191e-05,0.00024401,3.404e-05,0.00064669,0.00030633,0.00020422,4.986e-05,3.164e-05,5.081e-05,4.314e-05,7.862e-05,7.239e-05,6.04e-05,0.00017833,6.232e-05,5.753e-05,0.00017162,2.541e-05,3.643e-05,8.293e-05,5.801e-05,9.54e-05,5.944e-05,0.00025935,9.971e-05,6.616e-05,0.00040556,6.136e-05,0.00012656,0.00017018,9.59e-06,0.00014669,7.383e-05,5.321e-05,2.205e-05,3.452e-05,3.883e-05,7.191e-05,3.164e-05,1.438e-05,7.239e-05,7.047e-05,4.171e-05,4.31e-06,3.356e-05,9.875e-05,1.726e-05,6.711e-05,2.205e-05,2.924e-05,6.04e-05,4.746e-05,7.526e-05,1.198e-05,5.75e-06,2.78e-05,0.00026366,0.00011505,0.00011314,5.561e-05,1.63e-05,3.931e-05,4.171e-05,4.554e-05,2.685e-05,3.26e-05,7.67e-06,2.013e-05,2.972e-05,1.44e-06,2.733e-05,4.41e-05,2.205e-05
ilAlcRepa2,0.10499857,0.00858242,0.02235834,0.00626804,0.00380889,0.00265361,0.00104396,0.02833731,0.00624749,0.00144338,0.03726947,0.00200478,0.02022265,0.00034974,0.00194553,0.00145294,0.00548352,0.00016436,0.00388677,0.00070855,0.00105686,0.00402246,0.00035165,0.00134639,0.00027711,0.00018204,0.00017391,0.00102102,5.447e-05,0.00069279,0.00013903,0.00011562,0.00015767,0.00025848,4.587e-05,0.00060965,0.00017487,0.00087769,0.00065695,0.00020975,0.00011085,0.00211753,6.976e-05,0.00014238,9.6e-07,0.0001634,4.873e-05,0.00075824,3.918e-05,0.00027425,3.966e-05,0.00020449,0.00237076,8.887e-05,3.679e-05,0.0001591,0.00016914,4.73e-05,0.00034066,0.00027138,0.00013043,0.00016675,0.00016961,0.00030387,0.00020162,0.00039465,0.00018825,8.361e-05,4.443e-05,6.928e-05,9.56e-06,1.099e-05,9.938e-05,0.00051171,0.00080602,3.344e-05,4.873e-05,0.00167606,6.068e-05,0.00037554,0.00421118,4.969e-05,0.00065982,0.00013282,0.0003483,4.061e-05,0.00022265,3.344e-05,0.00036933,0.00051792,1.003e-05,0.00057382,4.682e-05,0.00023029,0.00035834,0.0001075,0.00053655,5.351e-05,0.00037554,0.00012852,0.00015815,0.00015528,2.198e-05,2.962e-05,0.0103053,0.00013665,0.00020354,4.348e-05,0.00013569,0.00015146,0.00010081,1.194e-05,1.433e-05,0.0002752,2.628e-05,0.00903822,2.771e-05,5.686e-05,0.00012709,0.00055805,1.43e-06
ilAllOxya1,0.24339355,0.00596146,0.00450578,0.00277168,0.0033974,0.00867678,0.00369412,0.00502601,0.00112813,0.00190318,0.11243304,0.00112042,0.00207948,0.00076734,0.07790222,0.0092842,0.00059634,0.00025434,0.00893834,0.00010886,0.0029027,0.00109778,0.00014403,0.00029094,0.00080636,0.02731985,0.00034971,0.00028709,0.00014884,0.00173025,0.00012139,0.0006262,0.00081021,0.00026927,6.696e-05,0.00087331,0.00240703,0.00200096,0.00209104,0.00228227,0.01560742,0.00010934,0.00019798,0.00030395,5.395e-05,2.216e-05,8.526e-05,5.78e-05,0.00019075,0.00016281,0.00010838,6.696e-05,0.00036175,0.00055395,5.058e-05,0.00043304,0.00328661,2.505e-05,0.00011802,0.00039451,0.00086898,5.154e-05,4.624e-05,0.00013198,0.00025578,0.00010356,6.26e-06,0.00021724,0.00046628,6.069e-05,0.00022351,9.441e-05,0.00011946,8.141e-05,3.372e-05,8.574e-05,0.00019509,2.553e-05,6.021e-05,0.0001922,3.565e-05,3.468e-05,0.0003343,4.287e-05,0.00010405,0.00093449,8.382e-05,4.48e-05,0.00028276,0.00059538,4.528e-05,0.00011031,0.00022303,0.00039451,2.746e-05,0.00034682,2.794e-05,5.925e-05,5.588e-05,0.0196604,2.264e-05,0.00110356,0.00011368,1.108e-05,5.829e-05,1.975e-05,6.888e-05,6.647e-05,1.445e-05,0.00026397,6.84e-05,0.00027216,4.287e-05,7.707e-05,6.936e-05,1.108e-05,0.00012428,4.82e-06,1.879e-05,0.00018642,5.78e-06
ilAlsAesc1,0.27284667,0.01198035,0.00867034,0.0054207,0.00461572,0.00327024,0.00189075,0.00373982,0.02878534,0.0034001,0.01633733,0.00047868,0.00282367,0.03897029,0.00067417,0.00300048,0.00057643,0.00076713,0.00091136,0.00122233,0.00029756,0.00139051,0.002885,0.00216483,0.00106133,0.00086775,0.00613081,0.00253138,0.00143651,0.00054049,0.00023814,0.00232583,0.00029229,0.00062865,0.00015956,0.00016148,4.456e-05,7.283e-05,0.00029612,0.00011308,0.00012123,5.414e-05,0.00293388,0.01021275,3.306e-05,0.00143843,9.535e-05,0.00016723,3.594e-05,0.00291806,5.031e-05,7.571e-05,0.00031433,0.00034164,8.481e-05,8.146e-05,0.00017873,2.06e-05,0.0002367,2.875e-05,0.00018831,5.654e-05,0.00036416,8.673e-05,0.00013273,0.00028366,3.642e-05,5.846e-05,1.917e-05,0.00075276,3.785e-05,0.00015764,0.00148491,0.00230283,0.00176234,3.594e-05,0.00029899,0.0002276,6.181e-05,9.248e-05,3.067e-05,0.00071394,0.00043268,0.00742932,5.702e-05,0.00113368,5.702e-05,9.871e-05,5.75e-05,9.008e-05,2.587e-05,3.354e-05,4.935e-05,0.00016195,0.00016531,0.00018687,6.996e-05,0.00453091,6.996e-05,0.00014471,0.00051557,0.00172161,7.67e-06,6.66e-05,0.00024677,0.0001955,0.00024102,3.594e-05,6.71e-06,6.373e-05,0.00019598,5.414e-05,1.246e-05,1.581e-05,3.69e-05,7.858e-05,1.725e-05,1.533e-05,2.923e-05,0.00013368,9.6e-07
ilAmpBerb1,0.46746187,0.0173765,0.00213429,0.00088345,0.00607866,0.00173717,0.06655731,0.00308729,0.00239712,0.0087554,0.0009482,0.00071751,0.00489928,0.00041199,0.00223837,0.00253813,0.00152854,0.00237314,0.00018225,0.00034293,0.00239808,0.00046475,0.00043213,0.00021727,0.0009693,0.00015683,0.000906,0.00040432,0.00037746,0.0016494,0.00493621,0.00046763,0.00020096,4.652e-05,0.00022974,6.571e-05,7.434e-05,9.592e-05,0.00056691,0.0005012,0.00043261,0.00026427,0.00041583,0.00013381,2.398e-05,0.00022014,0.00014293,0.00010024,0.00017554,0.00023261,4.029e-05,3.549e-05,0.00030887,5.947e-05,3.07e-05,4.46e-05,0.00011223,0.00021343,6.283e-05,7.578e-05,0.00079856,0.00066523,0.00014388,8.297e-05,4.988e-05,0.00025995,4.029e-05,0.00041583,0.00010216,0.00014772,6.043e-05,0.00058657,0.00014149,0.00024556,1.535e-05,2.062e-05,0.00036978,9.11e-06,6.954e-05,6.331e-05,0.00072854,0.0003482,0.0003223,0.00010839,0.00013669,3.741e-05,1.535e-05,3.597e-05,4.508e-05,4.652e-05,0.00043261,4.221e-05,0.00023165,7.05e-05,3.693e-05,3.405e-05,5.132e-05,0.00041727,0.00018225,0.0001295,0.00072854,0.00039952,0.00022206,0.00057218,5.372e-05,8.825e-05,0.00016355,7.67e-06,2.686e-05,0.00012566,4.46e-05,3.741e-05,3.84e-06,4.748e-05,1.823e-05,0.00014149,1.92e-06,1.295e-05,3.022e-05,4.077e-05,2.4e-06
ilAmpLuce6,0.49649714,0.00599189,0.01114313,0.00126765,0.00667939,0.00485735,0.01143893,0.00635353,0.003927,0.00133349,0.00299618,0.00108683,0.00333015,0.00040458,0.00444132,0.00069656,0.0062562,0.00040458,0.00030105,0.00028053,0.0008354,0.00215792,0.00010544,0.00037548,0.00057681,0.00011927,0.00022615,0.00022615,0.00013979,0.00017176,0.00010448,0.00016746,0.02688979,0.00016794,0.00012786,1.097e-05,0.00069132,0.00029389,0.00089981,0.00036975,0.00071613,0.00017271,5.964e-05,0.00049141,1.622e-05,0.00031107,0.00024714,8.635e-05,0.0002729,7.634e-05,3.244e-05,9.637e-05,0.00015267,0.0001374,0.00013502,0.00042796,4.58e-05,0.00045372,0.00064742,0.00013597,2.672e-05,0.00017462,9.017e-05,9.399e-05,7.013e-05,2.529e-05,1.193e-05,0.0003249,0.00010258,0.0001145,0.00014074,0.0001584,0.00010162,3.721e-05,2.767e-05,0.00133302,0.00019132,2.719e-05,3.483e-05,8.874e-05,0.00025382,3.626e-05,6.823e-05,6.823e-05,2.529e-05,0.00012834,4.628e-05,0.00117748,8.206e-05,0.00012071,8.063e-05,0.0002042,0.00019179,0.00030964,4.866e-05,0.00018034,5.582e-05,2.385e-05,0.00026288,6.393e-05,4.485e-05,2.958e-05,1.002e-05,0.00039599,5.439e-05,2.338e-05,5.916e-05,0.00027576,4.628e-05,5.63e-05,2.385e-05,2.29e-05,5.01e-05,4.77e-06,2.958e-05,7.63e-06,1.431e-05,1.336e-05,3.34e-06,6.966e-05,0.0
ilAmpOcul1,0.50027277,0.0089813,0.01079434,0.00069415,0.00297028,0.00154171,0.00115149,0.00060499,0.00307574,0.00454219,0.00515676,0.00100863,0.00844343,0.00151965,0.00402349,0.00031112,0.00107526,0.00027373,0.00023058,0.00088782,0.00036529,0.00050288,0.00070326,0.00054506,0.00457287,3.835e-05,0.00029099,0.00061841,0.0015163,0.00030201,0.00091371,0.00114573,0.00144871,7.958e-05,0.00016826,5.034e-05,2.828e-05,5.657e-05,0.00012368,0.00056759,9.971e-05,0.0001093,9.971e-05,0.00272675,1.534e-05,0.00046021,0.00042522,8.006e-05,0.00021333,0.00016922,9.108e-05,0.00013279,0.0001884,0.00040364,0.00023778,6.711e-05,7.287e-05,0.00013567,0.00021189,0.00048849,1.342e-05,0.00068648,0.00136098,0.00026318,0.00015149,3.979e-05,1.822e-05,0.00016587,9.012e-05,0.00016491,3.356e-05,0.0003001,5.513e-05,0.00016587,7.91e-05,5.753e-05,0.00032742,4.602e-05,6.663e-05,0.00010259,0.00011266,3.979e-05,0.00017737,9.444e-05,8.341e-05,0.000314,9.779e-05,0.00021812,0.00028044,9.156e-05,0.00272291,6.616e-05,1.294e-05,6.711e-05,5.75e-06,0.00109636,1.103e-05,7.335e-05,0.00013039,0.00014525,0.00028284,7.526e-05,0.00019415,0.00029243,0.00011985,9.684e-05,0.00015436,3.595e-05,0.00017114,8.437e-05,2.972e-05,0.00024305,7.335e-05,6.328e-05,4.267e-05,5.081e-05,2.349e-05,1.486e-05,3.02e-05,8.102e-05,3.84e-06
ilAmpTrag2,0.55419223,0.00452013,0.01572867,0.00514765,0.00580058,0.00373442,0.00259827,0.03142282,0.02337728,0.00237344,0.0006558,0.00302349,0.00237057,0.00057766,0.00112176,0.02444535,0.01405849,0.00022339,0.00041611,0.0002488,0.00137824,0.00125024,0.00027421,0.00273058,0.00106711,0.00020757,0.00021045,0.00034756,5.225e-05,0.0007464,0.00016155,7.478e-05,0.00015484,0.00023154,9.06e-05,0.00011601,1.438e-05,0.00032502,0.00095973,9.923e-05,0.00016107,0.00023106,0.000186,3.979e-05,1.582e-05,0.00018696,0.00013087,8.677e-05,2.637e-05,0.00027229,0.00011745,2.205e-05,0.00020662,0.0003279,3.883e-05,0.00014238,0.00015868,9.3e-05,0.00021237,0.00019655,0.00016299,0.00025983,5.129e-05,9.156e-05,4.362e-05,0.00012943,0.00036769,0.00066539,0.00040556,7.43e-05,0.00031112,1.198e-05,0.0001256,0.00012416,8.677e-05,0.00018073,0.00011122,3.643e-05,1.198e-05,7.718e-05,7.814e-05,0.00247939,2.88e-06,0.00015772,2.541e-05,2.733e-05,5.753e-05,9.252e-05,0.00010738,9.827e-05,1.918e-05,9.588e-05,6.903e-05,7.814e-05,1.774e-05,0.00031064,5.75e-06,5.081e-05,5.753e-05,6.472e-05,0.00010594,4.89e-05,3.212e-05,3.931e-05,5.081e-05,4.219e-05,0.00010307,3.36e-06,1.918e-05,0.00045638,5.129e-05,3.787e-05,3.931e-05,7.526e-05,5.705e-05,4.698e-05,2.397e-05,7.67e-06,4.794e-05,6.184e-05,4.8e-07
ilAnaInnx2,0.09194553,0.01078786,0.02162781,0.05342618,0.06072671,0.00829431,0.01210798,0.00316436,0.01046871,0.00401959,0.005215,0.00151792,0.00319685,0.00043144,0.00325323,0.00188963,0.00268657,0.0003268,0.00441663,0.00016818,0.00157095,0.00066125,0.0006044,0.00931964,0.00441472,0.00022169,0.00113999,0.00309556,0.00018347,0.00089441,0.0017979,0.0020731,0.00116627,0.00085475,0.00013235,0.00061538,5.972e-05,7.788e-05,0.0053956,0.00032633,0.00013378,0.00058911,5.925e-05,0.00182465,1.051e-05,0.00184854,0.00048065,0.00015862,1.816e-05,0.00012996,3.106e-05,3.727e-05,0.00056044,0.07388199,7.31e-05,0.01565122,0.00018777,0.00023698,0.00065122,0.00017869,7.645e-05,0.00010416,8.6e-05,0.00100669,5.017e-05,0.00024892,0.00016149,0.00097754,0.00020688,7.31e-05,0.00030865,0.00012996,0.00022504,0.00010416,8.982e-05,6.498e-05,5.16e-05,0.00075012,5.256e-05,6.641e-05,8.696e-05,8.839e-05,4.921e-05,0.0004042,9.126e-05,0.00038939,0.00046679,7.119e-05,3.058e-05,0.00019111,0.00014763,6.402e-05,0.0001677,3.583e-05,4.3e-05,1.816e-05,7.071e-05,4.969e-05,7.549e-05,0.00015576,0.00010655,7.119e-05,2.532e-05,3.44e-05,0.00010798,2.437e-05,8.218e-05,0.00018395,2.246e-05,0.0002795,0.00028141,2.007e-05,1.911e-05,0.00011753,0.00012327,4.682e-05,2.39e-06,7.64e-06,0.00147922,1.338e-05,0.0
ilAnoMund1,0.47587123,0.00500957,0.06107085,0.00645093,0.00576687,0.00296123,0.01185256,0.00716754,0.00428674,0.0031034,0.00121829,0.000618,0.00136908,0.00034035,0.00046577,0.00113595,0.00048301,0.000191,0.00038296,0.00190905,0.00039397,0.00052896,0.00029536,0.00057779,0.00059837,0.00030924,0.00037386,0.00089852,0.00028291,0.00057779,0.00038535,0.00062614,0.00045716,0.00037674,8.76e-05,2.872e-05,0.00010196,5.314e-05,0.00028722,0.00017855,0.0024854,0.00018095,0.00022786,7.946e-05,1.149e-05,0.00027621,0.00250646,0.00022786,0.00036477,0.0003078,4.356e-05,0.0002786,5.457e-05,0.0001551,2.537e-05,0.00020536,0.000337,3.064e-05,0.00027908,0.00014026,0.00013068,0.0002202,0.00113212,0.00023313,6.367e-05,0.00127046,3.447e-05,5.84e-05,0.00017185,0.00010101,0.00021924,3.686e-05,0.00030349,0.00012398,7.611e-05,0.0001393,0.00013739,0.00014409,8.952e-05,2.393e-05,2.92e-05,6.51e-05,0.00015893,0.00057539,7.563e-05,0.00010723,4.643e-05,6.558e-05,0.00014935,8.138e-05,8.808e-05,1.101e-05,0.00014552,8.138e-05,0.00010627,4.978e-05,0.00105697,9.43e-05,4.404e-05,0.00032169,0.00014409,3.159e-05,0.000146,0.00213978,0.0001101,0.00030637,0.00015223,5.218e-05,4.452e-05,5.84e-05,2.537e-05,3.83e-05,3.877e-05,5.314e-05,8.042e-05,3.016e-05,1.44e-06,1.005e-05,3.207e-05,0.00034801,1.292e-05
ilAntCard3,0.15910952,0.00194022,0.03487661,0.05926877,0.00986896,0.01214204,0.00124008,0.00844668,0.0364682,0.00110856,0.00046198,0.00203826,0.00093831,0.00035342,0.00107747,0.00263462,0.00095552,0.00035294,0.00046915,0.00089766,0.00075753,0.00212482,0.00097991,0.00046246,0.01204735,0.00053228,7.652e-05,0.00027451,0.00013486,0.00065901,0.00021808,0.00020899,7.652e-05,0.00122621,2.296e-05,9.565e-05,5.26e-06,0.00022143,0.0002023,6.074e-05,0.00239216,0.00022908,0.00078049,5.5e-05,1.291e-05,4.256e-05,7.795e-05,2.582e-05,5.356e-05,0.00071306,2.678e-05,0.00022908,0.00037207,0.00033668,1.243e-05,8.082e-05,0.00015352,3.635e-05,0.00028838,0.00057724,0.00016021,0.00013773,0.00021951,0.00014682,0.00014395,0.00021616,0.00028407,0.00014538,0.00010282,0.00023529,0.0005758,4.687e-05,0.00013056,0.00012099,1.865e-05,0.00016404,1.817e-05,1.578e-05,7.03e-05,0.00039837,1.483e-05,0.00045385,0.00041129,9.804e-05,0.00030129,0.00017504,0.0001956,1.1e-05,9.421e-05,2.009e-05,3.061e-05,0.0003692,6.552e-05,3.587e-05,0.00023721,4.543e-05,8.082e-05,0.00041176,2.009e-05,0.00154472,0.00019225,0.00017264,0.00020612,0.0001583,0.00047537,0.00014012,9.278e-05,9.039e-05,8.847e-05,0.00017695,1.769e-05,5.548e-05,5.643e-05,0.00139024,6.313e-05,0.00014347,2.39e-06,1.578e-05,0.00011191,0.00066284,1.674e-05
ilAntChix2,0.05823367,0.02705246,0.00519886,0.00441392,0.04015784,0.00531712,0.02883453,0.00203529,0.03657988,0.00805961,0.00056128,0.00103529,0.00319409,0.00020982,0.00048164,0.00080544,0.00495994,0.00015832,0.00026276,0.00027039,0.00108631,0.00116309,6.867e-05,0.00066571,0.00078636,0.00014592,0.00020458,0.00401717,5.103e-05,0.0013815,0.00030186,0.00010253,9.251e-05,0.00063853,0.00041011,4.196e-05,4.77e-06,6.39e-05,6.819e-05,0.00015117,0.00018169,8.488e-05,4.578e-05,8.822e-05,2.766e-05,0.00024368,0.00026037,0.00040105,5.055e-05,0.00054411,5.961e-05,0.00018789,0.00016738,0.00010396,1.383e-05,4.435e-05,0.00016452,0.00018216,0.00042585,0.00018026,0.000268,0.00057701,0.00037625,0.00010348,0.00020696,6.485e-05,5.198e-05,4.816e-05,1.717e-05,0.00015498,2.861e-05,2.289e-05,0.00131664,0.00020839,3.815e-05,8.202e-05,5.866e-05,2.384e-05,7.821e-05,0.0001402,8.488e-05,3.433e-05,3.29e-05,6.152e-05,6.152e-05,3.29e-05,2.67e-05,6.68e-06,0.00011445,8.584e-05,1.431e-05,8.584e-05,0.00024607,0.00014115,0.00048212,9.537e-05,3.72e-05,1.574e-05,3.91e-05,2.814e-05,4.816e-05,0.00014831,5.72e-06,9.5e-07,0.0001092,6.915e-05,7.582e-05,7.487e-05,5.15e-05,4.483e-05,7.964e-05,2.527e-05,1.669e-05,0.00025656,1.526e-05,3.195e-05,1.526e-05,1.049e-05,1.717e-05,3.672e-05,2.432e-05
ilAntDeri1,0.04364155,0.01393042,0.02229223,0.0031737,0.00492274,0.00084261,0.00093906,0.00424952,0.00220489,0.00226823,0.00279271,0.00189875,0.00332965,0.00515403,0.01265115,0.00074568,0.00218138,0.00039395,0.00163004,0.00073273,0.0001166,0.04530662,0.00060173,0.00075096,0.00034837,0.00038388,7.678e-05,0.00039779,0.00011516,0.00028743,5.182e-05,0.01198656,0.00015643,0.00019962,6.814e-05,2.639e-05,2.399e-05,0.00024424,0.00018858,0.00061948,0.00079894,5.758e-05,0.00030374,9.885e-05,7.726e-05,8.829e-05,1.775e-05,0.00022169,8.589e-05,0.00033733,7.438e-05,0.00135269,0.00016219,0.00022601,0.00010413,3.791e-05,1.488e-05,4.415e-05,0.00010988,0.00033973,0.00038964,7.486e-05,0.00026775,5.806e-05,8.781e-05,0.0002999,0.00042514,0.00013772,0.0001214,0.00013004,4.271e-05,5.182e-05,0.00019194,0.00054655,5.71e-05,2.88e-06,0.00147025,0.00095202,8.829e-05,0.00022169,0.00014012,9.021e-05,0.00011132,0.00056094,0.00119914,0.00019962,0.00012764,2.255e-05,0.00010749,1.919e-05,4.559e-05,2.159e-05,3.935e-05,0.00015307,5.47e-05,0.00199376,3.119e-05,0.00167658,0.00051583,0.00023225,0.00096161,0.00012524,0.00029559,2.063e-05,0.00023417,1.392e-05,4.367e-05,1.679e-05,0.00016651,0.0001905,5.038e-05,0.00103407,5.28e-06,0.00011324,7.68e-06,0.00030806,0.00016171,7.68e-06,8.493e-05,0.000262,0.0
ilApaEpom1,0.24918508,0.01960832,0.03012673,0.00683022,0.02526495,0.00185127,0.00145098,0.06850072,0.00723051,0.00676518,0.0015605,0.00068054,0.00162363,0.0114285,0.00871832,0.00166667,0.00078862,0.0001999,0.00245098,0.00502822,0.00033764,0.01021616,0.00102248,0.00368962,0.00046915,0.00045481,8.943e-05,0.00055093,0.00017551,0.00017217,0.00068341,0.00057724,9.278e-05,0.00069919,4.448e-05,7.891e-05,6.169e-05,3.635e-05,0.00018651,0.00015591,0.00021521,0.00013104,0.00067001,6.934e-05,2.2e-05,0.00022477,0.00233094,5.739e-05,0.00278623,0.00021712,4.926e-05,0.00021282,0.00011573,0.00051363,1.769e-05,7.604e-05,0.00049928,2.343e-05,7.795e-05,0.00309039,4.782e-05,0.00098804,0.00067288,0.00045337,2.439e-05,0.00033859,2.439e-05,8.13e-05,2.009e-05,0.00080201,5.93e-05,9.995e-05,0.00013391,0.0001406,8.8e-05,0.00035246,4.782e-05,5.548e-05,0.00110665,0.00014395,0.00017599,6.982e-05,9.09e-06,0.00018173,0.00035007,0.0001583,2.678e-05,2.63e-05,0.0086021,7.7e-05,3.539e-05,4.065e-05,0.0003759,6.074e-05,2.009e-05,0.00079962,0.00023577,8.226e-05,0.00028981,0.00015495,1.578e-05,5.74e-06,1.387e-05,0.00018508,0.00018938,0.00161454,0.00036298,5.643e-05,0.00076853,0.00026973,4.591e-05,7.03e-05,2.774e-05,0.00017695,6.265e-05,5.404e-05,2.39e-06,1.387e-05,2.439e-05,0.00035772,3.013e-05
ilApaMono1,0.01976845,0.08082923,0.00275012,0.00251857,0.00343849,0.00434636,0.00427545,0.00080897,0.00623975,0.0036083,0.00093874,0.00071298,0.00775109,0.00057356,0.00031645,0.0003015,0.00220405,0.00123637,0.0001809,0.00163772,0.00475494,0.00061119,0.00337675,0.00142402,0.00186252,0.00040714,0.00019875,0.0090574,0.00042933,0.00049976,0.00081428,0.00086927,0.00046406,0.00012301,0.00024071,4.004e-05,2.508e-05,4.872e-05,0.00133719,0.00043512,0.00012687,0.00030198,0.00014858,0.00021852,4.631e-05,0.00011819,0.00022431,0.00022335,1.013e-05,8.152e-05,2.653e-05,2.412e-05,9.744e-05,0.00013893,0.00040039,3.521e-05,3.184e-05,6.03e-05,0.00020743,7.863e-05,4.39e-05,0.00013507,7.429e-05,9.358e-05,0.00013507,0.00017849,2.171e-05,0.00015147,0.00010999,2.653e-05,0.00023396,6.609e-05,3.714e-05,0.00021901,1.64e-05,2.75e-05,7.381e-05,6.946e-05,4.776e-05,0.00011288,0.00084467,4.583e-05,6.416e-05,0.00063193,0.0004684,4.486e-05,1.254e-05,8.68e-06,0.00022914,0.00016401,0.00020068,5.596e-05,7.622e-05,5.933e-05,0.00015822,0.00020598,4.8e-07,0.00011192,4.197e-05,1.93e-05,0.00026725,1.013e-05,0.4101124,3.521e-05,8.731e-05,3.666e-05,9.17e-06,2.026e-05,0.00016739,5.113e-05,0.00012928,4.583e-05,4.293e-05,2.412e-05,6.464e-05,6.126e-05,9.65e-06,1.544e-05,6.416e-05,9.407e-05,1.45e-06
ilApaSord1,0.22815797,0.00279943,0.02556486,0.01387697,0.00825084,0.0012135,0.00293298,0.01153518,0.00201292,0.00101005,0.00084682,0.00120057,0.00810819,0.00872618,0.02629296,0.00096841,0.00368454,0.00211728,0.00094878,0.00248731,0.00036429,0.0008449,0.00014983,0.00052513,0.00013882,0.00368502,0.00014648,0.00089708,0.00015558,0.00198708,6.798e-05,0.00021589,0.00121494,0.00022499,5.888e-05,7.276e-05,0.00012781,0.00121781,0.00016754,0.00133317,0.00296362,0.0003078,7.42e-05,4.883e-05,1.771e-05,0.00015223,0.00052034,7.516e-05,0.00185543,0.00019339,4.835e-05,0.00021685,0.00022978,0.00031881,0.0001685,6.654e-05,0.00056869,0.00395022,0.00246099,0.00049402,0.0001752,0.00072044,0.00053231,0.0001484,7.899e-05,0.00056869,0.00027429,0.0004787,1.867e-05,0.01376544,0.00095835,1.436e-05,0.0002001,0.00053231,3.925e-05,7.037e-05,4.069e-05,0.00014409,0.00037626,0.0001709,0.00037913,4.548e-05,0.00016898,6.127e-05,0.00021206,0.00014409,9.1e-06,3.064e-05,0.00018478,0.00011584,6.51e-05,3.59e-05,0.00022499,0.0001709,5.84e-05,6.893e-05,9.574e-05,4.691e-05,0.00715701,0.00029488,0.00018382,6.941e-05,0.00034131,6.319e-05,3.877e-05,9.57e-06,8.952e-05,6.558e-05,0.00032312,8.042e-05,4.5e-05,2.729e-05,4.356e-05,2.537e-05,9.287e-05,6.558e-05,9.6e-07,1.484e-05,0.00027094,0.00013021,2.87e-06
ilApeSyri1,0.29011555,0.00283534,0.01174097,0.00330429,0.0128233,0.00506837,0.00297785,0.00294367,0.00116033,0.00135243,0.00092056,0.00382715,0.00464324,0.00044054,0.00065575,0.00091671,0.00052239,0.0004415,0.00177516,0.00031536,0.00131343,0.00040539,0.00035869,0.00247328,0.00019499,0.00060183,7.8e-05,0.00395089,3.033e-05,0.00018151,0.00065286,0.00029803,0.00013818,0.00028743,0.0004285,0.00033462,3.418e-05,0.00024844,0.00084352,0.00080308,0.00015262,6.692e-05,0.00018584,0.00243476,1.011e-05,0.00014636,0.00016851,0.00121714,0.00041502,0.00046606,0.0001064,0.00059653,0.00026866,5.152e-05,0.00010303,2.118e-05,3.996e-05,3.033e-05,0.00017573,0.00057487,0.00168512,0.01133173,0.00032595,0.0002364,0.0001637,0.00041791,8.233e-05,4.044e-05,4.815e-05,0.00066346,9.87e-05,0.00100385,0.00025999,0.00031006,0.00012229,4.863e-05,0.00036254,0.0008026,3.13e-05,0.00052046,0.00016707,6.885e-05,7.463e-05,6.981e-05,0.00031247,0.00071064,1.493e-05,7.7e-06,0.00065816,7.992e-05,0.00107078,5.3e-06,6.596e-05,1.493e-05,0.00017959,5.007e-05,0.00027347,5.826e-05,0.00035339,3.418e-05,0.00011266,7.463e-05,0.0001584,6.211e-05,0.00025758,0.00029273,0.00010592,0.00029032,3.274e-05,4.81e-06,9.6e-07,0.00012518,2.118e-05,0.00036543,5.392e-05,4.574e-05,2.552e-05,7.7e-06,2.07e-05,2.407e-05,0.0
ilAplEffo1,0.03352053,0.00631805,0.00596753,0.00357307,0.06841547,0.00238252,0.00292741,0.00306399,0.00123687,0.0020616,0.01310793,0.00073257,0.00284957,0.00077841,0.00229035,0.0012192,0.00053677,0.0002531,0.00249379,0.00033906,0.00070869,0.0003787,0.00047182,0.00023973,0.00285482,0.00045177,0.00303964,0.00037631,7.641e-05,0.00020917,0.00023352,0.00043935,0.00012942,0.000351,0.00018099,7.593e-05,2.39e-06,0.00040592,0.00036151,0.0003873,9.217e-05,0.00116141,8.166e-05,0.00423305,1.624e-05,0.00046562,4.346e-05,0.00054202,8.739e-05,0.00046848,6.256e-05,1.433e-05,0.00037679,0.00046466,0.00013324,5.969e-05,0.00029704,0.00013085,0.00011652,0.00076218,0.00017001,0.00022875,0.00015759,0.00011843,0.00017096,0.00016858,1.337e-05,3.773e-05,7.498e-05,0.00039542,5.253e-05,6.304e-05,0.00097994,0.00023352,0.00060363,9.55e-06,0.00042073,5.54e-05,0.00011175,0.00013181,2.149e-05,0.00015664,0.00022111,6.972e-05,3.677e-05,3.438e-05,7.593e-05,5.25e-06,0.00014279,4.537e-05,1.194e-05,2.436e-05,0.00087488,0.00013085,2.674e-05,0.00012703,9.551e-05,0.0008553,9.981e-05,0.00011366,0.00020965,0.31282521,6.69e-06,2.34e-05,0.00022063,3.725e-05,8.596e-05,1.719e-05,3.964e-05,0.00027173,2.674e-05,1.098e-05,2.197e-05,2.87e-06,6.59e-05,6.829e-05,5.253e-05,9.6e-07,0.00030325,0.00012655,6.21e-06
ilApoBetu1,0.53893094,0.01850504,0.00290887,0.00191127,0.00320767,0.00118801,0.00218801,0.00106619,0.00190647,0.00578897,0.00220192,0.00104029,0.00487578,0.00079664,0.0033223,0.00084988,0.00949688,9.065e-05,0.00106091,0.000153,0.00023213,0.00535588,0.0001458,0.00096115,0.00038561,9.065e-05,0.0002446,0.0003247,7.434e-05,0.00055875,0.00018897,0.00055635,0.00033861,0.00111703,1.631e-05,2.494e-05,0.00011559,0.00045372,0.00011511,0.00065659,0.00058609,0.00015156,0.00016019,0.00016787,5.76e-06,0.00011079,8.537e-05,5.324e-05,0.00029496,0.00011127,4.652e-05,0.00027674,0.00014005,0.00010552,2.878e-05,7.29e-05,0.00239616,5.084e-05,4.988e-05,0.00027338,8.345e-05,0.00029448,0.00015588,0.00023885,3.885e-05,0.00010983,9.592e-05,0.00164317,3.789e-05,0.000106,7.578e-05,0.00019904,0.00029065,3.453e-05,0.00013477,4.7e-05,8.585e-05,0.00019472,2.446e-05,0.00519329,0.00011175,0.00012182,4.365e-05,0.00013046,0.00014436,0.00019185,0.00021631,1.727e-05,4.077e-05,0.000106,0.00014628,5.28e-06,6.763e-05,6.619e-05,2.062e-05,0.00015875,5.755e-05,6.954e-05,0.00021535,0.00010072,1.583e-05,7.722e-05,3.789e-05,1.871e-05,0.00011127,0.00018897,0.00085372,2.206e-05,7.77e-05,0.0002048,3.022e-05,9.065e-05,0.00029448,2.686e-05,8.393e-05,7.866e-05,7.242e-05,3.789e-05,0.00070839,1.247e-05,3.213e-05
ilApoBist1,0.16604921,0.02641328,0.01984806,0.00271954,0.0926302,0.00224462,0.00155232,0.00825657,0.00146632,0.0010043,0.01191543,0.00161061,0.00335929,0.00034161,0.03152413,0.00225131,0.00039943,0.00029623,0.04439178,0.00148256,0.00026469,0.00182943,0.00021548,0.00030387,0.00019924,0.00040134,0.00010368,0.00051792,3.344e-05,0.00247635,2.102e-05,0.00053082,0.00021978,0.00098853,2.723e-05,0.00030387,0.00111658,0.00335356,0.00020736,0.00292738,0.00083994,8.743e-05,0.00023602,0.00016722,2.437e-05,0.00016866,0.00010416,9.938e-05,0.00018108,0.00043335,7.167e-05,0.00329336,0.00142666,0.00017535,5.256e-05,0.00030817,0.00018347,4.3e-06,0.00029384,0.00072145,0.0046775,1.959e-05,0.00098376,0.00032441,7.74e-05,0.00170186,0.00069517,7.071e-05,0.00010225,0.00049642,2.867e-05,3.297e-05,0.0006603,0.00311037,0.00041806,0.00012661,0.00034305,0.00555757,0.00023889,0.0005915,9.795e-05,4.826e-05,5.638e-05,0.0001247,4.587e-05,9.365e-05,0.00021882,0.00015146,0.00032871,0.0003999,0.00015002,0.0003182,9.269e-05,0.00652556,1.051e-05,0.00026995,0.00010225,3.87e-05,0.00013712,0.00068371,0.00019207,0.00010463,5.303e-05,4.061e-05,0.00011132,0.00019398,0.00086622,4.157e-05,0.00090827,2.341e-05,0.00010798,0.00067511,1.481e-05,0.00024845,4.921e-05,0.00035738,1.911e-05,4.78e-06,3.488e-05,0.00019398,1.863e-05
ilApoCapr1,0.64640125,0.0170465,0.00579914,0.00193672,0.00202349,0.00369895,0.00141755,0.00179434,0.00644247,0.00361697,0.00193816,0.00171764,0.00205753,0.0016908,0.0019861,0.00064813,0.00249473,9.732e-05,0.00073873,0.00134612,0.00020326,0.00242809,0.00031879,0.00357766,0.00032646,0.00018648,0.00014861,0.00033893,0.0001117,0.00102253,0.00018648,0.00092857,0.00032598,0.00029482,0.00029195,5.896e-05,1.582e-05,0.00010834,0.00037872,0.0001443,0.00053883,0.00011218,0.00024017,0.00022244,2.493e-05,8.533e-05,0.00020086,0.00020566,5.417e-05,0.0004396,4.89e-05,0.00167162,0.00016012,6.136e-05,0.00017402,4.027e-05,0.00013423,2.493e-05,0.00012416,0.00014765,8.102e-05,0.00047363,6.855e-05,6.04e-05,9.732e-05,0.00014382,0.00014525,0.00021572,5.129e-05,4.89e-05,3.595e-05,0.00016779,0.00017977,0.00014094,0.00015868,8.15e-05,0.00019703,0.00012224,6.807e-05,0.01352445,6.855e-05,0.00011409,2.157e-05,0.00010307,0.00021285,0.00021956,0.0003001,1.822e-05,0.00020662,2.493e-05,3.883e-05,5.753e-05,4.842e-05,0.00021045,1.774e-05,0.00080968,6.711e-05,3.787e-05,0.00014286,0.00016539,3.5e-05,0.00010594,8.581e-05,3.547e-05,0.00020949,0.00037057,0.00011649,0.00013567,0.00012656,1.055e-05,0.00011601,1.342e-05,2.493e-05,8.677e-05,1.678e-05,0.00022579,1.774e-05,1.44e-06,1.965e-05,7.383e-05,1.678e-05
ilApoCrat1,0.00718831,0.00197125,0.0974437,0.0025587,0.01232918,0.00108721,0.00133493,0.00075611,0.0818093,0.00152611,0.00027216,0.00045232,0.00099281,0.0002597,0.00545424,0.00068855,0.0004758,5.031e-05,0.0018529,7.523e-05,0.00066315,0.00027552,0.00013991,0.0005678,0.04343699,1.773e-05,1.39e-05,0.00016004,5.558e-05,0.00011691,0.00010398,6.708e-05,5.223e-05,0.00028222,0.00011404,1.294e-05,6.421e-05,5.223e-05,0.00020987,0.00012554,0.00017298,5.75e-05,0.00013848,1.677e-05,4.983e-05,1.342e-05,1.102e-05,5.989e-05,2.012e-05,3.498e-05,2.827e-05,2.875e-05,0.00010877,6.23e-06,1.629e-05,2.204e-05,0.00015333,7.19e-06,4.169e-05,0.0002137,5.223e-05,3.019e-05,6.229e-05,4.073e-05,0.00013704,5.558e-05,1.006e-05,0.00010014,4.8e-07,5.367e-05,5.27e-06,3.83e-06,4.504e-05,2.923e-05,2.683e-05,8.96e-05,6.325e-05,2.396e-05,9.727e-05,9.58e-06,0.00010637,9.104e-05,1.92e-06,1.773e-05,2.587e-05,2.87e-06,2.827e-05,3.83e-06,5.414e-05,1.629e-05,1.006e-05,1.246e-05,1.485e-05,4.121e-05,2.492e-05,9.871e-05,3.21e-05,2.683e-05,0.00070915,9.1e-06,6.71e-06,1.342e-05,1.677e-05,4.31e-06,9.58e-06,2.108e-05,2.396e-05,1.725e-05,2.348e-05,0.33288356,4.264e-05,7.667e-05,1.39e-05,3.35e-06,3.785e-05,2.108e-05,4.8e-07,3.642e-05,1.15e-05,1.965e-05,1.533e-05
ilApoHisp1,0.05034643,0.0219195,0.07184284,0.00547245,0.00505414,0.00128701,0.00593963,0.00621706,0.00083277,0.05721131,0.00313416,0.00026402,0.00139578,0.00094681,0.01732774,0.04793531,0.00102012,0.00055391,0.00946957,0.00055726,0.00068951,0.00112506,0.00034835,0.00041351,0.00029995,0.00066219,0.00061092,0.00082559,6.421e-05,0.00050982,0.00013225,0.00054432,0.00016675,0.00056109,0.0001701,0.00054528,0.00025347,0.00015046,0.00137853,0.00267944,0.00048922,0.00010685,0.00024102,0.00014279,5.558e-05,0.00038668,0.00014375,5.127e-05,2.492e-05,6.181e-05,3.35e-06,0.00078103,0.00045137,0.00028414,9.58e-06,4.6e-05,0.0011126,1.725e-05,0.00018256,0.0002276,0.00035314,6.708e-05,0.00013416,0.00165597,0.00020172,0.0001241,8.625e-05,0.00012937,0.00045951,0.00254528,7.954e-05,9.1e-06,0.00013512,5.846e-05,9.583e-05,0.00013033,0.00097988,0.00036176,6.948e-05,0.00036416,5.654e-05,0.00021418,4.456e-05,6.421e-05,0.00038285,5.942e-05,0.00150407,0.00012793,0.00033014,7.379e-05,1.917e-05,2.492e-05,0.000184,6.181e-05,3.498e-05,0.00015812,3.785e-05,0.00054193,7.331e-05,0.00088692,4.36e-05,1.485e-05,0.00013416,1.054e-05,0.00010494,0.0002161,0.00036608,0.0001792,4.648e-05,0.00034116,0.04504648,9.487e-05,2.396e-05,8.385e-05,2.348e-05,7.283e-05,1.44e-06,3.929e-05,4.792e-05,3.258e-05,9.6e-07
ilApoLima1,0.17666715,0.00336159,0.01433477,0.01053352,0.18323851,0.0048659,0.00173803,0.00338314,0.0069363,0.00140709,0.00186446,0.0029296,0.00080603,0.00067433,0.00109722,0.00971791,0.00032471,9.195e-05,0.00573515,0.00549808,0.0002955,0.00132711,0.00036446,0.00063889,0.00765948,0.00022749,0.00012069,0.00074425,5.699e-05,0.00037452,8.333e-05,0.00164464,0.00015565,0.00051676,0.00044732,6.226e-05,9.58e-06,7.759e-05,0.00039895,0.00048659,0.00017385,0.00016331,7.423e-05,0.00021887,9.58e-06,0.00023755,0.00055364,6.13e-05,0.00016236,0.00025096,0.00018199,0.00025096,0.00037404,0.00010105,3.736e-05,7.136e-05,5.843e-05,1.102e-05,0.00014368,0.00144636,0.00011542,8.812e-05,0.00124473,3.879e-05,4.31e-05,6.753e-05,4.023e-05,0.00018439,0.00015374,0.00011542,0.00028257,1.628e-05,0.00030843,3.4e-05,0.00011303,7.328e-05,0.00011973,7.423e-05,2.49e-05,0.00069253,5.172e-05,0.00111159,6.944e-05,0.00029693,5.172e-05,7.807e-05,2.586e-05,2.969e-05,6.466e-05,5.22e-05,2.874e-05,0.00024473,6.274e-05,0.00012979,3.879e-05,0.00016523,5.27e-06,8.477e-05,0.00014703,0.00031561,0.00024521,3.592e-05,4.023e-05,7.854e-05,0.00149617,0.00018247,3.4e-05,0.00021121,3.017e-05,0.0003841,0.00011015,0.00023467,0.00025814,0.00021695,9.58e-06,0.00045785,1.485e-05,3.975e-05,8.669e-05,7.375e-05,2.538e-05
ilApoLuen1,0.51679904,0.00658945,0.00480048,0.00125707,0.10966283,0.00214101,0.00687674,0.0028729,0.00097074,0.00176211,0.08262254,0.00098801,0.00202782,0.00242254,0.00914293,0.00100288,0.0009693,9.64e-05,0.00044892,0.00056019,0.00084269,0.00050072,0.00233285,0.00068153,0.00014005,8.921e-05,0.00081871,0.00050504,0.00057074,0.00025132,0.00018657,0.00364844,0.00030791,0.0001482,0.00020432,4.892e-05,8.058e-05,0.00058657,0.00081487,0.00067674,8.345e-05,0.00016163,0.00030504,0.00024125,4.365e-05,0.00100767,0.00065516,0.00075012,0.00012182,8.825e-05,2.206e-05,4.173e-05,0.0002,0.00012614,0.0001223,4.892e-05,0.0002518,2.446e-05,8.058e-05,6.571e-05,7.914e-05,0.00025947,8.058e-05,0.00015971,0.00029305,8.297e-05,2.734e-05,0.00015731,9.017e-05,0.00032518,2.782e-05,4.988e-05,6.763e-05,5.755e-05,9.113e-05,4.173e-05,0.00157842,0.00010839,0.00013285,8.681e-05,0.00016259,0.00013429,9.832e-05,8.249e-05,7.194e-05,5.468e-05,3.933e-05,2.398e-05,0.00022638,3.453e-05,9.64e-05,3.357e-05,3.501e-05,8.585e-05,3.741e-05,8.537e-05,4.604e-05,6.331e-05,8.633e-05,6.043e-05,3.07e-05,0.00020624,1.103e-05,0.00013669,5.324e-05,6.427e-05,8.345e-05,0.00061103,3.549e-05,0.00011415,0.00010264,6.091e-05,8.297e-05,3.837e-05,0.00015923,2.206e-05,2.4e-06,5.28e-06,2.158e-05,4.221e-05,1.343e-05
ilApoNigr3,0.26878688,0.00811494,0.0074727,0.00091667,0.01288458,0.00243822,0.00127778,0.00182615,0.02946552,0.0740158,0.00064033,0.00061877,0.00276964,0.00041427,0.00049665,0.00048994,0.00062021,6.226e-05,0.00025383,0.0005091,0.0001863,0.00088793,0.0001772,0.00866331,0.00062644,7.759e-05,9.435e-05,0.00091475,6.609e-05,0.00201868,0.00512021,0.00032807,0.00059148,0.0001001,0.00011207,9.674e-05,4.837e-05,0.00010297,7.854e-05,0.00040038,0.00096983,0.00012692,0.00013458,0.00052969,4.646e-05,2.203e-05,0.00145833,0.00014128,0.00012069,0.00017098,2.059e-05,0.00024282,0.00047701,0.00031705,5.843e-05,2.826e-05,4.885e-05,9.1e-06,9.148e-05,7.232e-05,6.513e-05,0.0009296,0.00049138,0.00013266,9.291e-05,0.00011925,1.054e-05,1.58e-05,5.987e-05,9.531e-05,3.592e-05,0.0001614,1.102e-05,0.00091858,1.437e-05,2.538e-05,5.125e-05,7.18e-06,5.987e-05,0.00046216,4.31e-05,2.73e-05,0.00013123,0.00019588,0.00044828,0.00022797,5.651e-05,2.107e-05,0.00035489,6.992e-05,7.519e-05,2.155e-05,7.088e-05,0.00086015,1.006e-05,5.891e-05,0.00021887,3.352e-05,0.00017002,5.987e-05,1.341e-05,0.00039272,3.35e-06,0.00014703,0.00062165,0.00098659,5.316e-05,2.203e-05,2.443e-05,2.586e-05,4.789e-05,1.772e-05,5.27e-06,5.268e-05,0.00010153,0.00054502,1.149e-05,4.8e-07,9.866e-05,7.375e-05,9.1e-06
ilApoTurb1,0.43561763,0.01019645,0.00558457,0.00934451,0.00230618,0.00168519,0.04225922,0.00392429,0.00487686,0.01716243,0.00177815,0.00615908,0.00184763,0.00466219,0.00084332,0.0037633,0.00485434,0.00013848,0.00057307,0.00201246,0.00030187,0.00333158,0.0003311,0.00216531,0.00027216,0.00023287,0.00027408,0.0010139,9.152e-05,0.00147628,8.481e-05,0.00142837,0.0008735,0.00242453,0.00013464,7.19e-06,6.133e-05,0.00018687,0.00028366,0.0001677,0.00034068,6.9e-05,0.00021418,0.00021754,2.396e-05,0.00013464,0.00033206,0.00022712,0.00027887,0.00031049,0.00028462,0.00119214,0.00017585,0.00011069,5.702e-05,3.977e-05,0.00011308,7.619e-05,0.00239626,0.00011404,5.367e-05,5.606e-05,0.00034787,4.744e-05,9.871e-05,0.00098898,6.804e-05,7.714e-05,0.00029181,0.0001677,0.00100048,0.00020891,0.00049736,0.00012027,2.252e-05,0.00014998,0.00010733,4.073e-05,1.725e-05,0.00013943,4.839e-05,0.00045616,4.025e-05,0.00045328,1.533e-05,0.00457499,0.00052803,2.731e-05,0.00017058,1.485e-05,0.00012123,7.67e-06,0.00048155,2.54e-05,1.725e-05,0.00020172,7.092e-05,5.127e-05,6.996e-05,6.66e-05,0.00012458,4.935e-05,0.00017154,7.092e-05,0.00033349,0.00010973,0.00015285,4.456e-05,0.00014806,0.00016675,8.577e-05,0.00011787,0.00112746,5.654e-05,0.0001241,8.721e-05,1.198e-05,2.348e-05,0.00028031,0.00072401,0.0
ilArcCraa1,0.34930869,0.01156505,0.01249208,0.00751848,0.09413394,0.00310706,0.00286414,0.00567931,0.00224772,0.00203072,0.00071387,0.00026836,0.00440086,0.0032314,0.02628229,0.00151272,0.00118435,0.00012722,0.00359337,0.00058185,0.00023572,0.00155641,0.00013202,0.00065963,0.00024004,0.000518,0.00021892,0.00045991,7.489e-05,0.00037446,7.009e-05,0.00017715,0.0002506,0.00024772,0.00025396,0.00081661,5.617e-05,0.00011474,0.00041239,6.433e-05,0.00031877,0.00059145,0.00015939,0.00013298,4.513e-05,7.489e-05,7.537e-05,0.0002626,0.00018915,0.00022564,7.68e-06,9.169e-05,7.537e-05,0.00051704,2.88e-05,0.00018723,0.00016371,8.209e-05,0.00039078,0.00097792,0.00015218,2.112e-05,4.465e-05,0.00014258,3.024e-05,7.921e-05,0.0015953,0.00022276,1.44e-06,0.00014546,0.00015795,1.152e-05,3.265e-05,0.0003855,0.00018483,0.00020595,6.577e-05,0.00012674,0.00174028,1.824e-05,0.00021699,8.257e-05,1.968e-05,0.00013634,9.121e-05,7.537e-05,5.137e-05,1.968e-05,3.12e-05,0.00031061,3.12e-05,3.169e-05,8.545e-05,0.00068363,1.392e-05,0.11133845,2.976e-05,6.097e-05,0.00026788,0.00026836,3.841e-05,0.0001253,2.592e-05,3.12e-05,1.056e-05,0.00014402,0.00023956,0.00032357,9.842e-05,8.833e-05,0.00012578,6.577e-05,3.553e-05,5.233e-05,2.832e-05,7.68e-06,1.056e-05,6.337e-05,7.201e-05,2.88e-06,3.36e-06
ilArcXylo1,0.0933051,0.00724062,0.00313667,0.01035419,0.00279259,0.00928056,0.00900481,0.00249423,0.0014307,0.00392156,0.00952695,0.00151396,0.00336044,0.00070982,0.00115159,0.00054331,0.00100481,0.00030943,0.00695284,0.00103657,0.00125409,0.00043455,0.00182339,0.00043022,0.00154475,0.00100674,0.00055149,0.00312512,0.00050385,0.00033542,0.00072089,0.00054187,0.00019634,0.00025313,0.000205,8.662e-05,0.0001001,0.00038258,0.00105197,0.00035419,0.00591482,0.00010635,0.00116073,0.0031718,3.128e-05,0.00010924,2.791e-05,0.00029933,0.00019442,0.00031617,6.352e-05,0.00076708,0.07077671,5.871e-05,9.817e-05,0.00058903,0.00101299,5.438e-05,0.00020452,7.603e-05,0.00033446,0.00037103,0.00303272,0.00228104,0.00013908,0.00066699,3.032e-05,0.00096679,9.62e-06,8.71e-05,4.09e-05,1.732e-05,0.00010876,0.00040375,0.00332243,0.00010828,0.00013811,0.00253032,4.572e-05,0.00069201,9.673e-05,2.647e-05,4.427e-05,0.0050924,0.00014437,0.00028248,7.748e-05,4.716e-05,0.00012705,7.026e-05,0.00021222,0.00025072,0.00025553,5.582e-05,3.898e-05,0.0003359,0.00021607,8.47e-05,0.00059192,0.00044706,4.475e-05,3.994e-05,0.00119105,0.0,1.396e-05,0.00020982,0.00018816,5.871e-05,8.18e-06,1.54e-05,0.00152502,0.00034023,7.22e-06,1.54e-05,0.00081761,4.187e-05,1.44e-06,8.66e-06,3.85e-06,6.593e-05,4.33e-06
ilAriAges1,0.02791855,0.00355518,0.01833157,0.00304723,0.00327614,0.00240145,0.00170699,0.00219614,0.00476048,0.00570602,0.00234747,0.00082072,0.00541205,0.00134892,0.00060578,0.00060627,0.00118506,0.00028193,0.00035807,0.00145301,0.00467711,0.00032434,0.00079614,0.00054217,0.00250843,0.00013108,0.00021301,0.00047807,8.386e-05,0.00027711,0.00096,0.00105735,8.434e-05,0.00020867,0.00016,1.928e-05,5.108e-05,2.94e-05,0.00021831,6.12e-05,0.00028771,0.00043084,0.00018651,6.747e-05,1.108e-05,0.00012145,0.00012337,0.00013108,4.53e-05,8.53e-05,3.181e-05,8.337e-05,0.00018892,8e-05,3.47e-05,0.00427711,0.00013542,0.00020916,0.00018747,3.855e-05,0.00012819,8.675e-05,0.00021831,0.00021253,0.00033976,0.00121639,0.00010217,0.00029735,8.241e-05,4.675e-05,4.434e-05,6.27e-06,4.193e-05,6.12e-05,0.0002159,9.157e-05,2.554e-05,6.747e-05,0.00011711,6.072e-05,1.06e-05,5.012e-05,0.00012241,0.28749108,2.506e-05,0.00012723,2.313e-05,3.277e-05,0.00017928,2.217e-05,2.892e-05,4.145e-05,7.23e-06,0.00010169,5.446e-05,5.928e-05,1.446e-05,0.00014458,5.735e-05,0.00041108,7.759e-05,1.831e-05,6.458e-05,1.783e-05,0.0001759,6.27e-06,3.229e-05,2.313e-05,1.45e-06,0.00012819,7.084e-05,1.542e-05,0.0001253,6.27e-06,0.00017831,1.108e-05,1.06e-05,6.75e-06,5.349e-05,2.169e-05,5.78e-06
ilAriAges2,0.00517456,0.00178862,0.01146724,0.0015758,0.00188857,0.01190053,0.00085127,0.00101435,0.09638881,0.00119464,0.00011669,0.00046533,0.00052415,0.00035916,9.565e-05,0.00012291,0.00055285,0.00012434,0.00012673,0.00034146,0.00173123,0.00020995,0.0001516,0.00021808,0.00034146,0.00014443,1.53e-05,9.087e-05,0.00013678,0.00012243,7.987e-05,4.256e-05,0.5875935,8.034e-05,2.822e-05,2.104e-05,9.09e-06,1.578e-05,9.087e-05,3.969e-05,4.878e-05,4.83e-05,3.682e-05,2.104e-05,4.78e-06,1.052e-05,3.491e-05,1.243e-05,3.109e-05,3.109e-05,3.969e-05,1.722e-05,5.882e-05,5.117e-05,2.582e-05,0.00032712,6.22e-06,3.156e-05,1.53e-05,2.152e-05,6.7e-06,1.722e-05,4.448e-05,3.3e-05,8.13e-06,2.152e-05,7.17e-06,2.487e-05,4.3e-06,2.582e-05,3.013e-05,1.578e-05,2.535e-05,1.483e-05,3.35e-06,2.439e-05,1.243e-05,2.869e-05,9.6e-07,2.248e-05,9.09e-06,1.196e-05,1.1e-05,1.339e-05,1.387e-05,9.56e-06,1.91e-06,9.6e-07,2.39e-06,5.26e-06,1.435e-05,4.8e-07,1.148e-05,8.13e-06,1.43e-06,3.013e-05,1.148e-05,1.769e-05,8.61e-06,3.35e-06,9.56e-06,1.004e-05,2.535e-05,1.387e-05,0.0005055,2.009e-05,2.39e-06,1.196e-05,3.635e-05,4.78e-06,9.6e-07,2.87e-06,9.56e-06,9.6e-07,1.339e-05,4.78e-06,4.78e-06,7.65e-06,9.6e-07,2.2e-05,0.0
ilAriArta2,0.32147676,0.00319118,0.00140872,0.0007379,0.09024533,0.01700192,0.00139243,0.00045855,0.2653172,0.00175228,0.00181361,0.00068903,0.00088021,0.02573742,0.0006368,0.00016531,0.0030575,0.00041447,0.00015141,0.00062051,0.00031576,0.00055822,0.00141639,0.0061495,0.00036176,4.264e-05,0.00038045,0.0005769,0.00026354,0.00723047,4.504e-05,4.169e-05,0.0029425,6.037e-05,0.00361572,1.965e-05,4.79e-06,0.00020795,0.00012314,0.00010541,9.535e-05,0.00012027,8.241e-05,0.00044034,2.348e-05,5.223e-05,9.919e-05,6.852e-05,0.00011883,0.00017106,3.21e-05,5.079e-05,0.000184,4.839e-05,0.00070196,2.252e-05,1.821e-05,5.079e-05,0.00015333,1.198e-05,1.437e-05,8.385e-05,0.00014518,2.731e-05,5.223e-05,0.00012075,7.67e-06,0.00012171,3.45e-05,6.229e-05,0.00020412,0.00011021,2.779e-05,0.00011739,4.264e-05,3.306e-05,1.533e-05,5.558e-05,5.75e-06,8.577e-05,5.223e-05,4.456e-05,8.96e-05,3.594e-05,0.0008299,5.462e-05,0.00015477,4.79e-06,0.00011548,8.912e-05,0.0002482,1.39e-05,2.3e-05,3.498e-05,1.246e-05,0.00037039,3.929e-05,0.00013704,9.679e-05,2.3e-05,0.00027552,2.108e-05,7.858e-05,1.15e-05,0.00024533,0.00011212,2.204e-05,5.462e-05,0.00046287,4.504e-05,2.587e-05,1.054e-05,0.00010781,1.677e-05,7.235e-05,0.00018352,7.19e-06,9.6e-07,3.594e-05,0.000885,9.6e-07
ilAteCent1,0.29725933,0.01982919,0.00733923,0.00237273,0.06848134,0.00168565,0.00201962,0.00242632,0.00241914,0.01956411,0.00068038,0.00069091,0.00210526,0.00076794,0.00081148,0.00101818,0.00279617,6.794e-05,0.0002555,0.00040144,0.00101244,0.00092775,0.00015167,0.00037895,0.00040144,0.00013254,0.00019139,0.00137225,0.0001311,0.00033636,0.00068469,0.0002823,0.00021627,0.00030383,0.00013636,3.062e-05,1.148e-05,0.00047321,0.00034163,0.000189,0.00011388,0.00014211,0.000189,0.00023062,3.828e-05,0.00018469,0.00020383,7.129e-05,0.00018421,0.00031053,2.297e-05,0.00026459,0.00014545,5.167e-05,8.421e-05,3.636e-05,6.077e-05,4.833e-05,0.00013397,8.517e-05,7.56e-05,0.00031435,0.00018995,0.00011579,3.445e-05,0.00020622,4.45e-05,0.00089617,0.00103923,0.00018852,8.612e-05,4.067e-05,0.00172536,0.00016555,9.234e-05,0.00024163,7.368e-05,4.402e-05,3.014e-05,7.56e-05,0.00018756,0.00025167,0.0001134,0.00075981,0.00017129,5.12e-05,4.211e-05,0.00023684,0.00015407,1.005e-05,1.483e-05,0.00010144,7.66e-06,0.0002067,3.732e-05,0.00012584,0.00064402,5.742e-05,0.00011388,0.0001067,8.61e-06,4.258e-05,5.74e-06,8.947e-05,1.914e-05,5.789e-05,0.00075024,0.00010813,0.00030909,7.608e-05,0.000111,3.014e-05,7.225e-05,0.00011914,4.545e-05,7.608e-05,2.823e-05,0.00011627,9.09e-06,0.00092871,9.6e-07
ilAthMouf1,0.48327024,0.01727504,0.01244705,0.00744993,0.00779061,0.00305942,0.00476905,0.01072161,0.00199713,0.00990273,0.00115716,0.00171969,0.0022621,0.00092621,0.0010805,0.00142214,0.02790369,0.00012602,0.00041495,0.00329851,0.00034787,0.0009219,0.00042885,0.00124102,0.00114471,0.00034212,0.00038333,0.00104744,0.00011308,0.00082032,0.00046047,0.00162578,0.0003172,0.00094202,0.00048107,0.00014566,7.092e-05,0.00082894,0.00016291,0.00053474,8.864e-05,0.00039339,0.00024581,0.00026881,3.306e-05,0.00016148,0.00015812,0.00025683,2.635e-05,0.00067897,0.00014902,0.0043196,0.00014183,0.00014327,3.881e-05,2.635e-05,5.462e-05,5.702e-05,7.906e-05,0.00016243,3.115e-05,7.044e-05,0.00027791,0.00010781,1.006e-05,8.529e-05,0.00029468,0.00187446,0.00018975,0.00014471,0.00207092,5.079e-05,0.00142262,0.00013177,6.948e-05,0.00015668,0.00015956,0.00011212,8.62e-06,0.00064399,0.00069478,6.277e-05,8.146e-05,0.0001126,0.00013464,0.00017729,2.348e-05,1.246e-05,0.01221658,6.133e-05,4.073e-05,3.402e-05,0.00022616,6.277e-05,4.073e-05,0.00020939,0.00013943,4.312e-05,0.00049976,0.00013416,0.0002252,0.0008505,0.0012621,5.558e-05,0.00043172,0.00016435,0.00010541,3.019e-05,0.00012793,3.402e-05,0.00031049,8.481e-05,1.054e-05,6.852e-05,1.92e-06,6.9e-05,2.252e-05,1.44e-06,0.00010589,3.594e-05,3.785e-05
ilAutGamm1,0.00764012,0.03140355,0.03184501,0.00234933,0.00683253,0.00169962,0.0329976,0.00670537,0.00119194,0.00975768,0.00749664,0.00035509,0.00154367,0.00058733,0.00248752,0.00060509,0.00055998,0.00099952,0.00086468,0.00043714,0.00080134,0.00017802,0.00098177,0.00080662,0.00018522,0.00058733,0.00016555,0.00022217,9.021e-05,0.00012572,4.031e-05,0.00015595,0.00047361,0.00011132,0.00028839,4.894e-05,0.00014347,0.0001118,6.622e-05,0.0004405,0.00015307,0.00022793,0.00015163,5.806e-05,2.975e-05,0.00021113,0.00011324,3.455e-05,5.95e-05,4.463e-05,4.511e-05,3.647e-05,3.887e-05,6.286e-05,2.591e-05,0.00011516,5.038e-05,4.702e-05,3.263e-05,2.303e-05,6.91e-05,6.24e-06,7.869e-05,4.8e-06,0.0001166,5.902e-05,2.831e-05,2.207e-05,7.582e-05,5.134e-05,3.119e-05,1.727e-05,1.152e-05,6.382e-05,8.16e-06,2.351e-05,0.00021257,1.44e-05,6.046e-05,1.919e-05,7.15e-05,1.488e-05,2.255e-05,4.415e-05,5.76e-06,1.967e-05,2.255e-05,0.0001118,0.28087188,0.00010173,4.079e-05,1.44e-05,0.00018714,2.111e-05,2.687e-05,5.278e-05,1.727e-05,6.478e-05,8.445e-05,1.919e-05,1.919e-05,6.72e-06,2.303e-05,1.583e-05,3.455e-05,2.639e-05,5.47e-05,5.95e-05,1.583e-05,1.967e-05,2.4e-06,3.791e-05,1.104e-05,1.344e-05,1.296e-05,3.119e-05,1.44e-05,1.344e-05,1.248e-05,0.00017514,8.16e-06
ilAutPulc1,0.0106113,0.00613499,0.08601771,0.00161082,0.00482336,0.00121254,0.00114648,0.00275539,0.00180804,0.02815941,0.00464911,0.00063188,0.00100622,0.00025227,0.0006606,0.00013021,0.00094926,8.377e-05,0.0001192,0.00020584,0.00018286,0.00031833,0.00015989,0.0002068,0.00029536,0.0001101,0.00031498,0.00019483,0.0004629,5.457e-05,0.00267975,0.00023935,0.00017042,0.00017616,1.867e-05,2.441e-05,5.074e-05,0.00013882,5.697e-05,5.457e-05,0.00017903,6.367e-05,5.744e-05,0.00170225,1.149e-05,6.271e-05,5.601e-05,8.76e-05,8.521e-05,7.563e-05,4.5e-05,0.00017377,4.596e-05,0.00056774,1.628e-05,0.00015079,2.872e-05,5.84e-05,0.04400144,9.287e-05,3.638e-05,0.00016994,4.739e-05,6.7e-06,6.462e-05,0.00037195,3.255e-05,9.143e-05,1.819e-05,7.755e-05,1.388e-05,6.462e-05,2.776e-05,2.298e-05,5.218e-05,4.548e-05,5.505e-05,4.5e-05,4.165e-05,1.005e-05,1.963e-05,2.729e-05,9.43e-05,6.558e-05,3.112e-05,4.79e-06,2.393e-05,1.819e-05,2.537e-05,0.0003686,9.1e-06,3.734e-05,3.973e-05,4.021e-05,2.776e-05,7.276e-05,7.899e-05,0.00010579,5.553e-05,2.202e-05,2.058e-05,3.59e-05,9.6e-07,6.032e-05,0.00011584,1.101e-05,2.25e-05,4.739e-05,9.6e-07,2.346e-05,1.963e-05,6.7e-06,8.76e-05,8.62e-06,1.292e-05,6.7e-06,9.6e-07,2.489e-05,4.31e-06,3.399e-05,4.79e-06
ilBemIchn1,0.21411186,0.0083903,0.00871435,0.01477964,0.02106433,0.00746327,0.00434566,0.0032794,0.00844311,0.0016073,0.00617187,0.00746711,0.00567163,0.00040807,0.00115458,0.00193087,0.00297696,0.00046471,0.00220355,0.00020787,0.00475612,0.01457801,0.00035718,0.00092943,0.00024004,0.00605857,0.00091791,0.00153145,0.00019203,0.00044167,0.0004964,0.05079309,5.905e-05,0.00040807,0.00143639,6.529e-05,3.361e-05,0.00029189,0.00068267,0.00022516,0.00013394,0.00076044,0.00010322,0.00064042,2.256e-05,0.00012194,0.00036678,0.00032981,2.496e-05,0.00039654,0.0003519,0.00036678,0.00019059,6.385e-05,0.000265,3.169e-05,8.161e-05,0.00044311,0.00626404,0.00012194,0.00054489,0.00010178,8.401e-05,0.00021411,7.921e-05,0.01292991,1.872e-05,0.00011378,4.033e-05,0.00016419,0.00041911,7.249e-05,7.777e-05,8.113e-05,2.448e-05,4.369e-05,3.985e-05,1.632e-05,6.049e-05,0.00010946,0.00016083,4.417e-05,0.0077566,0.00014546,0.00036006,0.00035046,7.681e-05,9.938e-05,4.465e-05,5.905e-05,6.337e-05,3.649e-05,9.169e-05,6.961e-05,0.00019011,6.529e-05,4.8e-06,2.256e-05,4.081e-05,0.00014786,5.953e-05,0.00046807,0.00021075,5.425e-05,3.072e-05,4.321e-05,6.337e-05,0.00029237,7.489e-05,3.841e-05,0.0003567,0.00033269,3.649e-05,0.00029957,8.833e-05,0.000482,7.585e-05,2.832e-05,1.92e-06,3.553e-05,9.12e-06
ilBicAnyn1,0.1759746,0.00572017,0.00313752,0.00129181,0.11542262,0.0021792,0.0098184,0.00366459,0.00496454,0.00345137,0.00175371,0.00108864,0.01748203,0.00114662,0.02744897,0.04827887,0.00077,0.00010254,0.00049353,0.00097413,0.00097365,0.00043268,0.00024772,0.00033349,0.00272784,0.00088309,0.00012698,0.00062051,7.235e-05,0.00075419,0.00013033,0.00052611,0.00393819,0.00014758,0.00025731,5.606e-05,1.006e-05,0.04248586,0.00028941,0.00068328,0.000161,0.00019933,0.00017633,0.00022856,6.085e-05,0.00040585,0.00017154,0.000115,0.00018927,0.00165501,5.654e-05,2.396e-05,0.00022041,0.00063776,0.0001241,0.00013608,0.00042885,7.858e-05,0.00028797,0.00111212,5.223e-05,0.00026833,0.00031529,0.00016962,9.727e-05,0.00010877,0.00012362,0.00061763,5.223e-05,3.977e-05,0.00010685,9.296e-05,0.01965117,0.00548634,6.517e-05,4.025e-05,0.00094921,5.894e-05,2.54e-05,3.019e-05,0.00031864,0.00022952,4.121e-05,3.977e-05,2.396e-05,3.785e-05,6.612e-05,6.71e-06,6.852e-05,0.00010541,0.00049736,0.00022233,0.00076857,0.00094586,6.421e-05,0.00073023,0.0002736,9.439e-05,0.00065213,0.00038237,0.00017681,3.306e-05,1.485e-05,3.498e-05,4.025e-05,6.564e-05,0.00011691,2.827e-05,0.00151078,7.67e-06,1.869e-05,8.194e-05,1.725e-05,3.546e-05,7.858e-05,0.000138,0.00026929,2.348e-05,3.45e-05,0.0001701,3.35e-06
ilBisBetu1,0.33439761,0.00256268,0.00444641,0.00232679,0.09298278,0.00346986,0.0013445,0.00198469,0.00142392,0.00501435,0.00067177,0.0023134,0.00451675,0.00059474,0.01445885,0.00785694,0.0031378,0.00094067,0.00072153,0.00039282,0.00055024,0.00029665,0.00062201,0.00074354,0.00065837,0.00185885,0.00039091,0.00179856,0.00016794,8.565e-05,0.00076842,0.00191244,0.00010574,5.455e-05,0.04176938,3.254e-05,6.89e-05,0.00078756,0.00083732,0.00023828,0.0001311,0.0002622,6.507e-05,0.00169043,1.914e-05,0.00080239,0.00342105,0.00043445,0.00026077,0.00115215,4.402e-05,0.00020239,0.0002311,0.00013062,0.00010048,8.325e-05,0.00017033,0.00022201,0.00175359,0.00097225,0.00154306,0.00028995,0.00020526,0.00010957,0.0001244,0.00030622,8.23e-05,0.00084545,0.00010144,0.00011388,0.00073636,0.00031531,0.00027081,0.00030383,7.512e-05,0.00035359,0.00042823,6.89e-05,2.967e-05,4.88e-05,0.00010574,0.00030813,0.00031292,3.828e-05,0.00023732,6.746e-05,1.388e-05,0.0001555,0.00596555,0.00012871,0.00012871,9.043e-05,5.359e-05,0.00013301,3.014e-05,0.00023349,0.0003689,1.722e-05,0.0113555,9.761e-05,5.024e-05,0.00013971,1.388e-05,2.584e-05,4.019e-05,3.158e-05,7.129e-05,2.44e-05,9.809e-05,0.00022057,6.411e-05,8.756e-05,4.976e-05,3.78e-05,9.09e-06,0.00017081,6.172e-05,4.78e-06,1.722e-05,0.00010957,1.005e-05
ilBlaAdus2,0.03691171,0.00693714,0.01028167,0.00283253,0.00208925,0.0453023,0.01438244,0.01718474,0.00110173,0.00810749,0.00050432,0.00048656,0.00217946,0.00041363,0.00172457,0.00096785,0.00051488,0.00011036,0.00067658,0.00045729,0.02429223,0.00053023,0.00014107,0.00026679,0.00100576,0.00011996,3.887e-05,0.00088244,5.998e-05,0.00032965,0.00035797,0.00029463,0.00018714,0.00020345,0.00014635,0.00014539,1.583e-05,0.00013244,0.00013916,0.00025768,0.00028935,6.958e-05,6.91e-05,3.167e-05,2.783e-05,9.213e-05,3.743e-05,9.981e-05,0.00010797,4.559e-05,3.359e-05,4.175e-05,0.00030374,6.574e-05,1.871e-05,0.01036612,0.00538052,4.031e-05,5.758e-05,0.00019962,0.00030518,9.933e-05,4.894e-05,0.00051919,9.597e-05,0.00041795,2.255e-05,0.00015355,2.207e-05,0.00011372,0.00022409,2.159e-05,0.00947649,0.00015691,2.495e-05,6.286e-05,5.134e-05,8.013e-05,7.102e-05,0.00017131,0.0004501,1.775e-05,5.374e-05,0.0001857,4.079e-05,0.00014683,3.071e-05,8.16e-06,0.00070681,1.631e-05,4.511e-05,6.622e-05,0.00040835,0.00019674,2.543e-05,5.038e-05,0.00031814,3.983e-05,8.397e-05,4.798e-05,1.871e-05,0.00029559,4.702e-05,4.8e-06,5.76e-06,6.478e-05,0.00028167,0.0001406,2.495e-05,0.00013868,0.00022505,0.00018282,1.44e-06,2.351e-05,1.152e-05,0.00024328,2.4e-06,7.68e-06,4.8e-07,0.00107917,9.6e-07
ilBlaLact1,0.02218169,0.00913039,0.01849856,0.00118456,0.03202589,0.01110019,0.00562033,0.01206759,0.04437105,0.0086232,0.00116779,0.00078571,0.00083078,0.00055034,0.00054794,0.00285043,0.00072579,0.00016779,0.00029291,0.00303739,0.00024593,0.00249041,0.00015724,0.00521045,0.00334468,0.00031256,0.00020518,0.00041755,0.00013902,0.00031975,0.00011841,0.00048897,0.00036385,5.177e-05,0.00110594,0.00010834,2.205e-05,0.00020805,7.67e-05,0.00031592,0.00097747,2.637e-05,9.779e-05,0.00012991,0.2046884,0.00012704,2.637e-05,0.00026174,8.725e-05,0.00025503,3.835e-05,0.00014286,0.00066491,2.876e-05,5.177e-05,7.287e-05,2.589e-05,9.59e-06,3.835e-05,2.013e-05,7.526e-05,2.685e-05,0.00021429,1.918e-05,8.725e-05,0.00013231,1.055e-05,0.00013998,5.513e-05,6.04e-05,5.849e-05,1.678e-05,0.00017402,0.00010019,5.129e-05,7.67e-06,0.00062033,0.00010547,6.088e-05,0.08772052,8.533e-05,4.314e-05,2.109e-05,6.28e-05,6.232e-05,2.828e-05,4.027e-05,6.088e-05,0.06354219,7.19e-06,3.068e-05,1.92e-06,0.00014382,7.19e-06,3.404e-05,2.061e-05,0.00161649,5.129e-05,0.02946117,0.000186,0.00122867,3.931e-05,1.151e-05,5.465e-05,4.219e-05,3.835e-05,6.472e-05,4.027e-05,9.11e-06,1.726e-05,0.00022531,4.123e-05,2.88e-06,4.027e-05,1.726e-05,4.986e-05,1.678e-05,2.828e-05,4.746e-05,0.0002325,0.0
ilBolSele5,0.06058589,0.01481622,0.00855806,0.00074232,0.05370441,0.03068858,0.00939635,0.0016334,0.00413436,0.02952687,0.00240115,0.00035988,0.00667466,0.00060317,0.00085077,0.00071737,0.00222265,0.00060605,0.00088676,0.00047025,0.00052975,0.00079463,0.0004856,0.00073273,0.01518906,7.726e-05,0.00015019,0.00406862,0.00016219,0.00072361,4.463e-05,0.00170729,0.06961948,0.00022841,0.00043666,0.00020154,2.783e-05,0.00015979,0.00314491,0.00025192,0.00033013,0.00014155,0.00012524,0.00065883,1.2e-05,0.00022937,3.263e-05,5.182e-05,2.015e-05,0.00016171,1.727e-05,0.00010988,6.958e-05,0.0002644,8.061e-05,0.00030182,5.854e-05,0.00035413,0.00012284,0.00012092,0.0003786,5.758e-05,0.00019338,0.00033781,5.278e-05,4.223e-05,6.67e-05,0.00032774,6.766e-05,9.741e-05,0.00010413,0.00021545,0.00010125,0.000131,0.00027495,5.902e-05,0.00027351,0.00440115,8.541e-05,0.0007548,8.109e-05,2.639e-05,4.894e-05,0.00038628,6.958e-05,6.334e-05,7.198e-05,0.00021017,0.00026583,7.102e-05,0.00025768,3.215e-05,2.447e-05,5.566e-05,1.296e-05,7.15e-05,6.862e-05,3.935e-05,0.00058397,0.00024856,0.00027879,1.92e-06,7.965e-05,1.2e-05,4.75e-05,4.127e-05,0.0002548,3.983e-05,0.00020441,7.68e-06,0.0001833,2.015e-05,2.687e-05,0.00021401,8.061e-05,2.111e-05,7.2e-06,6.72e-06,4.702e-05,0.00010221,7.2e-06
ilCalPalu1,0.15164957,0.00609348,0.0591721,0.09504362,0.03250959,0.00239885,0.03277661,0.10643145,0.00182646,0.00283941,0.00200815,0.00102445,0.00459492,0.00140268,0.00105081,0.00103979,0.0008883,8.677e-05,0.00094727,0.00372675,0.00131064,0.00124832,0.000128,0.00063663,0.0002838,0.00042809,0.0043418,0.00169463,0.00010834,0.01190077,7.095e-05,0.0002536,0.00608341,0.00275743,0.00011218,3.212e-05,5.609e-05,0.00033269,0.00026942,0.00094439,0.00010259,0.00023586,0.00012128,0.00023442,2.205e-05,0.00018265,0.01047315,0.00017018,0.00018888,0.00015628,4.362e-05,4.746e-05,0.00058869,0.00215005,5.177e-05,0.0001419,0.00020326,5.753e-05,0.00108629,0.00012608,3.404e-05,8.198e-05,0.00022915,5.753e-05,9.875e-05,0.00030201,0.00012752,0.00017833,0.00025551,0.01873682,9.827e-05,1.965e-05,3.643e-05,8.389e-05,0.00016155,0.00011553,3.5e-05,0.00030537,0.00028284,3.404e-05,6.903e-05,0.0001745,3.739e-05,0.0002373,5.177e-05,0.00019175,0.00015292,7.19e-06,4.842e-05,1.151e-05,8.437e-05,6.855e-05,0.00271524,2.733e-05,0.0001371,0.00016922,5.849e-05,2.733e-05,0.00018121,0.00045542,5.369e-05,8.245e-05,8.293e-05,0.00025455,0.00010499,0.00034995,6.903e-05,5.369e-05,2.828e-05,3.356e-05,0.00014813,3.26e-05,0.00011409,3.36e-06,4.31e-06,0.00011601,1.918e-05,1.822e-05,0.00033988,3.739e-05,5.27e-06
ilCamMarg1,0.05407641,0.01248233,0.00820296,0.0089341,0.00305683,0.0015702,0.00539542,0.002883,0.00061652,0.00281662,0.01318577,0.00079752,0.00526552,0.00087345,0.12872206,0.00358883,0.00091165,0.00029179,0.03917574,0.00040497,0.00034384,0.00034336,0.00213658,0.00033095,0.0003128,0.01312416,0.00026122,0.00150573,0.00026839,0.00109026,0.00012512,0.00014613,0.00114804,0.00047469,0.00010506,0.00070965,0.00011461,0.00028319,0.00013181,0.0003128,0.00027316,0.00103247,0.00093792,0.00222875,8.12e-06,0.00191977,0.00060029,0.00099857,2.006e-05,0.00027173,5.778e-05,0.00028319,0.00157307,0.00070774,0.00019389,2.865e-05,0.00025883,1.194e-05,0.0002531,0.01788682,0.00092359,3.152e-05,0.0001533,0.00118004,0.00212989,0.00014518,0.00015998,5.444e-05,2.913e-05,0.0030086,0.00045893,0.00010697,0.00018863,0.00040831,5.253e-05,0.00017335,0.00037679,0.00026313,0.0005702,0.00025692,0.0001022,0.0002765,0.00037249,4.632e-05,0.00013085,5.444e-05,3.391e-05,0.00014136,0.00694747,0.00040497,0.00032044,0.00010124,0.00063945,0.00025549,0.00022159,0.00040449,0.00017192,0.00196896,0.00020726,8.739e-05,0.00014947,0.00148997,0.00016619,2.77e-05,0.00286294,0.00070965,0.00026409,0.00041691,0.00147851,0.00022493,0.00209074,3.629e-05,9.07e-06,0.00021681,2.674e-05,0.00059551,2.388e-05,1.003e-05,5.014e-05,0.00157163,1.815e-05
ilCarClav1,0.09534945,0.00700239,0.01665486,0.00071757,0.00448444,0.00262757,0.00487267,0.00144088,0.00517951,0.00247774,0.03554619,0.00910531,0.01102058,0.00059311,0.00491814,0.00064433,0.00127717,0.00059167,0.0003011,0.00082336,0.00033317,0.00048301,0.00043514,0.0006606,0.00415366,5.409e-05,0.00029057,0.00109191,0.00015318,0.00124605,0.0001101,0.00055385,0.00175395,6.941e-05,0.00056534,6.7e-06,5.74e-06,0.00055337,0.00058976,0.00010627,0.00160555,0.0003911,0.00013451,8.76e-05,1.101e-05,9.047e-05,0.00015653,0.06773241,0.00048971,0.00014505,6.079e-05,3.494e-05,0.00015701,0.00012015,2.92e-05,0.00011249,7.516e-05,1.867e-05,0.00014361,0.00043466,8.09e-05,9.478e-05,0.00296553,0.00016563,0.0003303,0.00010579,0.00010148,0.00012303,5.74e-06,0.00011345,0.00025132,3.925e-05,5.218e-05,0.00018191,0.00011967,4.021e-05,0.00032695,0.00023935,1.436e-05,0.00122116,0.00046529,0.00010579,0.0026831,0.00124844,0.00147487,4.308e-05,0.00103877,5.266e-05,0.00043801,0.00022642,8.377e-05,4.835e-05,9.813e-05,0.00039301,0.00101101,2.824e-05,2.011e-05,2.25e-05,0.00137721,0.00023935,0.00012542,2.872e-05,0.00076448,0.00018095,8.808e-05,6.367e-05,0.00014505,0.00022403,0.00010914,3.399e-05,3.303e-05,3.925e-05,0.00050263,6.415e-05,0.00023696,6.702e-05,3.064e-05,1.44e-06,1.58e-05,4.356e-05,9.6e-07
ilCarKade1,0.04779713,0.01447895,0.01917081,0.00711627,0.1230244,0.00747033,0.00090239,0.00271914,0.0132555,0.00145598,0.0489,0.00076459,0.00398517,0.0006689,0.00910574,0.00093589,0.00157225,6.172e-05,0.00237273,0.00017321,0.00102919,0.00163445,0.00020191,0.00319187,0.00034498,0.00025167,0.01089952,0.00209617,0.00013349,0.00031148,2.392e-05,0.00765311,7.943e-05,0.00048469,6.268e-05,4.402e-05,9.091e-05,9.33e-05,0.00059139,0.00017081,0.00035981,0.00024163,0.00032153,6.411e-05,2.44e-05,0.00025933,0.00030622,0.00159617,4.689e-05,0.00018947,2.344e-05,9.378e-05,0.00017033,0.00010622,1.435e-05,1.483e-05,7.608e-05,9.57e-06,0.00018182,0.0008866,0.03331292,2.01e-05,0.00037081,0.00277799,0.00015502,0.00096842,0.00035598,0.00053014,1.818e-05,0.00039856,2.823e-05,6.172e-05,8.325e-05,5.455e-05,0.00037943,0.00016794,0.00016555,3.923e-05,0.00023589,0.00047943,0.00026316,0.00035598,4.976e-05,0.00262919,0.00043493,0.00035694,0.00038278,0.0001756,0.00021148,2.967e-05,2.967e-05,0.00407656,1.1e-05,3.445e-05,5.311e-05,0.00033684,0.00019761,1.053e-05,0.00029282,0.00153636,3.062e-05,1.053e-05,2.679e-05,0.00013445,6.459e-05,0.00027656,8.852e-05,1.244e-05,4.88e-05,7.081e-05,0.00016699,0.00149282,0.00063397,2.344e-05,6.603e-05,0.00015742,9.6e-07,0.00010096,0.00022344,2.679e-05,0.00011292
ilCarPala2,0.2959296,0.01365757,0.0032955,0.0055546,0.01076533,0.00181992,0.00126964,0.0026408,0.00121025,0.00988362,0.00166954,0.00150383,0.01099904,0.00167241,0.00307184,0.00048372,0.01572126,0.00055603,0.00056944,0.00374234,0.00027347,0.00052921,0.00038314,0.00028975,0.00080125,0.00050239,0.00015086,0.00315374,4.215e-05,0.03089511,0.00727155,0.00051197,0.0005977,0.00011063,0.00011542,0.00010536,7.567e-05,0.00050862,0.00017577,0.00010872,0.00129406,0.0002342,0.00017816,0.00027251,9.1e-06,0.00020115,0.00011973,0.00011973,0.00016762,0.00048276,3.544e-05,0.00019253,0.02630891,0.00016954,3.927e-05,9.1e-05,0.000125,7.998e-05,0.00155364,0.00035584,0.00045833,0.00021648,0.0004387,9.722e-05,8.19e-05,0.00175048,0.00127826,0.00372653,0.00032088,6.178e-05,9.962e-05,4.693e-05,0.00016906,0.00112069,2.969e-05,0.00020881,5.939e-05,7.375e-05,6.37e-05,0.00017864,7.567e-05,3.305e-05,0.00226676,0.00129262,0.00011159,6.13e-05,0.00146073,0.00098515,0.00028448,0.00016954,8.094e-05,0.00018487,7.66e-06,0.00015948,0.00845259,0.00151772,5.316e-05,4.79e-06,0.00024186,2.107e-05,1.676e-05,1.916e-05,6.513e-05,5.27e-06,6.561e-05,4.454e-05,0.00061877,2.826e-05,0.00116906,9.195e-05,3.065e-05,8.19e-05,0.00011542,0.00076054,2.107e-05,0.00400144,6.7e-06,0.00034962,5.412e-05,8.908e-05,1.437e-05
ilCarQuer1,0.01655932,0.02641889,0.00966199,0.00219758,0.00203148,0.00215496,0.00755109,0.00099903,0.00100581,0.00220339,0.00169734,0.00041598,0.0389201,0.00583196,0.00083148,0.00024843,0.00249346,0.00053608,0.00032349,0.00050121,0.00076513,0.00052785,0.00022179,8.862e-05,0.00026586,3.341e-05,0.00019806,0.00041065,4.794e-05,0.00053511,0.00014092,0.00035787,8.959e-05,0.00059661,8.72e-06,8.329e-05,2.276e-05,0.00013753,0.00010702,6.877e-05,0.00018063,0.00018499,0.00011622,5.714e-05,0.00012591,0.00120581,5.23e-05,9.007e-05,0.00012688,9.395e-05,3.535e-05,1.501e-05,0.00010169,1.695e-05,8.668e-05,6.973e-05,0.00040678,0.0002,0.00021453,0.00011235,7.603e-05,0.00035835,0.00021889,0.00024407,8.91e-05,0.00013027,1.259e-05,8.378e-05,7.312e-05,2.082e-05,5.81e-06,6.295e-05,4.649e-05,1.743e-05,0.00047215,4.068e-05,6.005e-05,6.538e-05,3.584e-05,0.00014044,0.0001046,2.663e-05,9.2e-06,9.007e-05,2.906e-05,5.424e-05,5.956e-05,1.743e-05,7.845e-05,7.99e-05,4.019e-05,2.76e-05,0.00012252,7.797e-05,2.228e-05,3.341e-05,1.646e-05,3.196e-05,1.501e-05,7.361e-05,1.937e-05,2.47e-05,1.889e-05,5.81e-06,3.923e-05,1.84e-05,0.24579613,6.005e-05,0.00010847,5.036e-05,2.228e-05,4.116e-05,1.162e-05,1.985e-05,4.213e-05,1.065e-05,1.94e-06,0.0,1.162e-05,5.569e-05,2.42e-06
ilCatFrax1,0.39776257,0.00971135,0.00657157,0.01304978,0.05559598,0.00278602,0.01089277,0.00293059,0.00108664,0.01001675,0.00493298,0.00147391,0.00197463,0.0699909,0.0339617,0.00223696,0.00293777,0.00021876,0.00321398,0.00707037,0.000573,0.00018191,0.00164911,0.00062183,0.00102058,0.00069986,0.0001843,0.00045955,6.606e-05,0.0021752,0.00037291,0.00023648,0.00018047,0.00076161,0.00035663,0.00016563,3.494e-05,0.00047583,0.01481809,5.026e-05,0.00023265,0.00014888,0.00054572,0.00015845,2.872e-05,0.00012494,5.409e-05,0.00058688,4.356e-05,0.00021924,3.494e-05,0.00333844,0.00010483,0.00016132,9.478e-05,9.622e-05,3.064e-05,5.361e-05,0.00128004,0.00188368,7.803e-05,6.893e-05,0.00027525,7.611e-05,5.361e-05,7.994e-05,1.149e-05,0.0002786,0.00012877,0.00106702,5.361e-05,1.44e-06,9.239e-05,6.798e-05,4.883e-05,5.266e-05,0.0002202,0.00029584,0.00079607,5.888e-05,0.0001168,0.00023408,0.00048396,5.218e-05,6.22e-06,4.308e-05,3.59e-05,7.228e-05,0.00028291,0.00018573,4.308e-05,0.00018526,4.356e-05,0.00029248,0.00011393,0.00014935,3.638e-05,0.00016084,0.0001776,0.00010531,0.00032073,0.00027334,1.101e-05,5.074e-05,0.00026089,0.00012781,7.18e-05,6.558e-05,0.00015989,4.643e-05,2.154e-05,1.532e-05,7.18e-05,5.27e-06,1.675e-05,0.00020105,2.87e-06,1.675e-05,1.915e-05,2.92e-05,1.532e-05
ilCelArgi3,0.31108386,0.00356771,0.00419036,0.00066458,0.10377639,0.00158313,0.00168916,0.00624482,0.00205012,0.00183325,0.00384482,0.00074072,0.0017788,0.00050843,0.00321205,0.0015547,0.00123566,0.00049783,0.0003494,0.00099904,0.00045783,0.00466651,0.00072867,0.00118361,0.00013301,0.00011518,0.00045831,0.00139759,0.00012337,0.00011566,7.566e-05,0.00216675,0.00021831,0.00010843,7.229e-05,7.036e-05,0.00037253,0.00024578,0.00026169,0.03382892,0.0004641,0.0007253,0.0001359,0.00019373,7.23e-06,0.00192386,0.03870217,9.542e-05,0.00011807,0.00012723,4.337e-05,5.542e-05,0.00030602,0.00012241,3.229e-05,7.711e-05,0.00106072,0.00012482,0.00021928,0.0001094,0.00013398,0.00151229,0.00039181,0.00057928,0.00011084,7.181e-05,4.82e-06,7.133e-05,1.108e-05,9.928e-05,0.00010458,0.00016819,0.00012867,5.446e-05,3.807e-05,3.855e-05,0.0005812,0.00024145,5.398e-05,0.00021831,4.867e-05,0.00011614,6.651e-05,0.00053494,0.00021542,0.00019759,0.00021976,5.398e-05,0.00033108,0.00013542,0.0001706,0.0001094,8.482e-05,4.386e-05,8.482e-05,8.627e-05,0.00174506,3.855e-05,0.00064819,0.0001094,1.06e-05,1.783e-05,3.614e-05,0.00026892,0.00136578,0.00111952,9.06e-05,0.00024,2.361e-05,8.819e-05,0.00014024,0.00028096,0.00212096,6.75e-06,2.217e-05,8.19e-06,1.735e-05,8.67e-06,0.0017253,5.06e-05,3.47e-05
ilChaFerr1,0.33017447,0.0059847,0.01209847,0.00561042,0.10063002,0.0018805,0.0045956,0.02631405,0.01328537,0.00177486,0.00214962,0.00446654,0.01463576,0.00039245,0.00987667,0.00224904,0.00199092,0.00023996,0.00053059,0.00059465,0.00662094,0.00089054,0.00050956,0.00065727,0.0014479,0.00132266,0.00069312,0.00178489,5.736e-05,0.00210421,0.00107887,0.00049235,0.00079398,0.00031023,0.00010564,0.0001262,0.00040201,0.0002022,0.00027581,0.00103824,0.00065679,0.00730449,0.0007218,0.0001305,3.25e-05,0.00026195,5.88e-05,0.0001305,0.00057361,0.00035755,0.00020746,0.00014866,0.00350287,0.00047371,4.971e-05,0.00014006,0.0001979,0.00112237,0.00033078,0.00017543,0.00236377,5.832e-05,0.00536663,0.00130163,0.00077342,0.00086759,0.0004914,0.00235994,0.0002218,0.00091778,5.306e-05,3.394e-05,0.00114149,0.01167686,4.207e-05,1.099e-05,0.00021415,5.975e-05,3.489e-05,4.063e-05,6.31e-05,6.836e-05,1.816e-05,2.772e-05,0.00053967,9.369e-05,1.147e-05,9.321e-05,0.00014101,0.00031262,0.00021033,1.625e-05,0.00095411,1.147e-05,8.6e-06,0.00010707,6.21e-06,1.434e-05,9.656e-05,0.00010421,0.00014818,0.00011616,7.983e-05,0.00011998,0.00011138,9.751e-05,0.00011424,1.625e-05,0.00238337,1.864e-05,6.166e-05,5.736e-05,2.533e-05,0.00279924,0.00025239,8.365e-05,2.199e-05,7.792e-05,0.00092973,0.00011759,1.43e-06
ilCheLega1,0.04169569,0.09551388,0.00465024,0.00432632,0.00504976,0.00252967,0.00308995,0.00131005,0.00202679,0.00587751,0.00326411,0.00071914,0.00221244,0.00247895,0.00085933,0.00057225,0.00132871,0.00023732,0.00084258,0.00645359,0.0012823,0.0008067,0.00105024,0.00171627,0.00049139,0.00024211,0.00054163,0.00025215,6.938e-05,0.00016986,0.00010718,0.00086603,0.00154689,0.00047081,5.981e-05,0.00010335,3.732e-05,6.555e-05,0.01312057,9.856e-05,0.00012105,0.000189,0.00013828,0.00277033,3.158e-05,0.00480861,0.00072823,8.804e-05,9.809e-05,0.00066507,1.244e-05,0.00010574,0.00018612,7.751e-05,0.00010287,7.368e-05,8.469e-05,6.364e-05,0.00015694,0.00081244,9.856e-05,3.876e-05,0.00040096,0.00018756,2.392e-05,0.00010861,5.55e-05,7.608e-05,1.77e-05,7.081e-05,0.00093732,7.225e-05,0.0008555,7.033e-05,0.00030431,8.708e-05,0.0003799,8.325e-05,6.7e-06,7.799e-05,0.00021196,0.0001,4.402e-05,0.07262153,2.153e-05,0.00065072,0.00011388,0.00020622,4.067e-05,1.675e-05,3.541e-05,0.00014258,8.086e-05,0.00019043,2.057e-05,0.00920144,0.00052344,7.847e-05,6.651e-05,5.502e-05,0.00082153,2.775e-05,3.493e-05,2.584e-05,0.00033014,0.00010431,2.584e-05,9.522e-05,0.00022392,0.0001177,5.407e-05,0.00013349,1.34e-05,3.732e-05,0.00015694,0.00048565,2.44e-05,1.053e-05,0.00033014,2.632e-05,2.297e-05
ilChlSite2,0.15491275,0.01126462,0.00369607,0.00963327,0.03542905,0.00131544,0.01359588,0.00147411,0.00151582,0.0066745,0.00661841,0.00258485,0.00445158,0.00073154,0.00165005,0.00294535,0.00619511,0.00044199,0.00050767,0.00714957,0.00027373,0.00124688,0.00679147,0.00412416,0.00022339,0.00049904,0.0009976,0.00140221,0.0002488,0.00173921,0.00035762,0.00010499,0.000535,0.00115724,0.00106711,2.637e-05,1.918e-05,0.0007349,0.0002047,0.00038639,0.0001117,0.00028571,0.00049664,0.0002977,0.00012368,0.0016721,0.00025168,0.00115053,0.00010978,0.0008092,0.00012943,0.00010882,6.951e-05,0.00049712,3.787e-05,2.828e-05,6.951e-05,0.00014717,0.00303116,0.00010451,0.00027804,3.547e-05,0.00281352,1.294e-05,0.00039214,0.00011937,1.63e-05,0.00022867,8.869e-05,0.00077037,0.00023106,0.00012848,0.01337009,0.02953691,0.00046548,9.396e-05,0.00424784,3.116e-05,6.616e-05,6.568e-05,5.417e-05,8.245e-05,0.00023011,0.00114669,8.821e-05,5.369e-05,2.541e-05,6.328e-05,0.00160642,0.00117977,4.41e-05,1.965e-05,3.595e-05,0.00050767,0.00015724,9.012e-05,0.00010882,0.00029338,5.369e-05,3.068e-05,0.04481975,2.157e-05,0.00011314,0.00016012,0.00033605,0.00058437,0.00030872,3.787e-05,2.589e-05,4.79e-06,8.15e-06,6.663e-05,3.835e-05,7.43e-05,0.00113279,1.582e-05,0.00025407,8.63e-06,8.63e-06,4.65e-05,1.294e-05
ilChrCulm1,0.2821583,0.00675179,0.00316499,0.01572453,0.00494548,0.0016571,0.01308178,0.02826351,0.00094978,0.00181492,0.00605882,0.00163462,0.0076791,0.00338929,0.00544907,0.04314443,0.00052463,0.00033429,0.00227594,0.00105356,0.0001846,0.00041368,0.00014204,0.00037972,0.00023577,0.00142755,0.00638642,0.00075132,0.00015925,0.00094452,0.00028121,0.00090196,0.00434003,0.00024582,8.847e-05,0.00013486,0.00225586,0.00028934,0.00029651,0.00428981,0.0005165,7.652e-05,9.852e-05,0.00272549,1.913e-05,0.00031707,0.00016738,0.00012147,6.552e-05,0.00024868,0.00011573,0.00018173,0.00079531,0.00037685,0.00030368,2.917e-05,0.00010856,3.922e-05,0.00126447,0.00030655,8.8e-05,0.00039933,0.01279436,0.00015256,4.782e-05,0.00021425,0.00037064,8.895e-05,0.00030033,0.00028455,0.00027212,0.00017647,0.00027308,0.00084266,0.00028599,0.0001736,0.0005098,0.00032664,8.369e-05,0.00024725,0.00011143,0.00595552,0.01026208,0.00023195,0.00012052,0.00088761,8.369e-05,0.00036442,0.00036872,0.00012721,0.00019799,0.00015638,0.00171306,0.00226208,0.00117456,0.00021856,0.00023912,0.00017217,0.00024677,0.00117456,6.552e-05,9.278e-05,0.00012386,0.0002133,0.00020756,0.00023003,0.00047011,0.00012195,0.00029507,0.0002769,0.00017982,0.00019703,1.435e-05,0.00070636,6.552e-05,0.00023386,1.53e-05,0.0,7.269e-05,0.00019225,1.626e-05
ilCloCurt1,0.14414916,0.0092518,0.01144029,0.00177218,0.03897746,0.00288201,0.0071012,0.07566763,0.03487098,0.00781007,0.00405803,0.00115012,0.00463789,0.00399089,0.00181823,0.01076259,0.00103645,0.00038945,0.00067578,0.01128297,0.00096067,0.01139568,0.00235204,0.00150935,0.00041391,7.194e-05,0.0006729,0.00508777,0.00013669,0.00034724,0.00033237,0.00029065,0.00028106,0.00012566,0.00033909,0.00017938,0.00055971,0.00016739,0.00023309,0.00035971,0.00049257,0.00024652,0.00040528,0.00107962,8.15e-06,0.00072038,0.00011367,0.0001693,2.062e-05,0.02018705,2.974e-05,5.995e-05,0.00789592,0.00054916,0.00012566,4.077e-05,0.00062926,2.686e-05,0.00064508,7.722e-05,5.995e-05,0.00025995,0.00093333,0.00031463,0.00072422,0.00018513,4.94e-05,0.00014293,0.00023981,0.00052374,8.825e-05,0.0003482,0.00012134,0.00087338,0.00023933,8.441e-05,0.00049688,0.00021295,0.0001223,2.638e-05,4.077e-05,0.00090887,0.00054293,3.357e-05,2.83e-05,3.405e-05,0.00010552,0.00013573,2.542e-05,3.549e-05,0.04643981,7.29e-05,0.00074484,5.42e-05,0.00789928,0.00021775,3.261e-05,0.00043789,0.00048969,0.00030168,0.00040144,0.00038369,0.00010935,2.878e-05,0.00025612,0.0011271,0.00010264,0.00039664,1.966e-05,5.851e-05,0.00015683,2.494e-05,2.446e-05,9.209e-05,0.00112806,0.00028921,6.091e-05,3.118e-05,1.727e-05,7.19e-06,0.0
ilColCroc2,0.11293211,0.00539336,0.01101781,0.0177559,0.07483678,0.01568994,0.01684208,0.00660664,0.00478719,0.01583967,0.00144391,0.00032643,0.00141791,0.00196919,0.00124988,0.01411218,0.00081512,0.00015022,0.04111074,0.01243428,0.00092152,0.00050361,0.00023255,0.00039576,0.00480404,0.00105537,0.00042128,0.00199615,4.718e-05,0.00041984,0.0003481,0.00014492,0.00052913,0.0001117,0.00081367,0.0002104,3.226e-05,0.00013529,0.01912325,0.00046798,0.00159316,6.163e-05,0.00013288,0.00107126,3.274e-05,0.00020655,0.00025903,0.00010448,2.455e-05,0.00036254,5.78e-06,0.00023014,0.00010448,0.00048628,0.00100241,8.233e-05,0.00013818,8.666e-05,0.00012759,7.944e-05,4.478e-05,9.148e-05,0.00080308,5.537e-05,0.00013529,0.00013529,2.022e-05,0.00018392,0.00017381,7.896e-05,0.00021136,0.00019499,5.537e-05,7.511e-05,7.174e-05,3.37e-05,8.137e-05,4.237e-05,3.563e-05,9.533e-05,5.344e-05,0.00016899,4.815e-05,4.911e-05,1.541e-05,0.00031873,3.659e-05,1.733e-05,7.559e-05,2.359e-05,0.0001194,1.011e-05,0.00033751,0.00012614,4.574e-05,8.281e-05,3.081e-05,7.174e-05,0.00014348,0.00035388,0.0002234,0.00370727,4.815e-05,6.74e-06,0.00053876,0.00011796,1.493e-05,0.00018151,4.67e-05,9.87e-05,3.85e-06,3.515e-05,1.3e-05,5.729e-05,2.889e-05,0.00011651,2.41e-06,3.37e-06,3.418e-05,0.00039769,8.67e-06
ilColFlav1,0.41006283,0.00596115,0.00783261,0.00660336,0.00236115,0.001894,0.00425084,0.01246235,0.0011199,0.00290743,0.00134724,0.00134964,0.00404556,0.00067914,0.01338513,0.0176988,0.01998417,0.00042542,0.00179952,0.00019904,0.00015012,0.00045803,0.00068825,0.00029209,0.00043597,0.00073573,0.00013094,0.00082734,0.0008542,0.00116547,8.058e-05,0.00016787,0.00188873,0.00024748,0.00027098,0.00010983,1.918e-05,0.00012854,0.00101583,0.00016307,0.00687386,8.537e-05,0.000294,0.00010264,2.35e-05,0.00010791,0.00024125,0.00016978,0.00045707,0.00067818,9.688e-05,0.00013429,6.043e-05,0.00046954,0.00010743,4.7e-05,0.00037122,0.00036211,0.00100624,0.0004777,0.0003693,0.00045036,9.784e-05,3.022e-05,0.00014964,0.00010839,5.707e-05,0.00068585,0.0002259,0.00010552,0.00012998,0.0001952,0.0004777,0.00011415,5.899e-05,2.062e-05,0.00018513,0.00012422,1.823e-05,5.947e-05,4.365e-05,0.00025755,0.00012038,2.494e-05,0.0002024,2.542e-05,6.523e-05,0.00011031,0.0001295,3.405e-05,0.00030647,5.564e-05,0.00011367,0.0001741,2.446e-05,0.00022254,2.254e-05,0.01658177,1.343e-05,0.00026715,5.468e-05,2.446e-05,2.4e-06,9.592e-05,0.00029257,0.00010887,0.00023213,3.022e-05,3.933e-05,4.46e-05,4.8e-06,5.084e-05,0.00017938,5.42e-05,9.832e-05,5.755e-05,1.727e-05,2.4e-06,5.612e-05,0.00139664,3.36e-06
ilConVacc3,0.45232454,0.03073058,0.02875024,0.0051745,0.00344008,0.00382263,0.00351151,0.06873873,0.00592426,0.00235954,0.02926606,0.00098754,0.00156999,0.00033988,0.00064046,0.00285091,0.00063902,0.00016779,0.00136337,0.00061026,0.00039981,0.00185235,0.00019895,0.0042325,0.00017785,0.00022291,0.00100288,0.00078044,4.123e-05,0.00180297,0.00019367,0.00010451,0.00061505,0.00046453,0.00019367,5.465e-05,0.00026127,0.00029338,0.00015101,0.00049041,0.00021524,9.588e-05,0.00021764,0.00076702,5.27e-06,0.00015964,0.00060259,0.00019559,5.753e-05,0.00051726,7.143e-05,0.00017018,0.000965,0.00012704,2.733e-05,0.00011122,0.00011026,7.67e-06,0.0003303,0.00018888,0.00010834,0.00022052,0.00170709,0.00013854,1.63e-05,0.0002814,0.00026079,5.896e-05,1.822e-05,0.00024017,4.698e-05,6.23e-06,0.00023873,0.00026942,0.00016251,6.759e-05,0.00040077,0.00040892,0.00014861,0.00013567,9.59e-06,0.00010547,6.184e-05,6.711e-05,0.00016012,5.129e-05,5.944e-05,0.00017066,0.00026798,3.787e-05,0.00021381,7.191e-05,0.00010451,0.00014717,3.691e-05,0.00022244,7.862e-05,3.02e-05,5.081e-05,1.774e-05,0.00010451,2.637e-05,1.965e-05,3.212e-05,0.00022867,0.00391227,0.00013039,0.00034564,2.013e-05,5.657e-05,0.00026798,0.00013615,5.417e-05,0.000128,6.472e-05,0.00021429,5.75e-06,2.876e-05,0.00040029,2.685e-05,7.191e-05
ilCosPyra2,0.42962166,0.00420849,0.00251145,0.03161164,0.01915029,0.05954532,0.00518798,0.00274284,0.01135735,0.00101861,0.00562595,0.00111546,0.00257013,0.00032634,0.00087452,0.00105391,0.00254342,0.00080773,0.00035258,0.00071517,0.00057252,0.0063583,0.00022996,0.00126097,0.00017319,0.01339647,0.00081345,0.00125095,2.004e-05,0.00956679,0.0003979,0.00026765,0.00021947,0.0008688,0.00156775,0.00016174,0.00012595,9.876e-05,0.00025668,0.000198,8.063e-05,0.00022424,6.441e-05,0.00015697,5.296e-05,0.00013454,0.00014122,0.00013788,3.578e-05,0.00341603,5.344e-05,0.000625,9.781e-05,7.109e-05,0.00013073,4.914e-05,0.00016651,3.053e-05,0.00089313,3.483e-05,0.00018941,8.969e-05,0.00021135,5.677e-05,0.00011546,0.00012261,4.008e-05,0.00022424,0.00014074,0.00014074,0.0006646,3.578e-05,0.00057968,0.00095134,6.345e-05,1.527e-05,9.447e-05,7.92e-05,6.107e-05,5.105e-05,0.00015887,0.00011116,0.00042128,0.00037977,1.527e-05,0.00026193,4.532e-05,7.013e-05,0.00016555,0.00012261,2.863e-05,3.912e-05,9.494e-05,0.00304914,0.0002104,7.061e-05,9.113e-05,4.58e-05,1.622e-05,9.017e-05,2.672e-05,0.00013311,6.775e-05,1.908e-05,3.053e-05,4.055e-05,4.962e-05,0.00049094,7.16e-06,4.723e-05,7.156e-05,6.345e-05,1.67e-05,0.00056536,0.00012309,3.053e-05,2.004e-05,2.815e-05,9.303e-05,2.863e-05,4.532e-05
ilCosTrap1,0.52960554,0.02351862,0.00418338,0.00494699,0.00360506,0.0037106,0.00604632,0.00672779,0.00239685,0.00346323,0.00173018,0.00227985,0.0011404,0.00023591,0.00051862,0.00227125,0.00095224,0.00044795,0.00069914,0.00030946,0.00028462,0.00116428,0.00030277,0.00096896,0.00166714,0.00031041,0.00056065,0.00085912,0.00017765,0.00039637,0.00017908,0.00033333,0.00042455,0.00032092,0.00012894,6.208e-05,0.00080898,0.00013658,0.00022588,0.00052436,0.00112703,0.00020965,0.00025836,0.00064374,2.722e-05,0.00222541,0.00075167,0.00032999,6.925e-05,8.166e-05,0.00011223,0.00034527,0.00033333,0.00018911,2.818e-05,1.862e-05,0.0004957,5.492e-05,0.00026934,9.647e-05,0.00023687,5.158e-05,0.00021442,0.00023782,0.00010363,6.59e-05,0.00010458,0.00030277,0.00021538,4.059e-05,0.00012273,0.00012512,0.0003319,5.587e-05,0.00034432,7.211e-05,0.00069389,0.00128462,3.438e-05,0.00026839,0.00011557,0.00026409,6.113e-05,0.00036772,0.00015807,0.00040067,0.00033954,7.498e-05,0.00034002,0.00012846,1.815e-05,3.152e-05,0.00028176,0.0008085,5.587e-05,0.00015616,9.217e-05,0.00057593,0.0002617,0.00223782,0.00019245,0.0001256,0.00011461,9.312e-05,5.014e-05,0.00014183,5.205e-05,3.677e-05,7.402e-05,0.00013754,0.00015234,1.719e-05,8.262e-05,6.734e-05,8.883e-05,3.677e-05,4.8e-07,1.003e-05,0.00013945,0.00103438,8.12e-06
ilCraLigu1,0.04097121,0.00531238,0.00592754,0.00421785,0.02180134,0.00154798,0.00608445,0.00085509,0.00134309,0.00684837,0.00039155,0.00119194,0.00233925,0.0023167,0.00175624,0.00050624,0.00560797,0.00215451,0.00034117,0.00271929,0.00052927,0.00405038,0.00056814,0.00049472,0.00037044,0.00013724,5.278e-05,0.00057965,8.349e-05,0.00068858,0.00037668,0.00021353,0.00017131,0.00135125,0.00234213,8.64e-06,1.248e-05,0.0001286,8.013e-05,0.00012332,7.582e-05,7.582e-05,7.39e-05,3.551e-05,2.207e-05,6.958e-05,6.334e-05,0.00015691,1.679e-05,0.00025096,3.599e-05,4.942e-05,0.0001094,7.582e-05,5.854e-05,0.00011036,4.894e-05,3.887e-05,0.00031046,0.00013052,2.687e-05,0.00029511,0.00050672,0.00014107,3.647e-05,0.00013292,2.063e-05,0.00015883,1.344e-05,8.253e-05,0.00050816,4.32e-06,0.01014395,0.00128647,2.351e-05,2.975e-05,2.351e-05,2.015e-05,1.296e-05,0.00034069,3.743e-05,0.00028791,0.0020547,0.00047169,1.008e-05,0.00106814,5.95e-05,2.88e-06,0.00168474,2.303e-05,3.359e-05,2.495e-05,0.0002001,0.00011132,4.559e-05,9.309e-05,1.392e-05,0.00029894,0.00039155,0.00010701,2.063e-05,0.00012044,7.68e-06,3.983e-05,4.223e-05,5.614e-05,0.00038532,1.919e-05,0.00032198,0.00011516,9.213e-05,4.894e-05,5.758e-05,3.551e-05,2.4e-06,0.00092418,2.447e-05,1.92e-06,3.311e-05,0.00018714,1.871e-05
ilCroElin1,0.23216219,0.02415883,0.0032999,0.00169722,0.0435619,0.00440115,0.00384789,0.00139779,0.00247073,0.00497457,0.00962524,0.00065547,0.02215355,0.00110653,0.01980806,0.00395921,0.00041315,0.00020202,0.00297169,0.00045873,0.00155134,0.00038004,0.0022428,0.00494482,0.00044386,8.493e-05,0.00184117,0.004262,0.00032054,0.00909021,0.00012092,7.582e-05,0.00026823,9.885e-05,0.00020154,0.0009976,8.109e-05,0.00198177,0.0006118,0.00456046,0.00013004,0.00019194,0.00070202,0.00032102,0.0001358,0.00021881,0.00032582,4.175e-05,2.927e-05,0.00034645,0.00010173,0.0001977,0.00017131,0.00068858,5.95e-05,4.942e-05,0.0005072,0.00017131,0.00014203,0.00021017,0.00029223,0.00297937,0.00020585,0.00075528,5.23e-05,0.00051727,6.43e-05,0.00015211,0.00116795,0.00037476,9.309e-05,0.00021209,6.718e-05,0.0003047,2.543e-05,1.248e-05,0.00015883,4.798e-05,7.39e-05,3.119e-05,0.00021065,0.00012332,3.503e-05,0.00024136,0.00012092,0.00060893,0.00031094,0.00036036,5.614e-05,0.0001286,0.0001358,8.637e-05,0.00023225,0.0002001,2.783e-05,0.00019818,7.438e-05,0.00016411,0.00017514,0.0002596,0.00077927,0.00085173,0.01180374,8.64e-06,0.00057534,0.00022601,0.00042035,9.597e-05,0.0001382,6.046e-05,1.488e-05,0.00027063,0.00052639,4.99e-05,0.00012188,0.00678503,6.91e-05,3.647e-05,5.422e-05,3.983e-05,3.455e-05
ilCyaSemi1,0.02739054,0.00939149,0.12355402,0.01163002,0.00512141,0.00240057,0.14511138,0.00247371,0.01696845,0.00256836,0.00106166,0.00037046,0.00599857,0.00155927,0.00061233,0.00050526,0.00075765,0.00041396,0.00093403,0.00102581,0.00106405,0.00092065,0.00038145,0.00076769,0.00033078,0.00073948,0.00022323,0.00045698,5.258e-05,0.00185851,0.00119646,0.00014245,0.00151577,0.00036042,4.015e-05,0.00012859,2.964e-05,0.00015535,0.0001544,0.00019455,0.00010707,0.00143642,0.00027199,0.00011998,1.43e-06,0.00040344,0.00010325,3.681e-05,9.56e-06,0.00052199,1.291e-05,2.294e-05,0.00014675,0.00011424,9.369e-05,0.00029015,9.034e-05,0.00010946,0.00016444,6.166e-05,9.895e-05,0.00031214,5.832e-05,0.00051912,0.0001305,0.00024713,2.008e-05,0.00018977,4.015e-05,8.174e-05,0.0002218,0.00039006,2.677e-05,0.00039532,5.975e-05,4.971e-05,3.92e-05,2.533e-05,6.405e-05,1.912e-05,0.00014627,2.486e-05,5.74e-06,0.00179541,3.92e-05,5.067e-05,3.92e-05,0.00010468,0.00178298,0.0001348,1.625e-05,4.876e-05,0.00027103,1.386e-05,1.577e-05,0.00089579,2.868e-05,1.912e-05,6.453e-05,0.00011138,3.298e-05,5.975e-05,5.88e-05,0.00012859,0.00030019,5.402e-05,0.00033987,5.306e-05,9.417e-05,0.00048423,0.00114149,6.883e-05,3.059e-05,3.203e-05,5.641e-05,0.00013671,2.247e-05,0.00022467,6.119e-05,2.247e-05,1.43e-06
ilCybMeso1,0.5874698,0.01032407,0.00425935,0.00117737,0.0034372,0.00287584,0.00117833,0.00237967,0.002221,0.00149904,0.01338063,0.00087824,0.00176942,0.00038543,0.01777996,0.0011395,0.00052301,9.971e-05,0.00049041,0.00022819,0.00034612,0.00072483,8.293e-05,0.00033365,0.00050575,8.581e-05,0.00021429,0.00015676,4.794e-05,0.00041035,0.00012033,0.00079147,0.00049808,6.376e-05,9.923e-05,7.526e-05,0.00061793,0.00014334,0.00082071,0.0002047,0.00030489,0.00010163,9.636e-05,0.00087967,3.931e-05,6.136e-05,9.108e-05,0.00022579,4.554e-05,0.00037584,2.733e-05,0.00030968,0.00051438,0.00012464,1.822e-05,0.00013471,6.424e-05,1.87e-05,0.00011793,0.00028092,0.00010115,8.389e-05,0.00019319,0.00013806,0.00016587,0.00018984,9.348e-05,5.513e-05,0.00010355,0.00036673,1.87e-05,5.465e-05,4.65e-05,0.0004837,0.00014717,4.602e-05,0.0002464,2.445e-05,0.00033509,0.00012943,0.00083845,9.06e-05,0.00018121,8.389e-05,1.822e-05,3.979e-05,0.00018552,0.00015101,8.437e-05,0.00020278,5.034e-05,0.00036002,3.787e-05,0.00019128,4.267e-05,0.00067258,1.39e-05,1.294e-05,0.00017593,7.958e-05,2.397e-05,0.00014477,1.582e-05,1.534e-05,0.00017977,8.341e-05,0.00030201,7.43e-05,0.00045542,0.00026702,0.00021141,0.00012033,1.246e-05,9.156e-05,6.71e-06,0.00327085,2.493e-05,5.273e-05,4.31e-06,9.348e-05,1.44e-06
ilCydAmpl1,0.35690783,0.00999136,0.02067739,0.00561018,0.00249928,0.01387806,0.00208977,0.00721892,0.00240182,0.00239606,0.00133893,0.00086798,0.00195055,0.00120019,0.00867259,0.00217379,0.00395679,0.0002218,0.0006409,0.00012338,0.01100528,0.00082717,0.00029477,0.00026884,0.00137782,0.00046807,0.00079741,0.00105761,0.0006337,0.0017206,0.00381805,0.00032261,0.00014978,0.00015074,0.00012002,0.00026116,0.00011906,2.784e-05,0.01876812,0.00208017,0.00031733,0.0018675,0.0003903,0.00140663,3.553e-05,0.00027604,0.00023284,0.00011666,0.00011762,0.00043351,5.569e-05,0.00026116,0.00012962,0.00026836,0.00031349,0.00014306,2.928e-05,0.00010994,0.00033077,0.00052712,0.00011714,0.00034422,0.00010946,0.00043543,3.985e-05,1.584e-05,0.00012674,0.00037062,0.00019347,0.00012098,0.00044839,3.505e-05,0.00021459,0.00010946,0.00019011,0.00014162,0.00012242,4.753e-05,6.241e-05,0.0001301,9.6e-06,0.00019731,9.121e-05,0.00020979,0.0008483,0.00184109,1.776e-05,3.601e-05,0.00028901,0.00030197,8.209e-05,3.601e-05,0.00015939,0.00010274,2.112e-05,0.00143543,4.177e-05,1.728e-05,8.64e-06,0.00098608,0.00013154,0.00026452,0.0023783,0.0003831,0.00128181,8.305e-05,0.00019251,0.00024868,0.00015699,0.00010418,0.00015074,0.00016035,2.4e-06,0.00829381,7.105e-05,0.00011906,5.137e-05,2.016e-05,6.289e-05,0.0001157,0.00021171
ilCydSple1,0.45533987,0.00326577,0.00406166,0.0014761,0.00285994,0.00308652,0.03835038,0.00229207,0.00344359,0.00089149,0.00260086,0.00113528,0.00566444,0.00154207,0.00067543,0.00048901,0.00060994,0.00349379,0.00027103,0.0008762,0.00142878,0.000424,0.00063289,0.00274283,0.00010468,9.847e-05,0.00109226,0.0023805,0.00038432,0.0005913,8.365e-05,0.0001238,0.00106501,0.00011233,2.055e-05,0.00010373,9.13e-05,0.000163,0.00013767,0.00029732,0.00014627,0.00031214,0.00034465,0.00042734,9.08e-06,0.00104159,0.00029971,7.218e-05,0.00012859,0.00011377,0.00012237,0.0002175,0.0002022,0.00015488,8.939e-05,0.00016539,5.258e-05,0.00067256,0.00018929,2.342e-05,6.931e-05,0.00022753,0.00013862,3.155e-05,0.00012428,0.00061759,0.00010229,7.218e-05,1.386e-05,0.0001673,0.00022467,0.00077247,0.00013528,0.00014149,0.0001348,0.00020985,0.00026769,4.685e-05,6.214e-05,3.059e-05,2.581e-05,0.00027438,4.015e-05,0.000326,0.00028776,0.00069885,0.00029254,0.00031453,0.00025908,0.00038671,0.00014866,7.65e-06,0.00020841,6.836e-05,7.361e-05,5.21e-05,7.505e-05,0.00010134,6.21e-06,9.943e-05,0.00028107,2.533e-05,0.00015822,2.533e-05,0.00012237,0.00016444,8.604e-05,0.00028585,0.00010564,1.482e-05,3.824e-05,1.91e-06,0.00153107,2.677e-05,0.00016348,3.872e-05,2.964e-05,2.677e-05,1.769e-05,0.00107266,1.625e-05
ilCydStro3,0.10130556,0.02512739,0.00804358,0.00112835,0.00265182,0.00198946,0.00883956,0.00436303,0.00092289,0.01848659,0.00251724,0.00096408,0.00625431,0.00179693,0.00185536,0.00035584,0.00445498,0.00020163,0.00028352,0.01875766,0.002284,0.00070498,0.00029598,0.00036398,0.00026006,0.00021264,0.00011782,0.00095307,5.172e-05,0.00013745,0.00046312,0.00236303,0.00090709,0.00015709,0.00017385,0.00163266,2.586e-05,3.161e-05,0.00018487,0.0010522,9.195e-05,0.00073707,0.00016331,0.00873228,8.956e-05,0.00016715,0.00014943,8.19e-05,0.0002342,0.00020594,5.795e-05,0.00052299,0.00048563,9.674e-05,2.921e-05,0.0002045,3.592e-05,0.00014943,0.00026724,0.00022941,8.333e-05,0.00013745,0.00170642,0.00023898,0.00022366,0.00045929,4.071e-05,0.00055172,8.238e-05,0.00057567,0.00028736,1.82e-05,0.00084052,0.00031226,5.699e-05,0.0016705,0.00198803,2.299e-05,0.00015996,1.485e-05,0.00024425,9.1e-05,8.573e-05,0.0002136,9.914e-05,6.801e-05,1.197e-05,1.054e-05,0.00043918,0.00013314,0.00018295,4.933e-05,0.00015086,7.184e-05,0.0001183,0.00151389,0.00165661,4.598e-05,0.00027395,1.82e-05,6.274e-05,2.874e-05,7.759e-05,1.006e-05,0.00037356,1.197e-05,5.029e-05,0.00079981,0.00025479,9.004e-05,8.764e-05,6.897e-05,3.544e-05,2.107e-05,1.772e-05,0.00013554,1.485e-05,1.676e-05,9.914e-05,2.538e-05,0.0
ilCydStro1,0.00639296,0.00179543,0.01142198,0.00315033,0.0025509,0.01710086,0.00216746,0.00207469,0.00528021,0.00344196,0.00042721,0.00077926,0.00062274,0.00016746,0.00018934,0.00015747,0.00063083,0.00038487,7.992e-05,8.849e-05,0.10321741,0.00028354,0.0001294,0.00053758,0.00101284,0.0006922,9.42e-05,5.947e-05,0.00018221,7.612e-05,6.422e-05,0.00011989,3.616e-05,9.61e-05,0.0002098,3.092e-05,2.902e-05,2.093e-05,6.28e-05,4.424e-05,7.422e-05,0.00072883,8.563e-05,3.758e-05,4.8e-07,8.468e-05,4.805e-05,4.567e-05,0.69454805,4.948e-05,0.00015319,5.423e-05,2.664e-05,7.326e-05,3.14e-05,0.00178972,6.28e-05,6.66e-05,4.329e-05,2.188e-05,3.616e-05,1.903e-05,2.617e-05,5.09e-05,0.00011132,0.00010514,9.99e-06,4.805e-05,4.995e-05,9.99e-06,1.9e-06,3.33e-05,3.092e-05,2.759e-05,2.284e-05,6.66e-05,2.379e-05,1.76e-05,5.23e-06,4.091e-05,5.23e-06,2.236e-05,6.66e-06,4.424e-05,9.99e-06,1.998e-05,2.38e-06,2.093e-05,2.712e-05,2.759e-05,4.76e-06,1.43e-06,6.185e-05,2.38e-06,1.522e-05,6.18e-06,0.00011893,2.617e-05,3.283e-05,1.237e-05,2.85e-06,9.04e-06,9.04e-06,0.00011941,2.521e-05,2.95e-05,1.903e-05,8.09e-06,5.71e-06,1.9e-06,5.71e-06,4.28e-06,1.284e-05,3.81e-06,7.61e-06,4.76e-06,7.61e-06,9.5e-07,3.81e-06,8.09e-06,3.81e-06
ilDeiPorc1,0.08221565,0.00699952,0.06199905,0.00392605,0.16621231,0.0032729,0.00110592,0.00422328,0.00342462,0.0089499,0.00278578,0.00091078,0.00193511,0.0007562,0.0010062,0.00043177,0.00532729,0.00034447,0.00061689,0.00049618,0.00061164,0.00297901,0.00017939,0.00038502,0.00126956,0.00038454,0.00028912,0.00086784,7.347e-05,0.00076479,0.00038645,0.00048235,0.00258111,0.00026765,6.87e-05,7.777e-05,0.00026193,3.053e-05,0.00031632,0.00016508,0.00118655,0.00306393,8.397e-05,0.13374046,1.861e-05,0.0028063,0.00041889,4.819e-05,9.637e-05,0.00016508,3.912e-05,0.00196422,0.00242032,0.00616746,1.718e-05,0.00040076,0.00031059,0.00012882,0.00015649,7.109e-05,9.017e-05,5.2e-05,4.532e-05,0.00136021,0.00010926,0.00031202,4.103e-05,0.00010735,3.149e-05,0.00049094,0.00015458,5.916e-05,1.288e-05,9.256e-05,3.483e-05,0.00038693,4.866e-05,0.00021613,0.00014218,5.2e-05,0.00016555,1.288e-05,0.00022805,0.00045229,0.00025906,0.00047519,5.057e-05,0.00016794,0.00013884,0.0004251,9.06e-06,0.00018511,4.246e-05,0.00064885,0.0001126,0.00134256,0.00019275,1.24e-05,0.00025763,9.733e-05,0.00033302,4.819e-05,4.29e-06,1.574e-05,0.00065983,2.385e-05,1.384e-05,1.622e-05,1.574e-05,0.00010782,4.103e-05,5.2e-05,6.679e-05,2.433e-05,3.674e-05,0.00018034,1.765e-05,2.91e-05,0.00011546,0.00014599,1.574e-05
ilDiaChry1,0.01441966,0.00366139,0.01060671,0.0056705,0.01230887,0.00435204,0.0011952,0.00353046,0.00175108,0.00113861,0.03706331,0.00075444,0.00148537,0.00099856,0.01710312,0.00073861,0.00039233,8.393e-05,0.00286139,0.00020336,0.00142782,0.00055204,0.00019664,0.00026475,0.00047242,0.00024796,0.00029544,0.00484269,0.00019616,0.00013717,3.022e-05,0.00018513,0.00036403,0.00024604,0.00063213,0.00055923,0.00253957,0.00024844,0.00015683,0.00028825,2.83e-05,0.00016211,9.544e-05,0.00047578,1.631e-05,0.00029113,4.029e-05,8.249e-05,5.228e-05,0.00053429,7.53e-05,4.748e-05,0.00065324,0.00049448,0.00050552,0.00043741,9.784e-05,1.631e-05,0.00028633,0.00190647,0.00013813,3.453e-05,5.612e-05,0.00021295,0.00033141,0.00010839,7.578e-05,5.324e-05,8.01e-05,0.00717602,0.00013141,3.022e-05,5.803e-05,0.00056978,1.439e-05,2.974e-05,0.00017458,5.372e-05,0.00851079,2.734e-05,2.35e-05,6.859e-05,4.221e-05,4.221e-05,2.014e-05,4.508e-05,6.954e-05,0.00106811,6.187e-05,0.00010408,0.00206859,0.00021871,3.36e-06,1.439e-05,0.00030552,0.00011127,0.00010983,8.01e-05,0.00014149,6.71e-06,2.11e-05,4.892e-05,2.4e-06,6.24e-06,0.0001199,3.837e-05,3.981e-05,0.0020705,0.00010839,8.297e-05,4.365e-05,9.017e-05,5.612e-05,4.7e-05,1.391e-05,4.365e-05,3.933e-05,6.811e-05,6.859e-05,3.84e-06,2.302e-05
ilDiaMend1,0.27510973,0.01626354,0.04171682,0.0112022,0.00214135,0.02754863,0.00203067,0.00545855,0.00285146,0.00296981,0.00134883,0.00531816,0.00219454,0.00253378,0.00167897,0.01002923,0.00237183,0.00052563,0.00058457,0.00135697,0.00024293,0.00062003,0.00049641,0.00073359,0.01212793,0.00130379,0.00043364,0.00074748,4.983e-05,0.0005218,0.00010781,0.00035026,0.00055103,0.00014087,0.00044178,4.264e-05,6.612e-05,4.887e-05,6.996e-05,0.00012937,0.00109631,0.0213172,0.00029085,0.00025635,2.779e-05,0.00018495,0.00017633,0.00054001,0.00062338,0.00022904,0.00040105,0.00019262,0.00032774,0.00012889,6.852e-05,4.217e-05,1.198e-05,3.354e-05,0.00050407,0.00018256,0.00023718,5.51e-05,0.0003081,8.385e-05,0.00021754,0.00017825,0.00010925,0.0001816,0.000161,0.00013225,0.00054241,0.00034691,0.00063728,0.00025683,4.792e-05,0.00023862,0.00408721,0.00013129,4.504e-05,0.0007954,4.264e-05,0.00014183,0.00034739,0.00029037,0.00015285,3.115e-05,8.002e-05,9.008e-05,0.00079061,0.00019645,5.75e-06,9.679e-05,2.108e-05,0.00064686,6.037e-05,0.00031529,7.714e-05,0.00024102,0.00050599,0.00023575,0.00060517,3.067e-05,9.583e-05,7.858e-05,0.00073838,4.887e-05,0.0001126,1.869e-05,5.271e-05,0.00109391,4.648e-05,1.773e-05,0.0006598,8.15e-06,9.823e-05,5.989e-05,4.36e-05,0.00040728,2.587e-05,2.348e-05,3.45e-05
ilDiaRubi1,0.46703544,0.00325048,0.05317864,0.00131466,0.03515805,0.00449425,0.00148324,0.00208094,0.00376628,0.00669444,0.00027011,0.00127969,0.00375575,0.00016523,0.00225431,0.00055316,0.00079502,0.0001523,0.00054981,0.00025192,0.00039176,0.00038554,0.00012069,0.00041954,0.02250287,0.00013218,3.352e-05,0.00022941,2.586e-05,0.00202059,0.000784,0.00016379,0.01247701,0.00023132,0.00014416,0.00028209,8.525e-05,0.00055316,6.944e-05,0.00027682,0.00010153,0.0001863,4.885e-05,0.00011398,9.6e-07,1.868e-05,7.807e-05,5.795e-05,4.406e-05,0.0002433,7.088e-05,0.00018247,5.795e-05,0.00183573,1.197e-05,0.00068103,0.00030795,5.364e-05,2.969e-05,0.00142672,2.059e-05,0.00075287,0.00012979,8.381e-05,6.561e-05,4.981e-05,4.31e-06,0.00020354,5.939e-05,0.00017241,0.00067625,3.831e-05,0.00043295,0.00015182,1.245e-05,5.125e-05,1.868e-05,3.448e-05,2.826e-05,7.375e-05,7.04e-05,4.885e-05,0.00018008,6.226e-05,1.92e-06,8.333e-05,9.243e-05,1.102e-05,7.95e-05,0.00014655,8.19e-05,0.00019875,2.634e-05,6.801e-05,5.747e-05,0.00031944,6.082e-05,3.257e-05,9.004e-05,8.477e-05,1.724e-05,0.00014799,1.293e-05,5.077e-05,1.916e-05,5.27e-06,2.251e-05,9.579e-05,6.274e-05,0.00024617,9.674e-05,5.747e-05,7.232e-05,5.843e-05,0.00058238,0.00079885,5.27e-06,0.0,0.00034483,2.921e-05,1.44e-06
ilDicOoxx2,0.61925683,0.011862,0.01097125,0.00215668,0.003207,0.00307714,0.00252516,0.00181025,0.00635266,0.0020369,0.00130283,0.00068759,0.00282463,0.00050743,0.00055007,0.00060326,0.00216291,0.00072209,0.00071059,0.00147197,0.00069765,0.00111356,0.00033781,0.00053905,0.00196933,9.966e-05,0.00012171,0.00064734,0.00017106,0.00071586,0.00132151,0.0004782,0.00017873,0.00025539,0.00021514,0.00023,3.83e-06,6.66e-05,0.00054001,0.00010685,0.00029612,0.00021131,0.00017106,0.00035649,4.169e-05,0.00012075,6.996e-05,0.00016579,1.054e-05,0.00022952,2.923e-05,0.00039722,0.00021131,4.792e-05,8.146e-05,7.714e-05,0.00014375,0.00015477,4.648e-05,8.529e-05,4.887e-05,0.02614327,0.00024293,0.00012746,1.869e-05,9.583e-05,7.67e-06,0.0003057,9.727e-05,1.006e-05,0.00012985,9.487e-05,0.00016627,0.0001035,3.162e-05,0.00031145,2.348e-05,3.498e-05,8.05e-05,0.00031385,6.133e-05,0.00012506,0.00010637,0.00014375,8.577e-05,0.00014135,0.00012027,9.727e-05,6.325e-05,4.839e-05,0.00016579,0.00020268,1.917e-05,3.785e-05,2.156e-05,7.379e-05,8.529e-05,0.00021131,3.737e-05,8.194e-05,4.312e-05,9.056e-05,0.00022712,4.696e-05,0.00012123,0.00037853,9.966e-05,0.00011979,4.264e-05,0.00012171,5.462e-05,9.58e-06,0.00019502,8.194e-05,8.62e-06,0.00020172,1.15e-05,4.8e-07,1.629e-05,4.264e-05,6.23e-06
ilDilCaer1,0.26944396,0.05444108,0.00571429,0.00090572,0.00137085,0.00141318,0.0067619,0.0014252,0.00197595,0.00953583,0.00068735,0.00227802,0.00487446,0.00038095,0.00704185,0.0007215,0.00355652,0.00044252,0.00034343,0.00012266,0.00079317,0.00053295,0.00017508,0.00031602,0.00017364,7.023e-05,0.00026311,0.00104137,0.00012602,0.00018855,0.00010967,0.00030976,0.00036316,0.00020587,3.8e-05,0.00039683,2.41e-06,0.00034247,0.00013228,0.00030447,0.000329,0.00022415,0.00014815,0.00010919,3.896e-05,0.00011255,8.754e-05,0.00223473,0.00083742,0.00021789,5.676e-05,0.00012506,0.00024194,0.00012073,1.539e-05,7.311e-05,0.00012747,9.572e-05,0.00029485,5.002e-05,0.00012217,0.00012458,0.00016306,0.00010534,0.00026744,0.00042376,0.00021068,0.00012891,0.00031554,0.00017364,3.463e-05,9.716e-05,0.00014478,6.205e-05,3.752e-05,0.00063781,0.00027128,0.00067196,3.127e-05,0.00132468,0.00052092,0.00047138,0.00015488,9.861e-05,0.00036797,6.926e-05,8.562e-05,0.00012073,8.129e-05,0.00013612,0.0006633,6.205e-05,0.00013516,0.00058778,0.00026407,0.00027609,1.78e-05,0.00014767,0.00015392,0.00028908,0.00015969,4.81e-05,0.00025685,6.109e-05,2.453e-05,8.081e-05,0.00016306,2.597e-05,9.957e-05,0.00044589,2.646e-05,0.00012169,8.706e-05,0.00018951,0.00078499,7.263e-05,0.00010005,0.00034103,0.00046128,4.04e-05,1.924e-05
ilDreFalc1,0.3219035,0.01273644,0.005988,0.07779405,0.0202674,0.00248056,0.00244695,0.00076188,0.00119155,0.00308353,0.01307825,0.00090687,0.00853673,0.00297936,0.02994527,0.00045415,0.00116179,0.00668651,0.02912722,0.00040086,0.00023524,0.00065242,0.00139366,0.00042967,0.00041479,0.00014546,0.00309361,0.00228853,0.00012722,0.00762698,0.00026596,0.00017043,0.00023236,0.00660586,0.00012098,0.00033317,5.665e-05,0.00012866,0.00023092,0.00029141,0.00051416,8.593e-05,0.00054921,0.00058905,4.465e-05,0.00071867,0.00027364,0.00144311,0.00011522,0.00030533,4.465e-05,3.889e-05,8.449e-05,0.00186558,5.185e-05,1.152e-05,0.00018291,0.00028325,0.0007326,0.0011109,8.305e-05,0.00048152,0.00012722,0.00019347,5.137e-05,0.00017427,0.00180653,6.577e-05,7.537e-05,0.00036246,3.649e-05,0.00734806,4.32e-06,0.00018771,0.00044647,0.00037638,0.00033221,0.00018723,4.177e-05,0.00030821,3.217e-05,4.273e-05,4.849e-05,0.00012578,7.249e-05,6.241e-05,6.721e-05,0.00010994,3.169e-05,0.00122036,0.00016947,2.544e-05,2.016e-05,5.761e-05,0.00358377,0.00020211,1.92e-05,3.024e-05,0.00021699,0.0006241,0.00088622,2.88e-05,0.00040951,2.256e-05,0.0001085,0.00017331,0.00013826,9.361e-05,1.536e-05,1.824e-05,0.00010946,0.00013106,0.00017379,4.993e-05,0.00011522,8.401e-05,2.976e-05,0.00044215,0.0001517,3.601e-05,1.008e-05
ilDryErem1,0.06980383,0.02278325,0.04938995,0.00228517,0.00928612,0.00314402,0.00314019,0.00290335,0.00174402,0.00796268,0.03884163,0.00077129,0.03236172,0.00377608,0.00296842,0.0005488,0.00086603,0.0001866,0.00070861,0.00161005,0.00098134,0.00055789,0.00025407,0.00063589,0.00022679,0.00021866,0.00088612,0.00225933,3.78e-05,0.00179809,0.00072823,0.00291005,0.00130239,0.00017177,0.0001689,0.01059091,0.00012297,0.00109809,7.56e-05,4.593e-05,0.00038421,0.00017608,5.311e-05,0.00020766,0.00055837,0.00012201,0.00012153,0.00038804,6.842e-05,0.00010431,2.249e-05,0.00015167,0.00062967,0.00024785,7.703e-05,0.00069378,3.254e-05,0.00064498,0.00019569,6.459e-05,0.00061435,5.072e-05,0.00117321,4.498e-05,0.00036124,0.00028995,0.00023493,0.00016268,6.842e-05,6.459e-05,0.00015694,0.00363349,2.057e-05,0.00019139,2.919e-05,0.00018565,0.00023158,6.938e-05,4.928e-05,0.00055024,4.689e-05,4.258e-05,3.014e-05,0.00097033,2.392e-05,6.029e-05,0.00013445,8.373e-05,0.00041914,0.00021866,0.00079904,8.325e-05,1.435e-05,6.22e-06,4.019e-05,0.00023684,4.019e-05,5.26e-06,0.00068325,0.00021148,2.967e-05,1.053e-05,0.00012249,7.18e-06,3.206e-05,8.182e-05,7.416e-05,6.986e-05,8.947e-05,2.249e-05,0.00019522,1.34e-05,9.57e-06,6.029e-05,0.00026986,7.66e-06,1.531e-05,8.61e-06,0.00064258,4.689e-05,2.87e-06
ilDryLabe1,0.16844013,0.00947126,0.0067682,0.00402155,0.00201054,0.0015249,0.00176533,0.01004981,0.00268726,0.00820354,0.00223563,0.00276437,0.00269061,0.00349808,0.00352778,0.001216,0.00066762,0.00044013,0.00051772,0.0067136,0.00034387,0.01738697,0.00070642,0.00017577,0.00025814,0.00035297,0.00026197,0.00144732,0.00345307,0.00089033,0.00011638,0.00060536,0.00031657,0.0004023,0.00020738,4.167e-05,0.00026724,0.00037308,0.00013266,0.00377155,0.02979071,8.19e-05,0.00014033,0.00029741,9.58e-06,0.00015038,0.00011734,9.77e-05,0.00224617,0.00150623,0.00016092,0.00010249,0.00269732,0.00012787,0.00053305,0.00016906,4.167e-05,1.964e-05,0.0002682,6.034e-05,6.178e-05,6.657e-05,0.00202251,3.688e-05,0.00024042,0.00117625,2.778e-05,8.477e-05,2.969e-05,0.00055556,9.004e-05,9.6e-07,0.00011015,0.00062739,0.00031657,9.531e-05,0.00037979,2.73e-05,0.00040805,9.1e-05,3.736e-05,1.82e-05,2.059e-05,0.00014847,0.00141331,8.19e-05,9.866e-05,4.933e-05,0.00054885,0.0002864,0.00010441,1.724e-05,1.102e-05,2.107e-05,2.921e-05,0.00021839,3.831e-05,3.161e-05,0.00218918,0.00010297,2.826e-05,6.23e-06,0.00017385,1.389e-05,1.006e-05,0.00024808,6.992e-05,6.082e-05,0.00023563,0.00012883,9.722e-05,0.00499234,4.8e-07,1.82e-05,6.849e-05,0.00029167,5.27e-06,2.87e-06,5.364e-05,0.00022366,5.75e-06
ilDryRufi1,0.06650932,0.00628954,0.0172408,0.00627664,0.07344338,0.00078643,0.00187004,0.00718825,0.00845007,0.00187482,0.00141663,0.00772862,0.00679169,0.0040258,0.00822169,0.00426613,0.00328094,0.00033779,0.00079503,0.00102007,0.00065552,0.00140038,0.00227855,0.00310225,0.00088581,0.00033588,0.00017105,0.00277353,0.00013426,0.00100334,0.00014859,0.00027043,0.00045389,0.00012613,4.491e-05,7.549e-05,0.00018299,0.00015815,0.00111945,0.00038509,0.00080936,0.000172,0.00118108,0.00012327,2.293e-05,0.00173149,0.00046345,0.00080793,4.587e-05,0.00067272,0.0002666,0.00023364,0.00049498,0.00084759,7.883e-05,6.211e-05,0.0020172,0.00105256,0.00093884,0.00153273,0.00011419,0.00027043,0.00021166,0.00013903,0.0002924,7.692e-05,0.00097754,0.00163211,0.00053846,0.00030913,0.00020831,0.00011228,0.00061491,0.00141424,0.00016914,3.106e-05,0.00020592,0.00136837,0.00010368,0.00016866,0.00010655,6.928e-05,8.791e-05,0.00543287,7.453e-05,0.00020592,0.00045151,0.00013187,3.344e-05,0.00160726,6.402e-05,0.00026326,0.00023411,0.00011562,2.628e-05,0.01655853,6.498e-05,7.167e-05,0.0001935,0.00871285,8.743e-05,8.12e-06,2.437e-05,0.00011419,0.0038581,5.59e-05,3.822e-05,4.78e-06,0.0001161,0.00089393,8.457e-05,0.0001032,0.00012088,0.00012996,4.826e-05,0.00016722,6.45e-05,5.303e-05,9.08e-06,0.00012996,3.82e-06
ilEclSila1,0.02877301,0.00366094,0.00293371,0.00212732,0.00515832,0.00329041,0.00677062,0.00187601,0.00155937,0.00766905,0.00216357,0.0003319,0.00390892,0.00148927,0.00565713,0.00320458,0.00047067,0.00035479,0.00063042,0.00278207,0.00236147,0.0006247,0.00045351,0.00022127,0.02304769,0.00015212,0.00038674,0.00071674,0.00018979,0.00024225,8.011e-05,0.0002556,0.0007382,0.00015212,0.00035956,8.298e-05,2.814e-05,0.0008226,0.0004268,0.00060897,0.00010396,0.00026037,5.913e-05,0.00016214,0.00012589,0.00053982,4.149e-05,4.721e-05,2.527e-05,4.721e-05,2.67e-05,5.484e-05,0.00044349,0.00035432,7.821e-05,0.00015784,1.574e-05,8.393e-05,7.964e-05,4.244e-05,5.961e-05,9.585e-05,0.00022985,0.00015737,0.00049309,6.295e-05,1.812e-05,0.00012971,2.909e-05,0.00015165,0.00015403,4.53e-05,4.196e-05,0.00012303,0.00027992,7.296e-05,0.00060992,3.958e-05,0.00013019,0.00012589,0.00059323,8.345e-05,1.669e-05,0.00022747,2.861e-05,3.81e-06,0.00072389,1.001e-05,0.0015403,0.00028135,0.00014974,0.00012017,0.00020696,1.526e-05,7.15e-06,9.633e-05,0.00051645,3.052e-05,0.27099142,2.098e-05,6.247e-05,5.675e-05,1.431e-05,6.342e-05,7.678e-05,4.626e-05,1.335e-05,0.00010968,0.00024082,0.00119695,6.152e-05,8.58e-06,0.00013972,5.25e-06,1.812e-05,4.101e-05,7.15e-06,0.00044063,8.58e-06,5.579e-05,5.72e-06
ilEilCani1,0.3207632,0.01306847,0.0337708,0.00171089,0.00141465,0.00351545,0.00463671,0.00630623,0.00364337,0.00860295,0.00149025,0.00046838,0.00871992,0.01031098,0.00159011,0.00121303,0.0003942,0.00013932,0.00133856,0.00052211,0.00316072,0.00038516,0.00014218,0.00029244,0.00046505,0.0002311,0.00027247,0.00082501,7.228e-05,0.00055397,0.00017118,0.00046315,0.00093818,0.00031669,0.0002777,0.00022397,1.712e-05,2.806e-05,0.00058583,0.00071279,0.00018212,0.00080171,0.00013077,0.00031098,4.28e-06,5.991e-05,0.00013077,0.00010604,4.66e-05,0.00118925,3.709e-05,6.087e-05,0.00019448,9.891e-05,0.00326629,5.516e-05,2.901e-05,1.189e-05,0.0002097,0.00026153,0.00012744,0.00023395,0.00026961,0.00015739,0.00013362,0.0002563,0.00014931,1.331e-05,5.896e-05,2.33e-05,0.00017737,0.00039705,3.519e-05,0.00885925,3.852e-05,7.61e-06,9.891e-05,0.00015787,0.00034522,7.846e-05,5.326e-05,1.95e-05,6.467e-05,8.559e-05,8.607e-05,0.00011698,0.00011079,1.474e-05,0.00024774,0.00015169,6.277e-05,0.00017594,2.14e-05,0.00014979,8.56e-06,0.00098764,6.087e-05,1.902e-05,0.00014075,0.00020067,4.76e-06,0.00074608,0.0001902,1.902e-05,0.00041893,4.708e-05,4.422e-05,0.00028055,0.00213172,0.00010366,0.00012221,1.474e-05,1.807e-05,0.00198383,1.046e-05,0.00096339,3.947e-05,9.5e-07,7.751e-05,3.899e-05,1.569e-05
ilEilDepe1,0.39121128,0.01050048,0.00845459,0.0013891,0.00267734,0.00201243,0.00284608,0.00511424,0.00077964,0.0021391,0.02057075,0.00406166,0.00757409,0.00253298,0.01433078,0.00021367,0.00212237,0.00023279,0.00089436,0.00058126,0.00042734,0.00048614,0.00018881,0.00053776,0.0003131,4.159e-05,0.00039866,0.00063432,6.644e-05,0.0003327,0.00011424,0.00046941,0.00010946,0.00018117,6.74e-05,6.023e-05,0.00564149,0.00038002,7.314e-05,0.0008174,0.00061616,0.00128107,4.111e-05,0.00039723,2.82e-05,0.0002935,0.00104876,0.00064818,0.00035899,0.00010086,0.00011281,0.00068786,0.00029828,5.497e-05,0.0003805,8.365e-05,0.0001434,2.772e-05,0.00022849,0.00068642,7.792e-05,9.178e-05,0.0001195,0.00023662,0.00060182,0.00024761,0.00010899,0.00020268,3.298e-05,0.00071606,4.111e-05,3.25e-05,2.964e-05,0.00011855,0.00026816,0.00065774,0.00019551,0.00022036,0.00052199,0.00011281,0.00017113,3.967e-05,7.457e-05,0.00061472,0.00061855,0.00062237,0.00043547,4.637e-05,0.00033987,0.00017734,7.075e-05,0.00010182,0.00010612,0.00032027,2.39e-05,0.00024426,0.00011042,2.82e-05,6.166e-05,0.0001587,3.776e-05,4.971e-05,6.74e-05,6.453e-05,0.00011185,5.736e-05,0.00021319,0.00027629,1.099e-05,7.17e-05,5.306e-05,2.629e-05,0.00013241,3.681e-05,0.00010421,5.067e-05,5.74e-06,8.6e-06,0.00010994,0.00015296,7.65e-06
ilEilSoro1,0.53642809,0.00927229,0.00434851,0.00747987,0.00142522,0.00144008,0.00195446,0.00400479,0.00088926,0.00452924,0.05729578,0.00048178,0.00238447,0.00387392,0.00514142,0.00060882,0.00115964,0.00017737,0.00131352,0.00132694,0.00033749,0.00053979,0.00038543,0.00019559,0.00036385,0.00015916,0.01207766,0.00047411,0.00013183,0.00095781,0.00029195,0.00014573,0.0002186,0.00017977,2.828e-05,0.00011074,0.00039885,0.00031448,0.0001395,0.00055944,0.00025312,0.00012176,9.588e-05,0.0004396,6.23e-06,0.00145206,0.00033509,9.06e-05,4.027e-05,9.012e-05,3.835e-05,0.00044104,7.766e-05,0.0001582,0.00027709,3.068e-05,0.00025743,3.547e-05,0.00012368,0.00011266,0.000128,0.00018121,0.00032071,3.883e-05,0.0001232,0.00010163,4.79e-06,0.00044775,0.00018169,0.0003466,8.437e-05,0.00013519,0.000535,8.245e-05,0.00024065,1.246e-05,0.00032934,0.00029243,0.00010211,9.108e-05,5.273e-05,0.00011457,2.445e-05,0.00047411,0.00019367,0.00021333,0.00019607,5.705e-05,9.827e-05,7.67e-05,1.007e-05,3.356e-05,6.663e-05,0.00032215,4.602e-05,0.00022627,8.773e-05,2.013e-05,5.177e-05,0.00014861,2.253e-05,3.595e-05,6.23e-06,1.678e-05,0.00039358,9.684e-05,0.00014861,2.349e-05,5.944e-05,0.00010163,5.129e-05,0.00022531,3.547e-05,0.00011074,1.87e-05,4.219e-05,2.061e-05,0.0,0.00021908,0.00010978,0.0
ilEleCory1,0.08352011,0.03784148,0.01154502,0.00284531,0.00475623,0.00723372,0.00263793,0.00221552,0.04446839,0.10288985,0.00958621,0.00267864,0.00161398,0.0018932,0.00111542,0.00157136,0.0082045,0.00072749,0.0004363,0.0012749,0.00020833,0.00798707,0.00330508,0.01918008,0.00046456,0.00193439,0.00012165,0.00079693,0.00018918,0.04254454,0.00043582,0.00019157,0.00203017,0.00028592,0.00041092,5.987e-05,0.00020738,0.00020498,0.00030316,0.00046935,0.00018391,0.00043295,0.00011398,0.00115374,9.6e-07,0.00166523,0.00296073,0.00012261,8.19e-05,0.00291092,7.184e-05,0.00012596,0.00069013,0.00065948,7.711e-05,0.00020211,0.00013793,7.088e-05,0.000216,0.00015038,0.00041044,7.567e-05,0.00023611,2.586e-05,0.00012644,3.927e-05,4.215e-05,0.00010249,0.00011111,0.00031992,7.184e-05,0.00021887,0.00021408,0.00060728,0.00012787,0.00014655,0.00013602,0.00010393,2.73e-05,0.00043343,0.00025335,2.634e-05,0.00012979,2.107e-05,5.029e-05,6.322e-05,2.87e-06,2.443e-05,9.866e-05,8.285e-05,4.071e-05,2.443e-05,0.00011015,0.00041427,0.00019253,0.00012692,2.107e-05,4.502e-05,9.58e-06,0.00017289,6.801e-05,4.215e-05,8.477e-05,1.149e-05,0.00011494,0.00018343,7.759e-05,1.916e-05,0.00017241,4.646e-05,1.102e-05,8.142e-05,1.58e-05,0.00019923,0.00010728,3.64e-05,3.592e-05,1.724e-05,1.82e-05,0.00017241,2.395e-05
ilEleSimi1,0.4316159,0.00649833,0.01233555,0.00115707,0.01779629,0.00883627,0.00289196,0.00116516,0.03361209,0.00281628,0.00469348,0.00231556,0.00134365,0.0035069,0.00053832,0.00050024,0.00050976,0.0005188,0.00039077,0.00037363,0.00093051,0.03878915,0.00013993,0.00423275,0.00027558,5.902e-05,0.00023989,0.00105854,8.71e-05,0.00055021,0.00011899,0.00712565,0.00022894,0.0004555,0.00027749,0.00014612,2.57e-05,3.522e-05,0.00011233,0.00032984,0.00015564,0.00015231,9.424e-05,0.00014041,5.378e-05,0.00015183,8.091e-05,0.00042837,0.00016183,3.379e-05,0.00018467,5.045e-05,0.00015945,0.00035602,4.569e-05,6.521e-05,5.283e-05,2.713e-05,5.854e-05,9.948e-05,6.473e-05,6.378e-05,0.00047596,4.331e-05,0.00024845,0.00013327,5.759e-05,2.999e-05,1.666e-05,6.426e-05,2.237e-05,5.188e-05,0.00011994,0.00016944,0.00014422,5.24e-06,0.00010519,0.00041885,3.808e-05,0.00036411,4.284e-05,0.00010995,0.00017182,0.00121752,0.00022894,0.00041123,3.427e-05,3.332e-05,4.379e-05,4.998e-05,4.284e-05,3.76e-05,7.33e-05,2.285e-05,2.38e-05,0.00032604,3.33e-06,0.00022132,8.996e-05,0.00012708,0.00022085,1.333e-05,7.901e-05,6.66e-06,0.00027987,0.000109,4.664e-05,5.236e-05,1.999e-05,0.00068301,0.00013279,6.378e-05,6.19e-06,0.00010186,2.808e-05,5.188e-05,1.19e-05,1.666e-05,4.284e-05,0.00010471,1.904e-05
ilEmmMono1,0.19712201,0.01004211,0.04308182,0.0031823,0.01362823,0.00528421,0.00080909,0.00225167,0.00159665,0.00705311,0.12559426,0.0010201,0.00378038,0.00065789,0.0008244,0.00024402,0.00251722,0.00049234,0.00034833,0.00056651,0.0003201,0.00125789,0.00010526,0.01153445,0.00011675,0.00012823,0.0006201,0.00284258,0.00011292,0.00245694,7.177e-05,0.00015263,0.00049761,0.00043014,0.00028469,0.00015024,7.56e-05,6.603e-05,0.00010718,0.00026699,0.00027608,0.00037368,8.804e-05,0.00051483,9.57e-06,0.00011627,5.837e-05,0.00039665,0.00010335,0.00017656,8.421e-05,0.0011933,0.00071675,0.00061388,1.866e-05,0.00017751,4.067e-05,8.995e-05,0.00091148,0.00014976,0.0001866,7.129e-05,0.00107225,0.00040478,0.00012967,0.00059617,8.182e-05,0.00011244,7.464e-05,0.00233828,4.545e-05,7.033e-05,2.536e-05,0.00077895,0.00026746,0.00013349,0.00017081,0.000689,1.388e-05,7.512e-05,6.411e-05,9.043e-05,4.354e-05,0.00406029,0.00018947,0.00129091,8.804e-05,0.00013684,9.426e-05,3.254e-05,0.00011675,2.44e-05,6.7e-06,0.00011962,0.00047943,0.00056938,0.00016555,5.024e-05,6.077e-05,0.00021053,5.694e-05,1.005e-05,3.445e-05,2.01e-05,0.00026842,0.00258134,0.00099952,6.316e-05,4.354e-05,6.794e-05,0.00010239,0.00017368,1.44e-06,0.00018373,6.699e-05,3.206e-05,4.928e-05,1.053e-05,0.00012727,0.00018708,0.0
ilEndFlam1,0.04576638,0.00333285,0.0056975,0.00157081,0.00164451,0.12788536,0.00322832,0.00771965,0.00940607,0.00106407,0.00036464,0.00700578,0.00492534,0.00086705,0.00112765,0.00321291,0.00149566,0.00142004,0.00017389,0.00063343,0.00055732,0.00124566,0.00018738,0.00580588,0.00032129,0.00021628,4.576e-05,0.00169557,6.358e-05,0.00607129,0.00071965,5.732e-05,0.00210019,0.0001869,0.0025448,3.95e-05,7.9e-05,6.744e-05,9.249e-05,0.00079239,0.00019557,9.2e-05,0.00010886,2.938e-05,5.925e-05,3.324e-05,7.177e-05,0.00032996,2.746e-05,0.00332611,0.00020231,2.842e-05,2.938e-05,1.782e-05,4.721e-05,0.00055925,2.216e-05,6.888e-05,0.00393015,2.36e-05,0.0001026,0.00013825,0.00082852,2.408e-05,0.00034634,8.767e-05,0.00039403,0.0001026,1.156e-05,6.166e-05,0.00029191,3.131e-05,0.00069894,0.33490222,2.842e-05,7.23e-06,5.347e-05,1.638e-05,3.661e-05,7.803e-05,6.214e-05,6.455e-05,2.071e-05,0.00055636,2.216e-05,0.00010164,2.842e-05,1.06e-05,0.00050289,0.00190559,6.26e-06,3.709e-05,6.696e-05,0.00011705,0.00578083,0.00014644,9.6e-07,4.624e-05,2.746e-05,0.00035645,5.01e-05,9.441e-05,3.95e-05,6.358e-05,0.00014499,0.00036994,1.686e-05,3.709e-05,0.00021773,2.457e-05,5.154e-05,4.239e-05,9.345e-05,2.794e-05,2.071e-05,0.00037091,0.0,3.035e-05,1.686e-05,1.204e-05,3.85e-06
ilEnnFusc2,0.14713632,0.01851975,0.00407996,0.05373748,0.00297784,0.00386753,0.00459249,0.00674807,0.00084249,0.08260886,0.00136416,0.00169509,0.00718642,0.00163825,0.0004711,0.00052601,0.0117736,0.00025723,0.00050145,0.00130106,0.00046291,0.00051397,0.0003815,0.00017389,0.00101493,0.00046146,0.00013247,0.00056407,1.975e-05,0.00414692,8.237e-05,0.00335838,0.00025819,0.00067775,6.166e-05,9.538e-05,2.505e-05,0.00011127,0.00016137,0.00015077,0.00023314,0.00014355,0.00014066,0.00085501,5.3e-06,0.00070568,0.00027168,0.00127697,0.000158,0.00040366,7.852e-05,0.00045568,0.00072158,5.154e-05,3.324e-05,2.168e-05,4.046e-05,7.37e-05,0.0001999,3.516e-05,4.817e-05,7.129e-05,0.00068497,4.721e-05,1.445e-05,0.00024085,2.794e-05,0.00011368,0.00011657,0.00016763,7.659e-05,0.00013247,0.00013776,0.00031455,8.478e-05,2.216e-05,0.00015703,0.00014258,4.046e-05,0.00985501,0.00031166,3.179e-05,0.00016233,0.00061513,0.00013006,3.083e-05,4.961e-05,0.00017052,0.00013776,3.95e-05,0.00031792,0.00013873,0.00019075,0.00041811,0.0001527,9.971e-05,0.00029721,6.118e-05,9.73e-05,3.131e-05,4.528e-05,7.707e-05,6.647e-05,0.00017197,0.0003396,8.911e-05,0.00030684,6.26e-06,0.00010886,2.794e-05,2.553e-05,7.081e-05,1.59e-05,2.987e-05,2.023e-05,0.00117341,4.8e-07,2.601e-05,9.6e-07,0.00032274,1.93e-06
ilEnnQuei1,0.45942535,0.03237014,0.00486318,0.00831829,0.00294047,0.00555497,0.00354105,0.00307681,0.00159674,0.00279261,0.03359386,0.00081469,0.00211282,0.00054921,0.00126836,0.00414834,0.00056985,0.00014162,0.00420499,0.00016659,0.00062362,0.00075948,0.00031829,0.00096399,0.00015122,0.00033509,0.01342055,0.00061018,0.00043687,0.00373644,0.00019395,0.00036198,0.00022084,0.00011906,0.00011474,0.00023572,0.00050744,9.746e-05,0.00028805,0.00207249,0.00068411,8.689e-05,0.00029525,0.00111906,2.16e-05,0.00017283,0.00041575,0.00018963,6.241e-05,2.688e-05,7.68e-06,0.00018387,0.00107489,0.00018483,2.64e-05,7.009e-05,0.00059097,6.097e-05,7.633e-05,2.976e-05,0.00015939,6.097e-05,6.241e-05,9.554e-05,7.057e-05,9.506e-05,0.00010946,0.00018675,9.794e-05,6.961e-05,9.6e-06,0.00018963,6.24e-06,6.481e-05,5.281e-05,0.00014594,0.00014354,0.00010562,3.841e-05,0.00144071,0.00041191,0.00033509,4.417e-05,0.00036246,0.000253,0.00013538,8.353e-05,0.00018291,0.00023188,5.521e-05,0.0001061,0.00013298,5.617e-05,5.185e-05,3.889e-05,5.377e-05,0.00015266,0.00020355,0.00016851,8.449e-05,2.88e-05,9.602e-05,1.2e-05,2.304e-05,0.00028325,0.00019779,0.00042871,7.201e-05,4.8e-06,0.0001157,2.64e-05,0.00027508,4.081e-05,4.897e-05,6.001e-05,6.625e-05,3.793e-05,0.0,0.00020883,0.00027172,1.2e-05
ilEpiBilu1,0.3316681,0.00885441,0.00394397,0.00188218,0.00270259,0.00339368,0.00400431,0.00166044,0.00230412,0.00095929,0.00147318,0.0004909,0.0067409,0.00066427,0.00067912,0.00059579,0.00070785,0.00014751,0.00059387,0.00033477,0.00141427,0.00087835,0.0001796,0.00019971,0.00024713,0.00033094,0.00029693,0.00168966,0.0001887,0.00145977,0.00011351,0.00033477,0.00188554,0.00022941,2.874e-05,6.13e-05,5.172e-05,0.00015517,0.00023707,0.00037739,5.843e-05,8.669e-05,7.711e-05,0.00041715,4.79e-06,0.00038889,0.00650862,6.944e-05,3.4e-05,0.00013745,1.245e-05,0.00014464,0.00015805,0.00030508,0.00025383,0.00023755,4.358e-05,2.347e-05,0.00023659,0.00014176,0.00014464,0.00020163,9.195e-05,6.034e-05,7.04e-05,0.00061542,0.00095402,9.387e-05,0.00038027,6.897e-05,7.04e-05,1.485e-05,4.981e-05,0.00010057,2.586e-05,8.908e-05,0.000159,1.916e-05,6.322e-05,0.00039224,0.00033669,8.669e-05,3.257e-05,0.00029262,6.513e-05,0.00010105,8.429e-05,7.759e-05,3.927e-05,2.634e-05,5.795e-05,0.00048372,4.071e-05,5.316e-05,2.299e-05,0.00035776,3.831e-05,7.66e-06,5.412e-05,9.818e-05,4.55e-05,8.046e-05,0.00011686,6.418e-05,0.00022462,8.142e-05,0.00028592,3.305e-05,0.00073515,2.874e-05,0.0001681,0.00016331,8.716e-05,0.0005,1.533e-05,0.00041331,1.533e-05,6.23e-06,0.00010536,0.00014943,1.92e-06
ilEpiDema1,0.24652733,0.01379291,0.00262704,0.06928619,0.00149329,0.00222148,0.00260259,0.00438878,0.00092617,0.00752157,0.00457095,0.00024305,0.00200479,0.02029962,0.02374593,0.00065628,0.00139118,0.00011505,0.00369175,0.03660019,0.00056663,0.00052924,0.00012416,0.00014909,0.00124928,0.00322435,0.0002838,0.00040173,3.643e-05,0.00175312,0.00022291,0.00042713,0.00023298,0.00035475,4.938e-05,3.883e-05,2.733e-05,0.000128,0.00040796,0.00031879,0.00202924,0.00023202,5.081e-05,0.00103547,1.246e-05,0.00011649,9.156e-05,0.00010451,9.396e-05,0.00027517,2.157e-05,0.00195829,0.00058869,0.00015724,0.00039981,0.00013375,0.00074353,5.129e-05,0.00015101,8.437e-05,0.0001069,0.00020709,0.00054746,9.348e-05,6.472e-05,0.00022339,0.00043193,0.00090844,5.081e-05,7.143e-05,0.00244391,3.26e-05,0.00018984,0.00046596,3.308e-05,0.00011122,5.129e-05,6.472e-05,0.00066251,0.00027181,0.00108581,2.876e-05,6.424e-05,0.00197843,4.027e-05,0.00034803,3.643e-05,4.219e-05,0.00011505,1.965e-05,8.006e-05,0.00156663,5.321e-05,0.00055896,1.726e-05,0.00430489,0.00031352,2.733e-05,0.00023154,0.00014142,3.212e-05,0.00125599,2.445e-05,3.547e-05,9.396e-05,0.00013902,9.348e-05,0.001965,0.00055321,4.458e-05,5.417e-05,0.00017162,8.437e-05,1.055e-05,1.774e-05,0.00014909,4.8e-07,1.92e-06,5.273e-05,0.00024688,6.71e-06
ilEpiNise2,0.30811516,0.02597361,0.0121881,0.0035096,0.00093618,0.01139491,0.01861036,0.00886372,0.00459693,0.01158541,0.0038858,0.00046593,0.00247601,0.00340499,0.07123081,0.00516843,0.00201248,8.925e-05,0.00063052,0.00032869,0.00044434,0.00147985,0.00017226,0.00077639,0.00049952,0.00033685,0.00112716,0.00058109,0.00013676,0.00046881,0.00047505,0.00043042,0.0006761,0.00026583,0.00066555,4.75e-05,0.00078695,7.102e-05,0.00010173,0.00027687,0.00071785,6.43e-05,0.0001761,0.00045441,4.894e-05,0.00012524,6.382e-05,5.422e-05,3.743e-05,0.00032294,3.839e-05,0.00010893,0.0003071,8.061e-05,8.205e-05,0.00010077,0.00117658,3.119e-05,9.453e-05,6.814e-05,0.00015547,0.00093618,0.00030614,0.00030422,5.854e-05,0.00026008,5.76e-06,0.00057678,6.19e-05,6.574e-05,0.00033685,0.00040163,0.00037764,0.00024184,7.582e-05,5.134e-05,0.0003071,3.263e-05,1.727e-05,0.00015115,0.00054559,0.00025912,0.00011612,6.862e-05,9.981e-05,0.00016075,5.134e-05,8.16e-06,0.00022697,2.063e-05,0.00018378,2.687e-05,0.00151583,8.493e-05,4.271e-05,0.0001977,1.536e-05,0.00010317,9.837e-05,0.00027351,8.301e-05,0.00426727,0.00034357,9.309e-05,6.478e-05,0.0005571,0.00012476,0.00017226,2.207e-05,0.00019242,0.00010221,0.00010317,6.19e-05,5.662e-05,0.00014827,6.142e-05,1.44e-06,5.28e-06,5.038e-05,0.00033733,4.8e-06
ilEpiRame1,0.5558796,0.00844768,0.00539895,0.00124415,0.00359723,0.00166794,0.00156044,0.00188103,0.00244099,0.00104013,0.00708791,0.00118634,0.00280554,0.00243,0.00398041,0.00101242,0.00697372,0.00037172,0.00051839,0.00041185,0.00032441,0.00344482,0.00025131,0.00097372,0.00030626,0.00014381,0.00130005,0.00075729,0.00156187,0.00048877,5.112e-05,0.00041615,0.00016627,0.00028428,4.634e-05,0.0002924,0.00016627,4.443e-05,0.00040373,0.00045533,0.00034496,0.00017726,0.00054324,0.00090301,8.218e-05,0.00017582,0.00013521,0.00025657,9.842e-05,0.00054802,5.733e-05,0.00408887,6.976e-05,0.00043956,0.00017726,3.058e-05,3.488e-05,6.355e-05,0.0003311,0.00038462,3.488e-05,0.00022981,3.488e-05,0.00015337,0.00033349,0.00034353,5.399e-05,7.645e-05,5.59e-05,0.00021118,0.00023698,1.768e-05,0.00011658,4.873e-05,0.00072575,0.00011371,0.00226756,0.00033923,0.00036407,0.00029957,4.587e-05,0.00041663,6.546e-05,0.00033158,0.00011706,6.45e-05,3.631e-05,7.453e-05,0.0001849,0.00026039,0.00013712,2.102e-05,0.00010033,0.00024462,3.918e-05,0.00084233,1.147e-05,0.00024128,3.87e-05,0.00015337,0.00034448,9.03e-05,8.12e-06,0.00025514,0.0001247,7.692e-05,0.00023555,0.00015146,2.102e-05,3.87e-05,0.00016627,0.00028571,2.293e-05,5.686e-05,4.587e-05,5.877e-05,3.44e-05,1.242e-05,1.911e-05,0.000129,4.921e-05
ilEraDefo1,0.09779424,0.01868633,0.01343309,0.00216067,0.02640624,0.04923597,0.00089544,0.00213285,0.00927002,0.06847674,0.00048201,0.00120624,0.0061554,0.00079472,0.00146954,0.00055588,0.00084269,0.00022206,0.00045755,0.00013141,0.00024748,0.00070983,0.00012086,0.00136403,0.00813429,0.00011175,6.475e-05,0.00066427,2.446e-05,0.00043118,0.00042062,0.00034772,0.00028585,0.00010887,0.00482398,0.00021679,4.988e-05,0.00012998,7.482e-05,0.00013717,0.00016355,4.892e-05,4.269e-05,7.146e-05,1.295e-05,0.00013525,8.249e-05,0.00017074,0.00081343,0.00011559,0.00016835,0.00011894,0.00054676,0.0001693,3.837e-05,5.084e-05,5.899e-05,9.209e-05,8.058e-05,0.00010887,0.00029113,0.00010552,0.00018897,0.00028058,2.878e-05,0.00023501,5.084e-05,0.00015252,2.494e-05,0.00021343,4.412e-05,8.729e-05,0.00149736,4.796e-05,5.516e-05,0.00010839,3.07e-05,2.014e-05,3.597e-05,0.00041535,0.00047482,0.00013813,0.00010456,5.851e-05,0.00014868,9.688e-05,3.933e-05,0.00015252,0.00013381,0.00010216,3.981e-05,5.899e-05,1.295e-05,0.00013333,9.736e-05,0.00034484,1.679e-05,0.00016403,0.00023118,5.036e-05,6.859e-05,0.00010168,4.892e-05,1.44e-06,0.00039712,1.487e-05,0.00026763,8.15e-06,0.00070072,0.00041103,8.441e-05,4.94e-05,1.966e-05,0.00832278,7.722e-05,0.00096643,1.103e-05,7.482e-05,5.803e-05,0.00078369,1.103e-05
ilEreAeth2,0.47028599,0.00537035,0.02425453,0.00570972,0.09900048,0.00170639,0.00104147,0.01224643,0.00198618,0.00156101,0.00317016,0.000847,0.00188084,0.00058341,0.04512583,0.001051,0.00062297,0.00017016,0.00094757,0.00152288,0.0002612,0.00029838,0.00062059,0.00067731,0.00042135,0.00025643,0.00027455,0.00390229,0.00112488,0.00064299,0.0003837,0.00082221,0.00014919,0.00024881,8.675e-05,0.00033174,0.00014013,0.00022307,0.00130982,0.00042803,0.00017112,0.00012822,0.00020591,0.00010057,0.00014919,9.056e-05,0.00166301,0.0036897,0.00012822,0.00023594,6.053e-05,0.00231935,0.00037941,0.0001368,7.96e-05,4.814e-05,0.00022831,3.289e-05,0.00030553,0.00472355,0.00012154,0.00031411,0.00090896,0.00025405,0.00027598,0.0001306,4.957e-05,0.00027073,2.526e-05,0.00090372,1.716e-05,6.196e-05,0.0003346,0.00027931,0.00020782,9.295e-05,0.000102,0.0006387,0.00289466,8.532e-05,0.00092278,0.00015825,0.00010867,7.579e-05,0.00045949,0.00022736,0.00017874,0.00019828,0.00019256,4.576e-05,3.575e-05,1.954e-05,4.814e-05,0.00087989,1.811e-05,0.00099285,7.007e-05,4.576e-05,0.00021115,0.0003551,2.86e-05,1.668e-05,5.767e-05,0.00017874,2.05e-05,0.00080362,0.00021497,2.86e-05,0.00023546,0.00046187,0.00159581,0.00051573,6.816e-05,8.055e-05,1.335e-05,0.00010582,2.05e-05,9.5e-07,4.194e-05,0.0002755,2.38e-06
ilEreLige1,0.19296978,0.02993189,0.00444029,0.00368537,0.00147914,0.00871271,0.01008921,0.00640048,0.00231319,0.00899664,0.00325132,0.00170552,0.00357122,0.00235108,0.00117266,0.00435875,0.00088201,0.00011175,0.00335204,0.00526379,0.00094772,0.00059089,0.00070072,0.00039568,0.00278753,0.00017554,0.00047914,0.0028307,6.283e-05,0.00418753,9.257e-05,8.01e-05,0.05517554,0.00039185,0.00014868,0.00010216,0.00093237,0.00345468,0.00036067,0.00045564,0.00186187,0.00016882,0.00046331,0.0001295,1.918e-05,0.00019904,7.146e-05,9.353e-05,0.00021343,0.00080192,0.00024029,8.633e-05,0.00248969,0.00031127,4.412e-05,0.00056307,0.00131511,8.201e-05,0.00027194,4.077e-05,0.0001012,0.00022206,0.00291079,0.00013429,0.00028537,0.00024317,7.386e-05,0.0014753,2.782e-05,0.00011223,0.0001482,0.00021966,4.508e-05,5.468e-05,0.00057458,2.734e-05,0.00136163,0.00011942,4.269e-05,8.537e-05,5.228e-05,0.00031079,1.535e-05,3.597e-05,8.106e-05,8.585e-05,0.00056307,5.659e-05,1.871e-05,5.516e-05,0.00082014,0.00017266,0.00036163,2.494e-05,1.918e-05,7.866e-05,5.516e-05,0.00014628,6.667e-05,0.00039185,0.0003717,1.007e-05,1.631e-05,1.247e-05,3.501e-05,0.00025995,0.00013525,3.405e-05,7.338e-05,0.00011799,0.0001036,5.468e-05,7.338e-05,3.309e-05,0.00011367,0.00021487,1.631e-05,4.029e-05,3.837e-05,0.00014388,2.4e-06
ilEryTage1,0.00599667,0.0011704,0.13914945,0.00199667,0.006198,0.00410614,0.001802,0.00396335,0.00225654,0.00643836,0.00023655,0.00087673,0.000891,0.0013089,0.00028463,0.00033936,0.00129272,0.00037887,0.0002832,9.376e-05,0.0005326,0.00021133,0.00010852,0.00078915,0.00014041,4.474e-05,4.95e-05,0.00017706,1.285e-05,0.00013089,0.00013517,3.522e-05,5.902e-05,0.00011376,7.235e-05,4.28e-06,8.567e-05,2.761e-05,7.663e-05,5.664e-05,4.807e-05,3.475e-05,8.615e-05,6.19e-06,8.09e-06,2.57e-05,5.997e-05,1.095e-05,3.237e-05,1.904e-05,5.664e-05,4.95e-05,1.19e-05,0.00010138,6.14e-05,0.00016278,5.045e-05,1.095e-05,1.713e-05,5.759e-05,1.571e-05,3.33e-06,4.28e-06,1.571e-05,5.045e-05,5.283e-05,4.331e-05,7.663e-05,0.6183108,2.427e-05,1.475e-05,8.57e-06,7.14e-06,2.475e-05,9.5e-07,9.329e-05,1e-05,1.38e-05,2.332e-05,1.618e-05,8.09e-06,5.854e-05,3.522e-05,1.095e-05,1.285e-05,2.047e-05,3.141e-05,4.28e-06,1.047e-05,4.998e-05,9.5e-07,9.5e-07,8.091e-05,8.57e-06,0.00010233,2.999e-05,1.951e-05,5.854e-05,2.86e-06,1.856e-05,2.189e-05,1.142e-05,4.76e-06,5.24e-06,2.523e-05,4.569e-05,1.9e-06,4.28e-06,1.43e-06,2.665e-05,1.095e-05,1.285e-05,2.86e-06,7.14e-06,6.19e-06,2.86e-06,8.57e-06,8.09e-06,3.141e-05,5.24e-06,2.86e-06
ilEspSulp1,0.06537101,0.0037072,0.01567954,0.0044659,0.00172198,0.00445303,0.00723367,0.02096519,0.00182117,0.00094134,0.0048908,0.00133953,0.00805007,0.00104149,0.00340629,0.00099189,0.00040534,0.00013448,0.00092752,0.00025227,0.00302337,0.00032141,0.00025703,0.0003753,0.00016261,0.00039723,0.0020248,0.0018269,0.00039247,0.00078588,0.00011922,0.00020267,0.00050167,9.633e-05,5.293e-05,0.00047783,0.00190033,0.00044635,0.0006104,0.00556175,0.00041726,0.00618312,0.00048641,0.00163233,2.909e-05,0.00024273,0.0002041,4.101e-05,0.00027992,2.527e-05,0.00010253,0.01072246,0.00055985,0.00036242,6.295e-05,0.0010329,0.00023891,3.481e-05,0.00055365,6.39e-05,0.00063472,0.00014831,0.00030615,7.392e-05,0.0002227,0.07225656,0.00031712,8.679e-05,4.626e-05,9.013e-05,0.0001712,0.00021793,4.387e-05,0.00044635,5.15e-05,2.051e-05,0.00060563,0.00029518,0.00011254,4.912e-05,3.004e-05,3.767e-05,4.53e-05,0.00039151,0.00020219,0.00526943,0.00130329,0.00094134,0.00031378,0.00041106,6.676e-05,5.436e-05,0.00028994,7.392e-05,7.344e-05,0.00015451,0.00018741,9.06e-06,0.00022079,0.00052885,0.00021221,2.67e-05,2.337e-05,0.00029804,0.00024464,3.767e-05,0.00011636,0.00403577,3.147e-05,4.578e-05,4.77e-06,0.00452647,0.00017549,6.104e-05,0.00068526,0.0001774,0.00073724,4.101e-05,5.15e-05,1.192e-05,1.574e-05
ilEucMixx1,0.55613237,0.0110259,0.02239185,0.00323501,0.00271847,0.00499952,0.00406906,0.00235012,0.0019789,0.00911367,0.00047194,0.00062638,0.0013693,0.00207914,0.00084125,0.00085276,0.00039185,0.00032134,0.00068058,0.00052614,0.00086187,0.00053621,0.00023549,0.00028153,0.00082926,0.0001199,0.00011367,0.00091799,0.00012134,0.00018177,0.00018705,5.851e-05,0.00025659,0.00033717,0.00011223,3.549e-05,9.113e-05,6.619e-05,0.00012566,9.305e-05,0.00013429,6.043e-05,0.00014772,9.832e-05,4.988e-05,0.00012902,0.00010072,9.113e-05,0.00033909,0.00013094,8.729e-05,0.00011894,7.818e-05,0.00017554,0.00014388,0.00012998,0.0001036,2.83e-05,7.29e-05,1.343e-05,2.014e-05,7.29e-05,0.00017074,2.446e-05,7.29e-05,6.763e-05,3.693e-05,8.489e-05,1.199e-05,0.00049209,5.084e-05,3.022e-05,0.00027434,0.00010552,0.00036403,0.0005482,2.542e-05,2.782e-05,3.693e-05,5.755e-05,0.00017266,0.00012374,5.468e-05,9.88e-05,7.146e-05,0.00038465,2.062e-05,4.604e-05,0.00011894,4.556e-05,1.103e-05,0.00012902,2.11e-05,4.125e-05,3.261e-05,0.00011031,2.158e-05,7.002e-05,9.496e-05,3.597e-05,6.619e-05,7.866e-05,2.974e-05,5.899e-05,0.00012374,0.00011942,0.00012806,3.309e-05,2.014e-05,6.859e-05,6.715e-05,3.022e-05,9.4e-05,9.59e-06,6.379e-05,4.365e-05,1.679e-05,1.151e-05,6.715e-05,0.00012422,3.07e-05
ilEudProf1,0.5242067,0.02427656,0.00367129,0.00153541,0.0032488,0.00205263,0.00130766,0.00196794,0.01381483,0.00228134,0.02239187,0.00517081,0.00682201,0.00069856,0.00154545,0.00054689,0.00311675,6.746e-05,0.00040048,0.0001756,0.00117751,0.00199043,0.00023541,0.00269856,0.00033876,0.00022584,0.00088852,0.00032584,7.129e-05,0.00035407,0.00011292,0.0008177,0.00026459,0.00016986,0.00027895,1.196e-05,8.278e-05,0.0004756,0.00014737,0.00093445,0.00016172,0.00100431,6.268e-05,0.00024928,8.61e-06,0.0001378,0.00058278,3.11e-05,0.00034258,0.00024498,0.00015407,0.00020622,0.00016172,0.00013636,7.703e-05,7.847e-05,4.928e-05,7.177e-05,0.00030144,0.00015311,8.134e-05,0.00014019,4.785e-05,0.00014258,4.115e-05,0.00033062,0.00020239,0.00020144,3.78e-05,0.00011914,6.411e-05,0.00154163,4.545e-05,0.00028804,0.00082344,0.00014402,0.0001134,6.077e-05,1.818e-05,0.00255359,0.00037129,0.00011531,1.722e-05,5.024e-05,0.00034737,0.00015694,0.00029856,5.263e-05,0.00014641,0.00015407,5.263e-05,8.373e-05,6.22e-06,2.871e-05,1.1e-05,0.00018182,6.794e-05,2.39e-06,0.00067273,8.23e-05,1.292e-05,3.445e-05,2.392e-05,4.545e-05,7.943e-05,0.00035359,2.44e-05,5.837e-05,5.26e-06,6.172e-05,0.0001177,1.005e-05,0.0017177,7.847e-05,6.172e-05,0.00014211,9.378e-05,4.163e-05,6.746e-05,5.646e-05,3.83e-06
ilEugGlar6,0.30743956,0.02242427,0.05742905,0.00637936,0.01021835,0.00161873,0.0085872,0.00481462,0.03543,0.03864883,0.00184233,0.00128954,0.00415767,0.00128715,0.00133731,0.00060248,0.00233827,0.00026374,0.00057812,0.00084042,0.00065026,0.00119924,0.00023794,0.00068514,0.00596942,0.00047444,0.0002881,0.00259532,6.116e-05,0.0005528,0.00016197,0.00021309,0.00014811,0.00170234,0.00035165,0.00029384,4.78e-06,9.365e-05,0.00029527,0.00031725,4.491e-05,0.0005614,0.00029527,0.00012948,8.122e-05,0.0001419,0.00033779,0.00698328,6.88e-05,0.00012805,2.484e-05,7.501e-05,9.221e-05,0.00048973,9.56e-06,5.972e-05,0.00013569,4.348e-05,0.04602054,0.00043813,5.351e-05,2.389e-05,0.00028333,0.00019876,0.00120401,0.00019398,3.631e-05,0.00016054,5.399e-05,0.00011276,3.536e-05,3.153e-05,8.122e-05,0.00062685,3.583e-05,9.365e-05,0.00015958,0.00024271,3.966e-05,0.00012566,5.495e-05,0.00031725,0.00018968,0.00021405,6.163e-05,5.495e-05,1.768e-05,0.00022742,0.00035643,0.00014811,2.867e-05,1.91e-06,0.0001118,0.00025896,0.00033923,0.00017774,3.918e-05,0.00011562,0.00010846,4.491e-05,1.386e-05,0.00014429,7.358e-05,8.027e-05,4.443e-05,4.778e-05,0.00060248,7.883e-05,4.204e-05,3.679e-05,0.00010416,5.256e-05,4.873e-05,0.00111371,9.365e-05,2.914e-05,0.00029431,5.112e-05,1.816e-05,5.447e-05,4.3e-06
ilEulPrun1,0.03164351,0.00480067,0.01248874,0.00144753,0.00335218,0.00108625,0.00220172,0.00310446,0.00250934,0.0011955,0.00057451,0.00249209,0.00252611,0.00042885,0.00160805,0.07756157,0.00970628,0.0003771,0.00055486,0.00032199,0.00092046,0.02704264,0.00038189,0.00088021,0.00022137,0.00032631,8.96e-05,0.00118975,0.00028701,0.0001792,3.067e-05,0.00043795,0.00021897,0.00030283,9.2e-05,0.00026977,4.217e-05,0.00011212,0.00068567,0.00114471,7.619e-05,0.0006162,0.00017345,0.00040537,5.75e-06,9.487e-05,0.00064303,0.00011931,0.00010541,0.00032103,7.906e-05,0.00120556,0.00017633,6.229e-05,6.181e-05,2.156e-05,1.006e-05,0.00021514,0.00025731,0.00038812,6.037e-05,0.00012554,0.00017058,0.0003862,3.354e-05,0.00031097,1.15e-05,0.00029229,8.769e-05,5.319e-05,5.462e-05,5.223e-05,3.642e-05,0.00021514,2.635e-05,8.912e-05,0.00017537,0.00051605,0.00011931,0.00106277,0.00016531,2.348e-05,1.198e-05,1.677e-05,5.798e-05,5.175e-05,4.648e-05,1.15e-05,0.00028558,0.00018975,0.00026593,2.252e-05,0.00016531,0.00022233,1.246e-05,0.00074701,9.58e-06,7.283e-05,0.00030235,0.00189027,5.75e-05,7.619e-05,9.008e-05,3.402e-05,0.00011931,0.00020508,0.00062338,2.348e-05,2.252e-05,3.785e-05,0.00014806,0.00010541,0.00025443,7.427e-05,1.054e-05,3.642e-05,1.581e-05,0.0,5.894e-05,3.115e-05,4.073e-05
ilEulTest2,0.10461973,0.00546025,0.01485776,0.00279885,0.03051772,0.00868534,0.0013046,0.00203927,0.00611446,0.02424425,0.00030699,0.00113889,0.00331609,0.0179545,0.00534914,0.00074761,0.00176676,0.00021791,0.00254119,0.00032471,0.02690709,0.00288602,0.00020642,0.00062883,0.00209195,0.00013985,6.992e-05,0.00208525,1.437e-05,0.00293199,0.00019492,0.00018008,0.00048036,0.00088985,0.00017864,2.921e-05,2.011e-05,0.00029119,0.00076054,6.609e-05,0.00114607,0.00010728,0.00025431,5.508e-05,2.251e-05,5.843e-05,0.00019301,4.598e-05,8.956e-05,9.148e-05,3.544e-05,6.37e-05,0.00014224,0.00014464,2.969e-05,6.082e-05,0.00041044,0.00018534,0.00031178,0.00014511,7.711e-05,0.00010536,0.00017337,0.00065421,0.00033525,0.00020929,0.00011111,0.0007136,5.364e-05,0.00109195,0.00015948,1.868e-05,2.107e-05,0.00012692,3.879e-05,0.00010153,2.395e-05,9.291e-05,5.508e-05,8.621e-05,0.00031705,4.837e-05,3.496e-05,0.00041858,0.00095067,0.0001499,6.226e-05,1.868e-05,4.646e-05,6.801e-05,0.00010297,2.778e-05,3.305e-05,0.00026916,0.00013314,0.00014033,8.669e-05,8.381e-05,0.00039799,0.00123084,0.00046695,9.77e-05,3.927e-05,1.58e-05,0.00010057,0.0003999,9.052e-05,4.215e-05,0.00068918,0.00020881,0.0002567,8.14e-06,0.00010632,0.00017816,0.000159,1.341e-05,3.831e-05,3.113e-05,0.00010153,0.00014416,1.389e-05
ilEupAbbr2,0.20016787,0.01371799,0.0076494,0.00470312,0.01863165,0.00199664,0.00240959,0.01214628,0.00143357,0.00520144,0.00291415,0.00146667,0.00132806,0.00045324,0.001047,0.00077602,0.00061727,9.64e-05,0.00051175,0.00085851,0.00023261,0.00053909,0.00017266,0.00046235,0.00026043,0.00041631,0.00057362,0.0014542,3.453e-05,0.00035635,0.00014245,0.00019233,9.688e-05,0.00048297,0.00016067,0.00018849,0.00011751,9.544e-05,0.00013573,0.00253429,0.00024748,0.0001554,0.00014197,0.0001717,1.391e-05,0.00036978,0.00069065,5.899e-05,0.0011717,0.00043357,0.00033717,7.962e-05,0.00017986,0.00021631,2.686e-05,0.00010791,0.00012758,2.254e-05,0.00014341,0.00028201,5.036e-05,0.00021151,0.00042494,7.578e-05,5.707e-05,0.00069065,6.283e-05,0.00012854,0.00080767,0.00066859,5.995e-05,0.00056307,0.00011415,0.00042494,0.00093237,5.803e-05,0.00023741,5.468e-05,2.59e-05,0.00018082,0.00031223,0.00012278,6.954e-05,0.00013237,0.00055444,0.00010408,3.645e-05,5.18e-05,0.00158177,0.00016019,2.014e-05,2.254e-05,0.00010552,0.00037266,0.00012422,0.00021391,0.00081343,3.357e-05,0.00188777,0.00237794,2.782e-05,2.302e-05,0.00659424,6.427e-05,6.379e-05,4.317e-05,1.775e-05,3.213e-05,2.686e-05,0.0001458,0.00017698,0.00019329,3.261e-05,1.918e-05,3.789e-05,0.0001036,1.247e-05,9.305e-05,5.28e-06,2.062e-05,4.8e-07
ilEupCent1,0.10944983,0.01225108,0.0061301,0.00155545,0.02091743,0.01554969,0.00542631,0.00429237,0.00887614,0.01891887,0.00038934,0.01064618,0.06238022,0.00084686,0.0005084,0.0012314,0.00155449,0.09352184,0.00022276,0.01657513,0.00121267,0.00103169,0.00216275,0.00080989,0.00181325,0.00039942,5.953e-05,0.00050792,0.0003447,0.00019683,0.00051752,0.00076092,0.0033783,0.00021315,0.00368219,6.241e-05,1.872e-05,0.00020067,0.0004748,0.00012386,6.385e-05,0.00033413,0.00022708,8.641e-05,2.304e-05,7.009e-05,0.00021267,9.121e-05,0.01324532,0.0005036,0.00363082,3.841e-05,0.00050312,0.0001205,7.585e-05,0.00141863,6.001e-05,0.00190927,9.842e-05,5.617e-05,0.00017955,0.00663274,0.00017859,9.554e-05,0.00010994,0.00010898,2.112e-05,0.00013106,8.881e-05,0.00019491,0.00037206,2.064e-05,0.00200336,0.0001517,2.4e-05,6.481e-05,0.00010994,5.761e-05,3.937e-05,8.017e-05,7.633e-05,0.00018771,0.00042391,9.554e-05,1.44e-05,4.177e-05,1.968e-05,0.00016227,0.00018723,0.00014114,9.121e-05,4.465e-05,0.00014546,5.473e-05,5.953e-05,9.121e-05,6.145e-05,1.008e-05,0.00016947,0.00012866,4.8e-06,1.056e-05,9.12e-06,0.00032789,6.433e-05,6.577e-05,0.00023812,1.728e-05,0.0001421,0.0001421,2.592e-05,0.00014882,2.832e-05,3.553e-05,9.025e-05,8.017e-05,8.64e-06,5.281e-05,1.296e-05,8.401e-05,4.8e-06
ilEupDodo1,0.04763736,0.00440182,0.03781558,0.00389202,0.03531199,0.0048882,0.0047463,0.00203201,0.00109221,0.00717726,0.00062016,0.00063354,0.00895557,0.00049355,0.00227186,0.00423077,0.00108648,0.00015671,0.0093612,0.00070616,0.0010903,0.00036407,0.00025466,0.00079646,0.00071285,0.00010272,0.00011467,0.00037697,5.829e-05,0.21834161,0.00049785,7.167e-05,0.0001935,0.00013903,0.00230483,0.00048065,1.29e-05,0.00070903,0.00157621,0.00052174,0.00355423,0.00026708,0.00010272,8.696e-05,6.976e-05,3.344e-05,3.918e-05,9.173e-05,6.641e-05,0.00171285,7.071e-05,0.00012709,0.00030626,2.771e-05,6.45e-05,3.583e-05,4.921e-05,8.505e-05,5.303e-05,0.00042427,0.00011419,0.00011371,5.877e-05,4.348e-05,0.00014047,5.638e-05,3.106e-05,0.00021882,0.0001763,0.00020497,0.00053082,4.3e-06,8.505e-05,0.00086718,3.344e-05,5.733e-05,6.498e-05,3.583e-05,0.00053655,7.692e-05,0.00013378,2.102e-05,5.208e-05,0.00012088,5.017e-05,2.628e-05,0.00094075,4.443e-05,0.00012566,9.365e-05,3.297e-05,0.00029384,4.443e-05,4.109e-05,3.966e-05,0.00019398,1.338e-05,8.887e-05,0.00049546,3.392e-05,2.007e-05,0.00013665,0.00010846,5.017e-05,6.641e-05,3.297e-05,8.17e-05,8.6e-05,3.583e-05,0.00129909,3.488e-05,9.508e-05,7.64e-06,1.672e-05,4.587e-05,0.00249498,5.73e-06,1.816e-05,7.262e-05,2.914e-05,1.43e-06
ilEupExig1,0.11799472,0.00811372,0.00583109,0.00168474,0.00186468,0.00302543,0.00332342,0.00121353,0.02047889,0.00087236,0.02136132,0.00161468,0.00455278,0.00039395,0.0626977,0.00091075,0.00988244,0.00024808,0.00029463,0.00011516,0.0029856,0.00106526,0.00016891,0.00059357,0.0010691,7.342e-05,0.00048129,0.00137092,5.326e-05,0.00067083,8.877e-05,0.00085605,0.00036084,0.00025768,3.311e-05,3.119e-05,5.758e-05,0.00018234,0.00697313,0.00011516,0.00070058,0.00020729,0.00024952,0.00036852,3.263e-05,8.589e-05,0.0001953,0.00010077,5.278e-05,0.00045633,0.00010125,0.00025384,0.00023656,5.71e-05,2.831e-05,7.821e-05,0.00012716,0.00022601,0.00029942,0.00018186,0.00309789,0.00197505,0.00018954,0.00235173,9.597e-05,0.00010077,0.00050384,0.00090403,5.326e-05,0.00012956,9.069e-05,0.00058157,0.00013532,0.00048752,0.00012236,0.00509837,0.00034405,9.021e-05,0.00011996,0.00040211,0.00228599,0.00016795,0.00013676,0.0001905,0.00014971,0.0003906,2.447e-05,6.766e-05,0.00010317,2.255e-05,0.00018378,0.00021449,7.917e-05,0.00035509,4.99e-05,0.00013964,4.607e-05,2.207e-05,0.00010077,0.00062236,1.152e-05,0.00010605,0.00029127,8.397e-05,9.789e-05,5.758e-05,0.0003738,0.00016843,0.00092562,0.00038148,0.000119,0.00021161,5.71e-05,0.0039357,6.094e-05,0.00010701,3.023e-05,5.71e-05,6.814e-05,0.00049136,4.8e-07
ilEupInsi1,0.1057281,0.00851221,0.0037865,0.04431881,0.00180038,0.00230828,0.00543083,0.00066683,0.00062709,0.00427525,0.00107563,0.00098229,0.00595117,0.00042748,0.00514983,0.00052513,0.00063619,0.00023839,0.00046769,0.00148971,0.0015888,0.0001484,0.00037913,0.00018191,0.0011685,0.00039349,0.00096841,0.00075634,0.00011776,0.00567305,0.0022068,6.989e-05,0.00020105,0.00016659,0.00015031,0.00018478,3.016e-05,0.00010053,0.00046003,0.00012303,8.808e-05,0.00027286,0.00043992,0.00079751,9.574e-05,0.00030972,9.43e-05,0.00034035,2.346e-05,0.00021398,3.016e-05,0.00011537,0.00333652,0.00011058,3.83e-05,8.569e-05,5.361e-05,0.00011537,0.00010053,0.0004854,0.00186979,0.00029057,0.00468119,0.00015701,8.281e-05,0.00010196,1.436e-05,0.00031738,1.197e-05,1.723e-05,5.505e-05,0.00028483,0.00123696,0.00077501,0.00014265,0.00079033,0.00010962,0.00011393,6.079e-05,0.00018191,0.00571757,1.675e-05,0.00097463,0.00179607,3.542e-05,9.67e-05,1.819e-05,0.00018956,0.00011728,6.223e-05,0.00012542,3.59e-05,4.356e-05,0.00029488,0.0003461,0.0003595,0.00010627,6.941e-05,0.01004308,6.367e-05,3.351e-05,4.308e-05,0.0002585,2.489e-05,0.00446625,2.298e-05,2.537e-05,6.22e-06,0.00145333,0.00132073,0.00014983,1.675e-05,0.00023696,5.505e-05,2.202e-05,9e-05,1.34e-05,0.00076496,3.925e-05,0.0001235,1.34e-05
ilEupLuci1,0.39358429,0.00668678,0.00913745,0.0047591,0.12892768,0.06618199,0.00308046,0.00735153,0.00228161,0.00468582,0.00109579,0.00049473,0.00163889,0.00088841,0.00116954,0.01277395,0.00047605,0.00040805,0.00142625,0.00062596,0.00460967,0.00047126,0.00073755,0.00169349,0.00024473,0.00053161,0.00017912,0.00085536,7.663e-05,0.00097318,0.0001796,0.00018295,0.00026485,0.00015805,0.00062596,0.00025048,0.00057663,0.00018103,0.00012787,0.00024761,0.00017098,0.00011063,0.00011925,7.95e-05,5.364e-05,0.00018966,8.621e-05,0.00023132,5.891e-05,0.00055172,3.544e-05,8.238e-05,0.00020307,6.322e-05,3.352e-05,0.00017912,0.00017098,8.812e-05,0.00024521,7.328e-05,0.00300383,8.525e-05,0.00026868,8.238e-05,0.00423467,0.00062308,5.747e-05,9.483e-05,3.688e-05,0.00011877,5.747e-05,8.238e-05,0.00019971,0.00070785,5.27e-06,5.364e-05,7.854e-05,4.262e-05,1.054e-05,0.00011973,9.148e-05,4.119e-05,0.00014224,0.00048803,0.00011398,8.573e-05,6.705e-05,8.381e-05,7.471e-05,5.077e-05,8.046e-05,7.663e-05,5.556e-05,3.257e-05,0.00013745,7.663e-05,8.621e-05,7.375e-05,7.375e-05,0.0002342,9.531e-05,0.00018822,6.609e-05,5.172e-05,1.437e-05,0.07259722,2.586e-05,8.669e-05,0.00016188,4.071e-05,5.651e-05,3.64e-05,1.293e-05,0.00015326,0.00034148,2.443e-05,3.305e-05,1.964e-05,7.66e-06,3.4e-05,0.00034195
ilEupSimi1,0.07206988,0.01025157,0.00421205,0.01240482,0.00371952,0.0036988,0.00614699,0.00322024,0.0012241,0.00253301,0.00276337,0.00049831,0.00366361,0.00084241,0.00090843,0.00082699,0.00036867,0.00020145,0.00235759,0.00126892,0.00033783,0.00039566,0.00062506,0.00044482,0.00021253,0.00028482,0.00024241,0.00168916,3.084e-05,0.00357012,0.00010313,0.00021928,0.00149687,0.00047325,5.253e-05,3.952e-05,0.00044867,0.00037301,0.00015518,0.0002241,0.00248,0.00016289,0.00047904,0.00029928,2.072e-05,4.434e-05,0.00040289,5.06e-05,6.506e-05,0.00050988,4.627e-05,0.00011181,0.00018361,9.301e-05,0.00152578,3.181e-05,0.00013639,2.169e-05,0.00029639,0.00013012,0.00019711,6.602e-05,0.00108048,0.0001094,0.00033831,0.00015325,6.313e-05,0.00019759,0.00043855,0.00015277,0.00050169,0.00011422,0.00053831,0.01388819,2.795e-05,7.47e-05,6.169e-05,1.253e-05,0.00013976,7.711e-05,3.133e-05,5.157e-05,7.036e-05,0.0012053,1.446e-05,0.00031663,0.00012867,6.506e-05,5.976e-05,7.084e-05,8.19e-06,0.00022795,0.00030265,0.00025783,2.94e-05,0.00036578,5.78e-06,2.747e-05,8.964e-05,0.00514024,0.00011229,0.00089687,0.00065928,5.687e-05,6.651e-05,0.00066072,3.373e-05,0.0002106,7.904e-05,2.41e-05,3.422e-05,9.349e-05,3.084e-05,5.108e-05,0.00073783,0.00041012,3.133e-05,1.157e-05,0.00017783,8.145e-05,1.108e-05
ilEupTran1,0.05099376,0.00566187,0.0091223,0.06409161,0.1001199,0.0180964,0.00218417,0.00154245,0.00448921,0.00270408,0.01380384,0.00081871,0.00232662,0.00025468,0.00238561,0.00136978,0.00076547,0.00027674,0.00165228,0.0004964,0.00050743,0.00056067,0.00032278,0.00069017,0.00023549,0.00012038,0.00145803,0.00237314,0.00044029,0.00381055,0.00020144,0.00019808,0.000106,0.01761343,0.00095492,0.00012374,3.118e-05,0.00039904,0.00075108,0.00021727,0.00234628,5.612e-05,8.106e-05,0.0001295,8.585e-05,0.00021199,0.00023549,0.00012182,3.261e-05,0.00070408,6.427e-05,7.386e-05,5.276e-05,0.00020863,3.885e-05,0.00041487,9.353e-05,4.269e-05,0.00037746,7.626e-05,0.0003693,6.859e-05,0.00018561,0.00048825,8.058e-05,0.00036307,7.77e-05,4.173e-05,5.947e-05,0.00026475,0.0001223,2.014e-05,3.405e-05,6.619e-05,0.00011319,4.365e-05,9.736e-05,5.324e-05,0.00015635,0.00011942,0.0001271,6.139e-05,4.604e-05,0.00011319,0.00027482,9.4e-05,0.00025899,0.00010312,0.000847,4.365e-05,1.295e-05,2.062e-05,3.261e-05,0.00012566,7.67e-06,3.261e-05,3.741e-05,4.748e-05,0.00019712,0.00030456,4.317e-05,4.844e-05,0.00040911,9.11e-06,8.537e-05,0.00509113,5.516e-05,4.32e-06,0.00026859,0.00014245,0.00046091,0.0009789,3.645e-05,5.76e-06,9.6e-07,0.00039281,4.8e-07,9.59e-06,5.372e-05,0.00021007,1.103e-05
ilEupVulg1,0.26817644,0.00432093,0.00392942,0.00096996,0.04789413,0.00148832,0.00227134,0.00230186,0.00271578,0.00157129,0.00465331,0.00974869,0.01891989,0.02098808,0.00470386,0.00171483,0.00222842,0.00018741,0.00040057,0.00151359,0.00058321,0.00064092,0.00076299,0.00701288,0.00011445,0.00026753,0.00100143,0.00226991,0.00015546,0.00107535,0.00025322,0.00014831,0.00019981,0.00013972,8.155e-05,0.00041583,0.00025894,0.00043729,0.00025751,0.00018932,6.104e-05,0.00021125,0.00094325,0.00010825,9.824e-05,0.00011111,0.00085122,0.00021936,0.00018407,0.0019566,0.0011774,0.00015928,0.00024034,0.00044826,0.00027802,0.00053553,0.01906819,0.00017024,0.00043062,3.815e-05,8.584e-05,0.0063381,2.48e-05,0.00057511,4.626e-05,0.00182546,0.00018979,6.533e-05,0.00570863,0.00018312,0.00017454,0.00059132,8.107e-05,0.00193991,2.909e-05,0.00021316,9.013e-05,9.394e-05,0.00014545,7.868e-05,0.00020792,0.00022413,4.912e-05,0.00092704,2.48e-05,7.964e-05,4.483e-05,0.00013782,0.00010205,0.0002413,0.00013591,3.529e-05,7.392e-05,1.335e-05,0.00033,0.00013877,0.00041059,5.532e-05,8.965e-05,2.575e-05,9.06e-06,0.00013066,2.051e-05,1.86e-05,3.91e-05,0.00384931,0.00050501,3.29e-05,3.195e-05,2.432e-05,0.00013829,8.202e-05,0.00023224,5.25e-06,0.00023081,3.863e-05,2.86e-06,0.00011302,0.00014878,0.00066905,3.34e-06
ilEuzPing2,0.06619808,0.03509832,0.00412998,0.00182782,0.00220671,0.00275108,0.00130504,0.00258657,0.00110647,0.01694053,0.00192854,0.00051415,0.02307674,0.00085468,0.00223789,0.00048921,0.00100384,0.00014149,0.00075492,0.00128873,0.00054676,0.00071511,9.448e-05,0.00025516,0.00068393,0.00065899,0.00064221,0.0010048,3.022e-05,0.00092278,0.00371319,0.00088537,0.00016835,0.00054293,0.0002259,0.00052758,1.055e-05,6.715e-05,0.00110839,0.00065755,4.221e-05,0.00022446,3.022e-05,0.00043309,7.482e-05,9.448e-05,0.0001717,5.228e-05,1.535e-05,0.00076403,4.988e-05,7.05e-05,0.00010791,2.446e-05,1.247e-05,1.775e-05,3.309e-05,2.446e-05,0.00033477,0.00043501,5.659e-05,0.00966187,0.0002024,0.00012278,7.146e-05,0.00023022,0.00010408,0.00015444,3.693e-05,0.00012038,8.585e-05,7.914e-05,2.398e-05,0.00028153,0.000306,3.261e-05,0.00010504,1.199e-05,3.885e-05,0.0002024,3.645e-05,0.00013381,0.00018129,0.00028873,0.00014964,0.00012518,3.597e-05,0.0001247,0.00011559,0.00020911,9.017e-05,0.00012422,5.659e-05,4.173e-05,9.64e-05,0.00331655,0.00024412,1.583e-05,5.995e-05,7.866e-05,2.494e-05,1.103e-05,0.00025612,1.92e-06,0.00033285,3.885e-05,0.00021007,0.00020048,0.00021727,0.00011031,6.187e-05,0.0003458,4.8e-06,0.0002259,1.007e-05,0.00028585,4.029e-05,2.878e-05,0.00018609,6.763e-05,0.0
ilFabAdip1,0.10064601,0.01475456,0.02325889,0.0049659,0.00303506,0.04633189,0.03045053,0.00280451,0.00291979,0.00555283,0.00076273,0.0009707,0.00332085,0.00055476,0.00070797,0.00169933,0.00032229,0.00041691,0.00123487,0.00059222,0.007256,0.00076657,0.00351537,0.00070941,0.04296013,0.00014553,0.0001489,0.00085735,0.00054323,0.08590154,0.00174352,0.00072767,0.00024736,0.00080788,0.00912104,8.549e-05,1.201e-05,0.00023967,0.00049135,0.00969789,0.00022334,0.00013881,0.00023439,7.157e-05,2.882e-05,3.602e-05,4.227e-05,0.00020509,1.921e-05,0.00012104,3.314e-05,0.00034966,7.157e-05,6.676e-05,0.00015082,3.362e-05,5.331e-05,3.698e-05,0.00024832,4.947e-05,2.546e-05,2.305e-05,0.00925696,6.148e-05,2.882e-05,6.82e-05,3.84e-06,5.043e-05,5.476e-05,0.00067435,0.00014505,1.009e-05,0.00026129,9.366e-05,4.515e-05,1.009e-05,2.69e-05,5.331e-05,2.017e-05,5.043e-05,5.427e-05,0.00012728,0.00019404,8.65e-06,0.0001609,0.0002171,0.00020077,5.331e-05,4.227e-05,0.00028818,1.441e-05,2.738e-05,0.00010567,3.41e-05,8.65e-06,0.00014265,2.594e-05,2.017e-05,5.86e-05,6.82e-05,4.179e-05,0.00052834,1.057e-05,7.2e-06,0.00039289,1.44e-06,3.746e-05,0.0001561,4.419e-05,0.00013256,6.1e-05,0.00010855,7.589e-05,4.419e-05,0.0001878,0.00023247,3.41e-05,9.13e-06,4.275e-05,1.969e-05,5.76e-06
ilFurFurc1,0.40551127,0.04350935,0.00278465,0.00730072,0.00181823,0.00202494,0.02261727,0.01813669,0.0006753,0.00559952,0.00130935,0.00049496,0.00201439,0.00168441,0.00249784,0.01282302,0.00041295,0.00034628,0.00105036,0.00037362,0.00074388,0.00065947,0.00023261,0.00018705,0.00018321,0.01396643,0.00028058,0.00174341,0.00039808,0.00048153,8.345e-05,0.00023453,0.00032806,0.00046906,0.00051894,0.00015971,0.00030072,5.468e-05,0.00030024,0.0004988,0.00032758,7.77e-05,7.674e-05,0.00043165,5.084e-05,0.00010168,3.357e-05,0.00015683,4.796e-05,4.748e-05,4.748e-05,0.00013429,0.00027242,0.00068681,0.00019664,9.88e-05,2.878e-05,1.823e-05,0.00045899,2.014e-05,0.00079376,6.715e-05,0.00085803,2.446e-05,0.00057506,0.00069496,1.679e-05,3.022e-05,1.439e-05,0.00022638,2.398e-05,0.00031031,0.00013046,0.00115492,1.775e-05,4.652e-05,5.372e-05,6.283e-05,7.05e-05,0.00040767,0.00014293,0.0001223,3.789e-05,0.00011847,4.412e-05,0.00051751,7.146e-05,1.775e-05,0.00070264,4.7e-05,0.00013861,0.0001036,0.00058225,1.918e-05,3.309e-05,6.475e-05,6.667e-05,9.257e-05,0.00065324,0.00090024,0.00013621,7.77e-05,5.755e-05,0.00062638,0.00013813,0.00014436,0.00014101,0.00021295,0.00043022,5.28e-06,3.933e-05,0.00012278,5.612e-05,0.00031319,4.748e-05,0.00040624,2.062e-05,4.32e-06,6.619e-05,0.00049736,2.4e-06
ilGanPyra1,0.02787566,0.00275948,0.00560778,0.00699712,0.07942583,0.00313202,0.00284205,0.0121109,0.00902976,0.0018915,0.00096591,0.00422468,0.02040951,0.00300576,0.00065771,0.00050024,0.0853783,0.00057753,0.00011762,0.00106385,0.01056793,0.00605089,0.00046423,0.00063514,0.00055833,0.003012,0.00017043,0.00495583,0.00036486,0.00015651,0.00011186,0.00028901,0.00020115,0.00034037,6.865e-05,6.769e-05,3.697e-05,0.00013538,9.073e-05,0.00017427,0.0003975,0.00018675,0.00013634,0.00011138,0.00010178,8.833e-05,0.00018867,2.304e-05,9.89e-05,3.265e-05,8.257e-05,3.649e-05,0.00012866,0.00031973,3.361e-05,0.00158569,0.00050984,0.00019587,0.00128469,4.465e-05,0.00017619,1.296e-05,2.592e-05,1.44e-05,0.00020307,0.37374364,0.00046904,0.00011906,3.745e-05,0.00012722,0.00017091,4.465e-05,5.089e-05,0.00012002,2.736e-05,5.713e-05,6.865e-05,3.937e-05,5.137e-05,2.064e-05,1.2e-05,0.00011954,1.488e-05,0.0003591,6.769e-05,4.177e-05,6.049e-05,4.8e-07,8.305e-05,8.113e-05,1.872e-05,3.697e-05,7.153e-05,2.88e-05,0.0001373,3.265e-05,0.00159962,0.00013346,0.00078108,1.728e-05,0.00021699,3.024e-05,3.409e-05,2.448e-05,1.056e-05,2.928e-05,5.617e-05,0.00029333,1.44e-05,4.705e-05,0.00030917,1.632e-05,6.817e-05,2.016e-05,2.256e-05,3.889e-05,3.84e-06,1.248e-05,8.545e-05,5.761e-05,3.36e-06
ilGlaAlex1,0.47321322,0.00535458,0.00360182,0.00364063,0.00177384,0.06484523,0.01621754,0.00160949,0.0008208,0.003908,0.00091615,0.0005702,0.00246095,0.00098802,0.0007815,0.00135697,0.00132056,0.00024389,0.00060997,0.00072832,0.01314327,0.00031529,0.00011979,0.00051078,0.00047532,0.00023095,0.00022568,0.00361188,0.0001586,0.00017825,0.00026641,0.00013177,0.00025922,0.00074653,0.00074557,0.00016579,2.3e-05,0.00020412,0.00167657,0.0002276,0.00015477,0.00015285,0.00012889,0.00040632,3.785e-05,0.00010877,0.00010014,8.002e-05,6.229e-05,0.00011691,2.731e-05,0.00035697,0.0001586,0.00037374,0.00024629,0.00011021,7.283e-05,0.00025491,0.0002022,7.762e-05,9.439e-05,0.00021993,0.00026306,0.00025395,8.146e-05,2.252e-05,5.031e-05,0.00024437,1.102e-05,8.433e-05,0.0002712,0.00033589,7.954e-05,7.954e-05,9.391e-05,0.00010685,0.00014423,0.00144082,4.79e-06,0.00010733,2.635e-05,9.439e-05,2.54e-05,3.594e-05,3.594e-05,7.427e-05,2.06e-05,5.51e-05,0.00067657,8.433e-05,1.054e-05,3.354e-05,6.373e-05,0.0001126,3.258e-05,9.056e-05,1.006e-05,2.012e-05,0.00026018,0.00013656,0.00011835,9.056e-05,0.00010733,6.133e-05,3.833e-05,9.679e-05,0.00016339,0.0002046,5.414e-05,4.696e-05,0.00032726,2.683e-05,1.485e-05,2.156e-05,8.15e-06,4.31e-06,2.683e-05,2.87e-06,4.839e-05,0.00013368,1.965e-05
ilGriApri1,0.26271033,0.00972706,0.00985229,0.00116205,0.00149952,0.00132314,0.00201912,0.00063576,0.00098088,0.00268595,0.07418738,0.00070268,0.00980784,0.00143021,0.01592447,0.00063671,0.00217639,0.00033365,0.00030449,0.00250765,0.00080736,0.00128394,9.799e-05,0.00015105,0.00031214,0.00011424,0.00026052,0.00064818,3.776e-05,0.00041157,9.226e-05,0.00068595,0.00021511,0.00030784,1.912e-05,1.577e-05,6.74e-05,0.00031883,0.00096463,7.218e-05,0.00014197,0.00034847,8.604e-05,6.644e-05,4.015e-05,0.00025,0.00017065,0.00011663,5.067e-05,6.74e-05,3.728e-05,0.00094933,0.00012667,0.00013862,2.199e-05,6.214e-05,8.748e-05,0.00019933,9.799e-05,0.00038719,0.00032887,0.000163,0.00087428,0.00027055,0.0011783,9.56e-05,0.0001783,0.00015488,6.119e-05,0.00019646,3.394e-05,0.00011138,3.824e-05,0.00060373,0.00223853,0.00029398,0.00160899,8.987e-05,7.744e-05,0.00030545,0.00171033,3.585e-05,3.489e-05,0.00025335,0.00025621,2.964e-05,7.457e-05,7.075e-05,0.00027868,0.00023136,0.00045124,2.581e-05,4.541e-05,0.00693356,4.446e-05,0.00042256,7.266e-05,4.063e-05,0.00014532,5.593e-05,0.00017304,3.489e-05,9.608e-05,4.015e-05,0.00033939,1.96e-05,0.00017543,5.497e-05,0.00011902,0.00026482,0.00022371,1.96e-05,0.00045459,0.00014245,1.386e-05,4.78e-06,2.533e-05,4.3e-06,2.294e-05,0.00029589,3.442e-05
ilGymRufi1,0.10929507,0.00249593,0.0492439,0.00188522,0.01488427,0.00766954,0.00192874,0.00592492,0.00583979,0.00169106,0.00353276,0.00673553,0.00084027,0.0051889,0.00075132,0.00433381,0.00148494,0.00014873,0.00037637,0.00060067,0.00047154,0.0017231,0.00024103,0.00070732,0.00030512,7.795e-05,0.00010234,0.00156719,0.00095409,0.00083118,0.00013439,0.00047681,0.00222621,0.00011478,6.887e-05,2.582e-05,0.00113247,9.278e-05,0.00026255,0.00170588,0.00446772,0.00023338,6.6e-05,0.00024677,5.74e-06,9.182e-05,7.795e-05,4.448e-05,0.00366188,0.00011382,0.00030512,6.026e-05,0.00111047,0.00087853,0.00053754,0.00385557,0.00224773,1.865e-05,0.00027116,1.578e-05,3.587e-05,8.8e-05,0.00054663,0.00026925,3.826e-05,0.00060976,3.83e-06,0.00026447,0.00117599,0.00041942,0.00014825,0.00013869,0.00010282,0.00021664,2.248e-05,3.682e-05,0.00022716,0.00014969,8.513e-05,0.00010856,2.343e-05,7.221e-05,0.00068771,0.00012243,2.296e-05,8.847e-05,4.256e-05,5.022e-05,8.656e-05,3.061e-05,6.265e-05,7.174e-05,0.0001473,0.00025395,8.082e-05,8.369e-05,2.104e-05,9.374e-05,2.104e-05,0.00052893,8.417e-05,6.456e-05,0.00015686,6.265e-05,7.604e-05,9.421e-05,9.565e-05,2.152e-05,6.839e-05,0.00012578,0.00011621,0.00026399,0.00020038,6.648e-05,3.348e-05,0.00034672,0.00014347,0.0,3.491e-05,0.0002066,1.674e-05
ilHabPyri1,0.02017495,0.00579971,0.00316922,0.00283413,0.00637859,0.02055784,0.00248327,0.00133652,0.00190631,0.00572228,0.00135229,0.00051625,0.00041874,0.00033795,0.00028967,0.00055115,0.00044025,0.00014388,0.00016013,0.00057122,0.00026195,0.00097228,0.00035421,0.00231405,0.00022514,7.505e-05,0.00151291,0.00080688,0.00055784,0.00332457,0.00040153,0.00015392,0.00075956,0.00040249,0.00151004,0.00018069,5.258e-05,3.537e-05,0.0001305,8.174e-05,0.00042782,0.00016969,0.00014866,0.28745985,2.964e-05,0.00010851,4.876e-05,9.847e-05,0.0002022,0.00058939,5.306e-05,0.0002414,0.00055593,0.00012094,1.769e-05,0.00023423,3.35e-06,1.482e-05,8.365e-05,4.828e-05,2.677e-05,6.501e-05,0.00059943,4.493e-05,2.629e-05,4.159e-05,4.207e-05,3.824e-05,4.732e-05,0.00010325,0.00011663,0.00011663,0.00055449,0.00016587,0.00016061,7.648e-05,8.317e-05,5.354e-05,3.633e-05,0.0019804,2.151e-05,0.00010707,5.497e-05,0.00011616,2.82e-05,0.00014436,1.864e-05,5.26e-06,5.019e-05,3.967e-05,5.258e-05,3.346e-05,4.446e-05,3.967e-05,4.78e-06,0.00014484,0.00021319,4.732e-05,0.00031549,0.00016635,7.314e-05,7.553e-05,1.721e-05,0.00010038,0.00328872,0.0003934,0.00015918,0.00357505,1.482e-05,2.39e-05,0.00030163,0.0002065,3.346e-05,0.00025478,0.0004412,0.00041683,3.82e-06,1.43e-06,8.126e-05,2.055e-05,1.625e-05
ilHecDyso1,0.15937764,0.04501536,0.01368282,0.00177399,0.00086084,0.00301823,0.02878935,0.00223129,0.0009261,0.06246929,0.02714012,0.00046689,0.01171977,0.0008095,0.00108541,0.00205998,0.00043234,8.637e-05,0.00298321,0.00034453,0.00350864,0.00046017,0.00025048,0.00020633,0.00023512,8.061e-05,0.00074328,0.00064971,0.00037332,0.00846977,0.00206382,0.00069722,0.0003023,0.00028455,3.791e-05,0.00015403,0.00019482,0.00052159,0.00023225,0.00117514,0.00317274,0.00020202,0.00029223,0.00047793,1.392e-05,0.00013292,7.582e-05,0.00044434,1.919e-05,6.814e-05,3.503e-05,0.00015163,0.00053743,0.00021881,0.00034165,0.00028359,0.00025576,1.823e-05,0.00028503,8.349e-05,7.965e-05,0.00049904,0.00227687,0.0011382,0.00012332,0.00027159,2.927e-05,0.00028167,0.00017658,7.102e-05,4.271e-05,0.00039683,5.518e-05,0.00020969,0.00023944,5.23e-05,0.00015547,0.00113148,0.00010269,0.00081574,4.031e-05,0.00021353,4.655e-05,0.00148608,0.00016123,0.00015979,1.248e-05,2.495e-05,0.00012428,5.71e-05,0.00017131,9.693e-05,0.00028023,5.806e-05,1.583e-05,3.599e-05,3.695e-05,1.727e-05,0.00013964,0.00010749,5.422e-05,0.00035845,4.559e-05,6.766e-05,8.541e-05,1.775e-05,0.0003239,0.0007596,3.167e-05,0.00022841,0.00010413,3.935e-05,5.038e-05,3.023e-05,0.0002428,2.207e-05,6.958e-05,0.0,0.00095058,1.631e-05,0.0
ilHedSali1,0.04444556,0.0206915,0.01007116,0.02098424,0.0104384,0.00184336,0.00361891,0.00391738,0.01582951,0.01663467,0.01347326,0.00034766,0.00484241,0.00167622,0.00537249,0.00082856,0.00094126,0.00016189,0.00036103,0.00027316,0.00026218,0.01155587,0.00019819,0.00079417,0.00073782,0.04445893,0.00066523,0.0012531,7.211e-05,0.00053152,0.00014374,0.0004298,0.0004852,0.00127698,8.835e-05,4.728e-05,0.00018768,6.447e-05,0.00026218,0.0004489,0.00014613,0.00024355,0.00017813,0.00057927,3.82e-06,9.694e-05,0.00060649,0.00014852,1.91e-05,0.00200669,1.385e-05,0.00033954,0.00026313,0.00016667,0.00013181,0.00030277,0.00017574,5.587e-05,0.00025979,0.00019389,0.00011175,0.00017001,6.877e-05,0.00012321,0.00020487,0.00028415,3.582e-05,9.121e-05,1.48e-05,3.391e-05,6.208e-05,0.00016476,4.537e-05,5.54e-05,0.00137536,1.385e-05,0.00051051,0.00028462,9.79e-05,0.00010554,2.101e-05,2.292e-05,2.101e-05,7.211e-05,8.262e-05,4.871e-05,0.00030372,1.194e-05,0.00011223,3.486e-05,0.00050334,6.065e-05,0.00028558,7.88e-05,1.48e-05,0.00010602,5.922e-05,1.767e-05,0.00015234,4.489e-05,1.003e-05,0.00015855,4.394e-05,2.101e-05,0.00036724,0.00104011,7.402e-05,3.343e-05,7.259e-05,0.00013228,0.00023973,0.00047755,0.0001447,7.689e-05,2.913e-05,0.00010649,2.531e-05,8.453e-05,2.006e-05,1.624e-05,2.579e-05
ilHemAest2,0.56372435,0.00194439,0.00364909,0.00072387,0.17094247,0.00591035,0.00123058,0.00101103,0.01888303,0.00102397,0.00119271,0.00747651,0.00111889,0.00088111,0.004535,0.00041946,0.00310355,8.293e-05,0.00035714,0.00063087,0.0003883,0.00030777,0.00044583,0.00675887,0.00054219,6.088e-05,0.00010594,0.00035618,0.00017881,0.00046548,0.00011314,0.00054362,0.00046165,7.191e-05,0.00028763,0.00016874,1.486e-05,9.971e-05,0.00020805,0.00089789,0.00126798,0.00018121,0.00023394,0.00020086,4.075e-05,0.00012704,9.3e-05,0.00011314,0.00114813,0.00038734,0.00015005,0.00019559,0.00044727,0.00032646,6.28e-05,7.478e-05,4.458e-05,2.061e-05,0.00022531,0.00030681,7.574e-05,0.00058389,0.00181783,0.00019751,3.404e-05,5.561e-05,6.23e-06,0.0001419,0.00017833,0.00010067,0.00011457,0.00024784,0.00035187,0.00018073,5.417e-05,0.00010594,0.00010642,0.00026989,3.643e-05,7.814e-05,5.705e-05,5.321e-05,2.493e-05,5.465e-05,9.3e-05,0.00041515,2.445e-05,4.41e-05,0.00012033,7.43e-05,0.00011026,2.924e-05,1.534e-05,4.938e-05,1.342e-05,0.00023873,4.171e-05,1.726e-05,1.822e-05,0.00024449,0.0001721,7.19e-06,5.705e-05,0.00067258,4.842e-05,0.00020182,7.335e-05,6.71e-06,5.273e-05,2.301e-05,5.992e-05,0.00012848,3.164e-05,2.972e-05,0.00034899,5.992e-05,2.349e-05,1.822e-05,5.657e-05,0.00010451,9.6e-07
ilHemChry1,0.34811404,0.00959607,0.01168567,0.08046334,0.07422904,0.00654432,0.00121418,0.00583325,0.00446478,0.00117537,0.00209008,0.00375132,0.00193483,0.00054336,0.00088021,0.00033541,0.00092238,0.00020364,0.00081409,0.00179828,0.00021179,0.00063728,0.00362817,0.00267561,0.00149497,0.00063153,0.00019741,0.00096838,9.775e-05,0.0003196,0.00031624,0.00025012,0.00011739,0.00119741,2.875e-05,0.00014039,6.469e-05,0.00028654,0.00011069,0.00022952,0.00285865,0.00022664,0.00343507,0.0003287,7.331e-05,0.00045041,0.00068951,0.01649018,0.00525539,0.00235649,0.00012602,0.00070484,0.00048539,0.00022185,2.971e-05,4.935e-05,0.00026306,2.06e-05,0.00047293,0.00029612,5.558e-05,0.00035314,0.00035649,0.00013368,0.00012793,0.00031816,0.00042837,0.00014039,0.00013943,0.00088165,0.00025874,6.708e-05,0.00025779,0.0003196,0.00016435,6.66e-05,0.00020795,0.00993531,4.839e-05,0.00069142,3.115e-05,0.00022041,7.283e-05,0.00020843,0.00152755,0.00026306,0.00016387,2.156e-05,0.00025539,0.0001725,0.00011548,1.917e-05,7.379e-05,0.00209679,1.773e-05,0.0004552,8.577e-05,0.00146382,4.36e-05,0.00139578,0.00041926,6.804e-05,4.839e-05,3.21e-05,0.00022425,0.00018448,0.00027743,6.229e-05,6.948e-05,5.846e-05,7.523e-05,9.775e-05,3.45e-05,4.744e-05,9.631e-05,8.15e-06,3.21e-05,5.75e-06,0.00023431,0.00019166,0.0
ilHerTari1,0.07905927,0.01228011,0.00583987,0.00082075,0.00271224,0.007674,0.00232553,0.00415966,0.00882266,0.01953776,0.00107505,0.00134465,0.00232887,0.00064054,0.00102677,0.00043308,0.00086663,0.00028489,0.0001783,0.00014436,0.0005478,0.00076912,0.00013815,0.00100478,0.00249283,6.644e-05,8.556e-05,0.00153728,8.078e-05,0.00031597,0.00126912,0.00077486,0.00138528,4.971e-05,0.00016109,8.27e-05,2.964e-05,8.365e-05,0.00037763,0.00066061,0.00110182,1.291e-05,0.00011998,0.00022849,2.39e-06,9.751e-05,0.0003413,7.457e-05,0.00042065,2.82e-05,7.696e-05,2.39e-05,0.00011377,0.00033795,3.107e-05,0.00044216,3.011e-05,0.00015105,0.00012285,3.681e-05,4.732e-05,0.00015344,0.00014388,8.126e-05,0.0002543,0.00020411,5.975e-05,0.00030688,3.059e-05,8.461e-05,5.545e-05,3.394e-05,0.00010516,0.00033317,3.155e-05,0.00012715,4.063e-05,0.00010086,4.78e-05,0.00010707,2.964e-05,5.019e-05,1.912e-05,0.00027725,1.912e-05,7.314e-05,2.103e-05,2.438e-05,0.00031166,0.00010086,0.00016491,0.0001109,6.836e-05,8.317e-05,5.354e-05,0.00022419,1.53e-05,5.21e-05,1.195e-05,0.00011329,4.063e-05,0.000174,4.876e-05,1.195e-05,6.119e-05,5.258e-05,0.00012524,0.00037859,8.078e-05,2.581e-05,5.74e-06,8.939e-05,2.438e-05,5.306e-05,3.25e-05,6.31e-05,4.8e-07,1.195e-05,3.35e-06,1.338e-05,8.13e-06
ilHesComm1,0.08601587,0.03921645,0.00379076,0.00498028,0.0017975,0.00436219,0.00714574,0.00294565,0.00078163,0.02141943,0.00082443,0.00048244,0.00532708,0.00085378,0.00163252,0.00492063,0.00096681,0.00023521,0.00068879,0.00034295,0.01040596,0.00024435,0.00040452,0.00025782,0.00275469,0.00040933,0.00011255,0.09770515,0.00033237,0.0010861,9.957e-05,0.00016017,0.00450409,0.00024002,0.0002025,7.696e-05,0.00016546,0.00015007,0.02817508,7.744e-05,0.00015729,5.195e-05,0.00095334,0.00028764,3.03e-05,0.00012602,0.00025445,9.235e-05,4.329e-05,0.00017172,1.876e-05,0.00010678,0.00043675,0.002329,8.754e-05,0.00015296,0.00015536,9.139e-05,0.00219192,0.00011159,0.00025301,3.367e-05,0.00024627,0.00010967,9.957e-05,0.00038336,0.00010486,0.00439923,0.00018711,0.00037518,0.00103319,7.7e-06,0.00063925,0.00026599,1.539e-05,0.00034584,4.858e-05,5.77e-06,4.521e-05,7.888e-05,0.00055748,0.00079365,4.185e-05,0.00046946,6.205e-05,5.724e-05,6.542e-05,3.8e-05,0.00026166,4.04e-05,0.00014959,0.00056758,0.00081578,0.00035402,0.00011304,0.00031169,9.235e-05,0.00033141,0.00010438,0.00035979,6.253e-05,3.656e-05,3.559e-05,3.704e-05,0.00058345,0.00030399,4.377e-05,6.445e-05,0.00158249,4.714e-05,0.00036508,5.002e-05,0.00022896,0.00100866,5.724e-05,0.00056806,8.706e-05,5.339e-05,5.532e-05,0.00013901,9.476e-05
ilHipSeme1,0.03528441,0.03121199,0.04430695,0.00953765,0.0046048,0.00225132,0.00188058,0.00154053,0.0007295,0.03411799,0.00920959,0.0005458,0.10337842,0.00073237,0.00731463,0.00023165,0.00296355,0.00028153,0.00257602,0.00026283,0.00160432,0.00040671,0.00014149,0.00026427,0.00067866,0.00010647,0.00091079,0.00113861,0.00010935,0.00032902,0.00022446,0.00218082,0.00035108,0.00177698,0.00014388,0.00052182,0.00014101,0.00015492,6.619e-05,0.0002518,0.15439089,9.64e-05,5.132e-05,0.01436547,1.055e-05,0.0002259,1.775e-05,0.00016019,4.365e-05,2.878e-05,2.926e-05,0.00017266,9.305e-05,0.00039856,6.715e-05,0.00030216,0.0002283,0.00014916,6.475e-05,4.652e-05,0.00024412,2.062e-05,0.00045516,0.00055396,1.871e-05,0.00012278,3.789e-05,0.0017482,3.022e-05,0.00026139,5.276e-05,5.228e-05,6.859e-05,0.00039616,0.00047962,3.118e-05,0.00020192,7.338e-05,6.619e-05,0.00039616,0.00012038,4.748e-05,0.00024269,4.125e-05,6.715e-05,0.00031031,1.151e-05,6.091e-05,4.94e-05,0.00116355,1.151e-05,8.01e-05,2.88e-06,2.782e-05,4.94e-05,3.597e-05,0.0002729,1.918e-05,0.00022062,0.00068729,2.35e-05,5.803e-05,6.283e-05,0.00010935,3.165e-05,2.878e-05,8.729e-05,0.0001295,8.441e-05,9.11e-06,1.535e-05,0.00015252,5.276e-05,5.803e-05,4.8e-07,3.789e-05,1.44e-06,4.32e-06,0.0002048,1.343e-05,4.32e-06
ilHofPseu3,0.05219837,0.01145076,0.00296702,0.00171033,0.00601673,0.00355306,0.01168308,0.09248757,0.00127151,0.00095172,0.00659799,0.00155736,0.00647132,0.00069551,0.0174914,0.00063958,0.00149857,0.00020985,0.00043738,0.00065057,0.00181931,0.00031262,0.0001869,0.00053633,0.00024952,0.00010516,0.00023088,0.00064388,0.00021654,0.00152151,7.075e-05,0.00028346,0.00134704,9.608e-05,0.00020124,2.82e-05,0.00047992,8.413e-05,0.00031788,0.00017925,0.00079828,0.00032266,0.00027533,0.00032553,5.306e-05,0.00017591,0.00021319,0.00062141,0.00011472,0.00012046,5.784e-05,8.317e-05,0.00054446,7.744e-05,4.3e-06,0.00014101,0.00012428,2.103e-05,0.00061185,0.000326,0.00158652,9.273e-05,0.15515679,0.00241157,0.00013002,0.00035182,3.92e-05,0.00029015,6.071e-05,9.99e-05,5.545e-05,5.832e-05,0.00052581,0.00021128,2.725e-05,3.394e-05,0.00027247,5.449e-05,0.00037141,0.00010277,0.00033078,2.629e-05,0.0007414,0.00011616,0.00018738,8.509e-05,7.6e-05,0.00019312,0.00132887,3.394e-05,5.927e-05,4.828e-05,0.00029685,0.00064436,7.935e-05,0.00016683,0.0004369,9.943e-05,0.0001912,6.071e-05,0.00010612,7.409e-05,7.983e-05,0.00022514,6.023e-05,0.00013337,0.00028585,7.17e-05,0.00148757,5.354e-05,8.078e-05,0.00010421,2.151e-05,0.00011185,1.004e-05,0.00014532,1.482e-05,1.43e-06,2.294e-05,6.836e-05,0.00011424
ilHydFurc1,0.01772697,0.00564012,0.00563484,0.00204702,0.00208637,0.00161948,0.0009952,0.00206094,0.0023762,0.00144146,0.17916603,0.00078935,0.00110317,0.0002524,0.0221833,0.00070873,0.00064012,0.00018954,0.00120489,0.00031814,0.00078503,0.00146017,0.00022361,0.00143234,0.00037812,0.00020681,0.00025576,0.00116795,5.71e-05,0.00074904,0.00024328,0.00027879,0.00034693,0.00070058,0.00020729,0.00142514,0.00061852,0.001012,0.00026583,0.00088532,0.00052687,7.63e-05,6.142e-05,0.00013004,7.63e-05,0.00019002,0.00029031,4.702e-05,3.887e-05,0.00043618,5.518e-05,0.00043522,0.00050384,5.71e-05,2.399e-05,5.47e-05,2.159e-05,3.599e-05,7.534e-05,0.00059693,0.00047313,4.607e-05,0.00023033,0.00049616,3.935e-05,2.879e-05,0.00012476,0.00016267,1.296e-05,0.00028503,0.00021689,1.44e-05,0.03465739,0.00048129,0.00027159,0.00039443,0.00057774,0.00015547,4.511e-05,5.038e-05,4.463e-05,8.061e-05,5.71e-05,0.00029942,0.00013196,0.00014299,3.599e-05,2.351e-05,0.00065451,6.334e-05,2.015e-05,4.031e-05,2.927e-05,0.0001905,5.71e-05,0.00026536,3.983e-05,5.71e-05,3.791e-05,2.111e-05,0.00016027,0.00033829,1.248e-05,1.008e-05,0.00014587,0.00017226,7.965e-05,5.038e-05,0.00336084,5.422e-05,0.00063436,0.00106718,7.774e-05,0.00016795,0.0001857,3.407e-05,3.503e-05,3.84e-06,2.831e-05,0.00071209,0.00042658
ilHydMica1,0.0917644,0.01069482,0.00736516,0.00153503,0.00612908,0.00458541,0.00483973,0.00430758,0.00114299,0.00317562,0.04257534,0.00359117,0.01686756,0.00018714,0.00132438,0.00036948,0.00056382,0.00013292,0.00063292,0.00074088,0.00086324,0.0007572,0.00017802,0.00039587,0.00034309,0.00019578,0.00083973,0.00394818,0.00020969,0.0007452,8.637e-05,0.00016939,0.00116555,0.00035173,0.0003834,0.00109309,6.43e-05,0.0020499,0.00064635,0.00250864,0.00021449,0.00023704,0.00041699,0.00291315,0.0001262,7.678e-05,0.00022169,0.00093906,1.967e-05,0.00022073,0.00013676,0.00031478,0.00033829,0.00016459,0.00020489,0.00026056,3.407e-05,7.774e-05,0.00040211,0.00040643,9.693e-05,6.094e-05,0.00122409,0.00016171,4.223e-05,0.00031574,1.152e-05,7.965e-05,3.983e-05,0.00022169,0.00014299,3.071e-05,0.00014443,0.00038196,0.0001094,5.038e-05,0.0001286,0.00013244,0.00027447,6.478e-05,0.00037236,7.965e-05,3.167e-05,5.182e-05,0.00275816,5.518e-05,1.631e-05,8.16e-06,0.00013004,0.00018954,9.549e-05,6.766e-05,9.357e-05,0.00011324,1.727e-05,8.301e-05,1.296e-05,3.887e-05,0.00010509,0.00012092,0.00019578,0.00062764,8.157e-05,9.12e-06,3.935e-05,2.207e-05,0.00011756,0.0031953,0.00011852,1.823e-05,0.00016267,0.00026823,6.24e-06,0.0001358,0.00032774,9.933e-05,0.00035893,9.6e-07,0.00013868,0.02689107,0.0
ilHylFasc1,0.1955234,0.00691977,0.01035482,0.00423352,0.00413515,0.02189398,0.00167908,0.01003916,0.02835387,0.00184432,0.00249045,0.01452865,0.00168052,0.00031232,0.00123639,0.0034341,0.00040019,0.00045224,0.0029212,0.0022426,0.00141022,0.00038825,0.00308835,0.01143792,0.00565568,0.00073209,0.00281757,0.00065234,0.00019293,0.04559026,0.00038968,0.00112034,0.00145702,0.00022063,0.00022636,0.06712512,5.444e-05,0.00015903,0.00052292,0.00076839,0.00140449,0.00041022,0.00032904,0.00153247,2.961e-05,0.00060076,0.0001681,7.593e-05,0.00039112,0.00313849,0.00072827,0.00075406,0.00335005,0.00039494,5.444e-05,0.00017717,1.815e-05,0.00022779,2.865e-05,0.00044508,0.00022732,0.00010124,0.00878749,0.00017861,4.441e-05,0.00025024,8.787e-05,0.00036533,4.776e-05,0.00015473,0.00057545,0.00039207,0.00021108,0.00015807,0.00014183,2.913e-05,0.00012464,0.00022588,7.02e-05,9.312e-05,1.433e-05,0.00011461,0.00016094,3.582e-05,0.00012178,0.00021108,0.00016953,1.051e-05,0.00023926,8.835e-05,0.00034145,0.00014279,3.868e-05,3.486e-05,8.12e-06,1.624e-05,0.00112034,5.158e-05,7.927e-05,0.00015473,8.453e-05,9.981e-05,2.436e-05,0.00041404,0.00386819,0.00028271,0.00011366,2.627e-05,0.00400669,6.351e-05,1.433e-05,0.00010793,9.551e-05,0.00110936,6.638e-05,9.217e-05,7.307e-05,5.73e-06,0.00014852,0.00042025,2.87e-06
ilHypProb1,0.03283908,0.00505029,0.03404262,0.0125637,0.03386877,0.00920402,0.00314033,0.02443534,0.02802011,0.00167481,0.00044349,0.00214416,0.00102011,0.00028736,0.00130508,0.00158094,0.0007591,0.00012117,0.00076389,0.00015278,0.00023851,0.01744828,9.962e-05,0.00186063,0.00026197,0.00012979,8.238e-05,0.00040613,5.987e-05,0.00057807,0.00012596,0.00010057,0.00025814,0.00461877,0.00064703,0.00016236,7.232e-05,0.00013506,0.00014368,0.00010393,0.00010728,7.663e-05,0.00010393,3.831e-05,3.065e-05,6.274e-05,0.00010441,0.0001092,0.00012596,0.00053113,0.00011542,0.00053544,0.00013458,7.998e-05,7.28e-05,0.00015469,0.00012069,5.27e-06,6.609e-05,6.561e-05,7.04e-05,2.921e-05,3.64e-05,3.831e-05,3.161e-05,0.00011638,0.00016954,5.268e-05,7.471e-05,0.00022701,9.339e-05,2.059e-05,0.00024282,0.00155747,3.448e-05,0.00019828,2.251e-05,3.209e-05,9.6e-07,7.854e-05,0.0001159,0.00031082,0.00030795,0.00507807,3.113e-05,0.0046796,2.49e-05,3.113e-05,4.837e-05,2.203e-05,3.017e-05,0.00023372,1.006e-05,0.00075048,0.0002864,0.00021743,1.245e-05,2.299e-05,4.071e-05,7.088e-05,4.598e-05,4.789e-05,1.293e-05,1.102e-05,4.454e-05,7.759e-05,0.00011398,0.00022079,2.39e-06,0.0001796,2.634e-05,0.0002409,2.251e-05,2.059e-05,0.0020546,0.0005182,3.736e-05,2.059e-05,4.789e-05,2.49e-05,1.197e-05
ilIdaAver1,0.04366842,0.00303435,0.01083302,0.00456679,0.00126002,0.00441508,0.00446851,0.03098092,0.00169179,0.00410258,0.00264742,0.01354437,0.00427672,0.00075906,0.00320277,0.00725382,0.00082586,0.00015029,0.0008626,0.00031679,0.00103435,0.00072424,0.0006937,0.00054437,0.00025334,0.00097948,0.00014552,0.0045124,0.00112405,0.00033206,0.00244561,0.00030487,0.00045277,0.00041603,0.00014408,0.0003521,1.574e-05,0.00025239,0.00031107,0.00090601,0.00024857,0.00069084,0.00086737,0.00091937,8.922e-05,6.202e-05,0.0001708,8.158e-05,8.683e-05,0.00033779,0.00012405,9.017e-05,0.00010019,0.00104055,9.876e-05,0.00018559,6.536e-05,4.008e-05,0.05979008,4.485e-05,7.204e-05,6.87e-05,0.00024141,0.00018798,0.00063502,0.00026813,1.288e-05,0.0001541,8.779e-05,0.00010496,5.868e-05,0.00032061,0.00040315,0.00037643,8.826e-05,0.00013168,0.00020658,0.00014027,2.147e-05,6.775e-05,2.004e-05,2.481e-05,3.865e-05,7.347e-05,6.918e-05,0.00101145,2.91e-05,4.294e-05,9.494e-05,0.00119275,7.634e-05,2.576e-05,0.0054895,7.109e-05,2.433e-05,0.0001188,3.674e-05,2.529e-05,9.971e-05,0.00023092,0.00210544,0.02190076,6.489e-05,0.00014599,9.542e-05,0.00025286,9.351e-05,0.00034017,6.632e-05,5.105e-05,5.773e-05,0.00049141,4.198e-05,4.532e-05,0.00028101,5.391e-05,4.055e-05,3.292e-05,4.29e-06,0.00010162,9.06e-06
ilIncMasc1,0.33411607,0.01520288,0.00720144,0.00736739,0.00291942,0.0012777,0.00189592,0.00223213,0.00248729,0.00104844,0.00408633,0.00276978,0.00296067,0.00231511,0.01866906,0.00462206,0.00374245,0.0002988,0.00226523,0.00052134,0.00020959,0.00183981,0.00111751,0.00529448,0.00029305,0.00702638,0.00050456,0.00059568,0.00011511,0.00082638,0.00017122,0.00047146,0.00070935,0.00048633,5.468e-05,3.213e-05,5.036e-05,4.556e-05,0.00028921,0.00074628,0.00239664,0.00084604,0.00149688,0.00109113,4.46e-05,0.00041151,0.00077938,0.00024556,6.331e-05,0.0017789,0.00012518,0.00177794,0.00021103,0.00023933,0.00012758,1.391e-05,0.00085372,1.679e-05,0.00025995,0.00021535,4.317e-05,0.00023981,0.00103022,0.00011031,9.496e-05,0.0003976,0.00035683,5.516e-05,0.00025612,0.0002705,0.00021535,0.00014341,4.412e-05,0.00101487,5.42e-05,7.482e-05,0.00035635,0.00010552,7.146e-05,0.00039568,0.00013957,0.00017026,0.00041823,0.00040144,4.796e-05,0.00046619,0.00012566,5.564e-05,0.00023837,4.508e-05,0.00023261,0.00059712,0.00012662,0.00035492,0.00031894,0.00165516,0.00016882,0.00024173,0.0002542,0.00120576,0.00046906,0.00045036,0.0002518,0.00167146,0.0002024,0.00048921,6.139e-05,0.00020624,0.00018034,0.00020048,9.11e-06,0.00011319,0.00013669,4.077e-05,0.00010935,0.00011223,3.405e-05,0.00012614,9.544e-05,3.118e-05,2.926e-05
ilLacWlai2,0.45710562,0.00278349,0.03759866,0.00166683,0.01226548,0.02995007,0.00071003,0.00147864,0.00227364,0.00076668,0.00112482,0.0013519,0.01483197,0.00046135,0.00343543,0.00026644,0.00167499,0.00052328,0.00032597,0.00035814,0.00087134,0.00020883,0.000265,0.00057801,0.00343687,7.345e-05,0.00017379,0.00367307,5.041e-05,0.03471387,0.00150168,0.00010226,0.00089102,0.00016083,0.00092511,0.00014498,0.00059193,0.00037638,3.985e-05,0.00026788,7.633e-05,0.0020965,9.073e-05,0.00015458,6.625e-05,6.625e-05,0.00013394,0.00037974,0.00016899,0.00029525,2.544e-05,9.121e-05,0.000494,0.00048872,0.00023908,0.001988,3.505e-05,0.00044887,0.00011426,7.585e-05,0.00019395,0.00017763,0.00028805,0.0003783,0.00012722,9.65e-05,0.00069659,0.01139606,9.169e-05,0.0042458,0.0001493,0.00011186,0.00028901,0.00356793,0.00018291,0.00100864,5.329e-05,0.00010994,7.729e-05,0.00010466,1.344e-05,4.945e-05,8.545e-05,0.00053769,2.592e-05,4.081e-05,5.425e-05,8.737e-05,6.913e-05,0.0005977,0.00010754,2.16e-05,1.008e-05,0.00015602,0.00012722,8.353e-05,2.592e-05,2.016e-05,3.12e-05,7.633e-05,2.832e-05,8.113e-05,5.089e-05,3.601e-05,0.00042343,0.00016995,0.0001325,2.112e-05,2.112e-05,5.569e-05,0.00011474,3.553e-05,0.00014306,7.68e-06,0.00021651,4.321e-05,8.16e-06,3.457e-05,0.00205905,9.12e-06,7.2e-06
ilLamSuff1,0.036069,0.01272592,0.12688979,0.02114135,0.00405127,0.00661667,0.00092621,0.01234403,0.02972209,0.01864686,0.00111116,0.00070005,0.00086871,0.00047437,0.00118352,0.00053713,0.00607858,8.337e-05,0.00039483,0.00025156,0.00029899,0.00674221,5.654e-05,0.00044178,0.0109219,0.01604983,0.00043124,0.00025491,8.433e-05,0.00083134,0.00030331,9.439e-05,0.00018783,0.00015668,0.00019645,0.00010062,5.271e-05,9.439e-05,5.75e-05,0.00021322,0.02043268,0.00017298,0.00030283,0.00023335,7.283e-05,5.894e-05,2.971e-05,5.462e-05,9.535e-05,7.523e-05,7.139e-05,0.00106373,0.00032631,0.00024197,1.725e-05,3.45e-05,7.427e-05,1.773e-05,0.00047101,9.583e-05,0.00178486,2.492e-05,8.002e-05,0.00071778,9.679e-05,0.00014471,0.00010829,0.00012793,3.833e-05,0.00012554,0.00016004,2.875e-05,4.36e-05,6.564e-05,8.769e-05,0.00010206,5.654e-05,2.54e-05,0.00010925,5.462e-05,0.00012985,2.971e-05,1.485e-05,9.919e-05,0.01364734,2.3e-05,4.025e-05,2.587e-05,2.587e-05,6.708e-05,5.175e-05,0.00015573,3.162e-05,4.839e-05,9.58e-06,0.00023287,2.731e-05,5.271e-05,8.241e-05,8.385e-05,0.00015046,5.75e-05,6.037e-05,0.00031816,9.58e-06,3.115e-05,2.252e-05,5.702e-05,4.744e-05,0.00018112,0.00012362,0.00012746,1.485e-05,1.485e-05,1.15e-05,6.133e-05,4.8e-07,9.1e-06,2.108e-05,0.0004207,1.92e-06
ilLaoPopu1,0.41815592,0.05095669,0.00337969,0.006923,0.00444321,0.04029355,0.00333782,0.00466458,0.00468094,0.00186862,0.0042257,0.00119731,0.00326612,0.00198989,0.00358133,0.01016795,0.00153417,0.0002103,0.00234023,0.00156449,0.00048123,0.00322377,0.00071367,0.00072522,0.00115881,0.00076756,0.00027045,0.00168479,0.00056497,0.00086622,0.00010924,0.00076131,0.00168479,0.00021752,6.112e-05,0.00011261,0.00029211,0.00010491,0.00019634,0.09719009,0.00068768,0.00024302,0.00035274,0.00064196,1.877e-05,0.00096295,0.00034793,7.122e-05,5.101e-05,0.00135852,3.802e-05,4.909e-05,0.00259817,0.00038739,0.00011116,0.00020067,0.00025457,1.92e-06,0.00039124,5.005e-05,0.00022907,0.00019538,0.00033349,0.00027719,3.561e-05,0.00016169,0.0001078,0.00042108,2.454e-05,0.0001564,0.00028345,0.00012753,0.00014629,9.528e-05,9.432e-05,3.85e-05,0.00015207,0.00010539,0.00024687,0.00555342,2.743e-05,0.00022474,3.754e-05,9.143e-05,0.0,0.00017661,9.336e-05,5.197e-05,0.00021944,0.00020356,6.208e-05,4.764e-05,6.304e-05,0.00012705,1.925e-05,0.00016891,2.502e-05,9.577e-05,3.994e-05,0.00040375,7.267e-05,4.62e-05,1.059e-05,0.00063667,3.272e-05,1.829e-05,0.05262608,0.00012656,0.00014052,3.85e-06,0.00011357,0.0045462,5.727e-05,0.0003744,1.973e-05,0.00012849,1.732e-05,2.887e-05,9.769e-05,4.427e-05,5.77e-06
ilLasFlex1,0.07707078,0.03186418,0.01232377,0.00770206,0.00190722,0.01505595,0.00605548,0.00238977,0.0374725,0.00179388,0.00138355,0.00138737,0.00220803,0.00128551,0.00083931,0.00342563,0.00062649,0.00015925,0.00122334,0.00012912,0.00385557,0.00359541,0.00039455,0.00063319,0.00190387,0.0004682,0.00146485,0.0035098,9.756e-05,0.00065041,1.769e-05,0.00111621,0.00165184,0.00095361,7.604e-05,6.026e-05,1.1e-05,4.352e-05,0.00072023,0.0003582,0.00021903,0.00209374,0.00078718,0.00067241,2.296e-05,0.00300048,0.00054041,0.00016404,5.835e-05,0.00023769,0.00023099,0.00013821,8.608e-05,0.00057819,0.00017025,3.013e-05,0.00039359,1.052e-05,1.578e-05,0.00010378,0.00018795,2.391e-05,7.843e-05,0.00040746,9.326e-05,0.00011717,0.00010282,3.109e-05,7.508e-05,0.00016451,0.00012434,0.00010234,0.00012052,0.00033046,0.00025921,6.648e-05,0.000934,6.6e-05,3.252e-05,0.00013439,5.978e-05,9.087e-05,1.722e-05,0.00836059,0.00023051,0.0010593,0.00044907,1.291e-05,0.00016786,2.822e-05,5.5e-05,6.934e-05,0.00049928,0.00022286,1.004e-05,0.00038068,3.109e-05,1.674e-05,0.00037877,0.00030081,0.00013965,0.00013391,1.387e-05,0.00012482,4.639e-05,0.00019751,8.034e-05,4.878e-05,4.209e-05,0.00023099,4.4e-05,0.00019082,0.00031659,5.978e-05,0.00012147,0.00025299,0.00026112,3.013e-05,0.00018747,0.00011813,1.722e-05
ilLasMege1,0.01918771,0.030482,0.06305569,0.00370139,0.01235478,0.00177244,0.00104225,0.00181613,0.00313298,0.04757417,0.00091647,0.00230917,0.00081181,0.00142967,0.00134614,0.00081757,0.00095775,0.00021603,0.00072396,0.00036678,0.00012962,0.00108353,0.00059386,0.00054249,0.00070907,0.00048536,0.00018627,0.00031253,6.721e-05,0.00013922,8.545e-05,0.00092511,5.041e-05,0.00139606,3.12e-05,3.457e-05,8.833e-05,0.00068075,8.689e-05,0.00021411,0.0001037,2.304e-05,8.689e-05,0.00031877,1.392e-05,0.0002506,0.00036054,0.00068027,7.249e-05,0.00016371,4.321e-05,6.769e-05,0.00036054,0.0002482,0.00010322,3.889e-05,0.00019827,1.104e-05,0.00066923,0.00118051,7.297e-05,2.88e-05,0.00010562,1.056e-05,3.313e-05,5.857e-05,0.00034133,0.00015651,7.2e-06,8.785e-05,7.393e-05,2.784e-05,9.361e-05,0.00030677,0.00013202,2.976e-05,0.00014834,0.00010658,5.28e-06,0.00027268,4.081e-05,0.00030341,0.00012434,2.688e-05,1.92e-05,6.097e-05,7.873e-05,2.256e-05,0.00030917,1.872e-05,0.0001061,5.089e-05,2.784e-05,0.00170187,4.561e-05,0.0148915,2.016e-05,9.41e-05,0.00036246,6.001e-05,1.536e-05,0.00013106,3.889e-05,1.056e-05,5.041e-05,6.913e-05,3.745e-05,2.352e-05,0.00022708,0.00019491,9.313e-05,5.809e-05,0.00010754,0.00012674,3.217e-05,0.00016515,5.713e-05,4.8e-07,1.728e-05,4.513e-05,2.88e-06
ilLatStri6,0.421413,0.00599522,0.02384273,0.01802677,0.00202199,0.00889197,0.00732983,0.00766587,0.00204207,0.00656931,0.00464771,0.00061138,0.00135994,0.00023996,0.00074044,0.00110946,0.00364532,0.00028346,0.00047562,0.00021893,0.00029207,0.00074283,5.88e-05,0.00049904,0.00018069,0.00203346,0.00155927,0.01201052,6.119e-05,0.00075669,0.00038241,0.00057075,0.00024857,0.00022514,0.00068786,2.39e-05,2.39e-05,6.597e-05,0.00012572,0.00078394,0.00013671,0.00036377,0.00011329,0.0038738,4.828e-05,0.00018547,0.00042734,0.00158939,0.00011472,0.00020985,1.291e-05,0.00030306,0.00023805,0.00030402,4.063e-05,4.589e-05,7.553e-05,0.00013193,0.0004718,6.166e-05,6.501e-05,6.836e-05,0.00012906,8.748e-05,6.549e-05,0.00011424,4.159e-05,0.00038337,1.673e-05,0.00057553,0.01328728,8.652e-05,0.00018786,0.00019455,5.019e-05,0.00010564,0.00019981,0.00321941,1.53e-05,0.00027294,3.681e-05,0.00016013,7.887e-05,1.291e-05,0.00015774,0.00042639,8.13e-06,4.78e-06,0.00019455,7.648e-05,0.00012428,3.011e-05,0.00019933,0.02391109,3.872e-05,0.00075908,1.912e-05,0.00011138,5.258e-05,0.00014962,2.82e-05,0.00010182,2.103e-05,2.725e-05,6.31e-05,0.00039484,9.321e-05,0.00041587,3.35e-06,4.207e-05,1.243e-05,7.65e-06,1.816e-05,7.696e-05,1.577e-05,0.00019312,0.0001434,2.342e-05,0.00026673,2.39e-05,1.386e-05
ilLepSina1,0.06248058,0.01634197,0.01430983,0.00094053,0.0131765,0.01162782,0.01058225,0.06602446,0.00239376,0.00329448,0.00079472,0.00028441,0.00711751,0.0005247,0.00041535,0.00088106,0.00044412,0.00044029,0.00033381,0.00133285,0.00094388,0.02083453,0.00011175,0.00034293,0.00089113,4.317e-05,8.825e-05,0.00430935,0.00014916,0.03233525,0.00014245,0.00032038,0.00155204,0.00010072,0.0001012,0.00028441,0.00024317,0.00011463,0.0001271,0.00059281,0.00098082,0.00011415,4.365e-05,0.00018082,2.35e-05,4.365e-05,0.00014484,6.379e-05,6.523e-05,9.832e-05,2.446e-05,0.00038849,0.00077458,0.00066187,0.0001223,0.00065132,6.763e-05,0.0001247,5.324e-05,0.0001789,5.084e-05,5.276e-05,0.00034149,0.00018609,7.77e-05,8.633e-05,4.844e-05,0.00034245,0.00012086,0.00014628,0.00019712,7.67e-06,3.837e-05,4.412e-05,1.918e-05,0.00067914,0.00019952,1.151e-05,0.00038369,0.00070456,3.933e-05,0.000247,3.309e-05,7.434e-05,6.379e-05,0.00024412,0.00045947,3.837e-05,0.00013141,9.59e-06,4.652e-05,3.693e-05,0.00017458,2.398e-05,8.633e-05,6.811e-05,9.59e-06,8.441e-05,0.00014293,0.00023789,5.324e-05,5.851e-05,0.00014532,5.324e-05,0.00033573,3.981e-05,0.00027818,0.00026859,0.00014484,1.679e-05,0.00024317,0.00023453,0.0001199,5.276e-05,0.000106,0.0002753,4.8e-07,9.6e-07,0.00220959,0.00039856,6.24e-06
ilLeuSali1,0.08118413,0.09102692,0.01997837,0.01711779,0.0016274,0.04273942,0.01220577,0.00268702,0.00275625,0.03150481,0.00688269,0.00145673,0.00895144,0.00621058,0.00171875,0.00043125,0.01394712,0.00045,0.00112067,0.00016827,0.00039856,0.00097788,0.0002274,0.00068462,0.00066923,0.00012404,0.00229808,0.01104279,0.00101827,0.00122067,0.00038269,0.00119471,0.00021683,0.00513173,0.00064038,7.019e-05,8.17e-06,3.846e-05,0.00071779,0.00064135,0.00097356,0.00059279,0.00014327,0.00049423,1.44e-06,8.029e-05,4.76e-05,0.0008774,0.00016779,0.00057885,0.00012596,0.00320817,0.00025192,0.00024327,0.00181731,0.00011538,0.00013894,5.048e-05,0.00101683,0.00011779,0.00016731,0.00014856,0.00011971,3.606e-05,0.00010144,0.00087548,4.519e-05,0.00059615,0.00020817,0.00015192,0.00021779,1.058e-05,0.00010913,0.00010144,0.00022019,0.00137981,9.615e-05,0.00123846,5.577e-05,2.5e-05,4.375e-05,0.00045962,0.00015048,0.00012788,0.00017115,0.00141346,0.00019567,0.0001226,0.00036346,0.0001226,8.75e-05,9.038e-05,0.00067548,0.00072404,2.692e-05,0.00610817,4.135e-05,3.606e-05,7.837e-05,0.00026154,1.827e-05,2.885e-05,0.00031058,0.00012596,1.202e-05,5.144e-05,0.00025913,0.00078365,0.00023462,0.00023221,0.0001024,0.002,8.317e-05,2.981e-05,0.00025577,9.856e-05,1.827e-05,1.923e-05,0.00011442,5.77e-06,2.88e-06
ilLigAdus1,0.0688095,0.01003887,0.0718047,0.00328455,0.00872937,0.00194338,0.08091075,0.00146257,0.00563436,0.00232102,0.00088436,0.00131238,0.00528743,0.0068714,0.00092514,0.00096641,0.00046113,0.00124568,0.00040931,0.00203983,0.00119866,0.00022985,0.00257006,0.00556046,0.00032198,0.00016699,0.02425624,0.00283973,0.0002596,0.0066953,0.00066795,0.0022596,0.000262,0.00015643,0.0002476,0.00039443,2.015e-05,9.021e-05,0.00035701,0.00068186,0.0001406,0.00014491,0.00032869,0.01229223,3.407e-05,0.00178311,0.00062956,2.543e-05,2.111e-05,0.00026056,0.00054942,0.00015019,0.00033733,0.00019674,9.309e-05,3.503e-05,5.614e-05,5.422e-05,0.00013244,7.438e-05,0.00010845,0.00020921,0.00154031,4.463e-05,2.783e-05,6.814e-05,0.00029127,0.00010988,1.967e-05,7.054e-05,6.24e-06,3.935e-05,0.00014107,0.00689347,0.00019818,9.645e-05,0.00043426,2.447e-05,3.647e-05,5.902e-05,7.869e-05,0.00023944,1.296e-05,0.00030086,5.566e-05,0.0002001,4.223e-05,1.104e-05,0.00023896,1.92e-06,8.349e-05,0.00012092,6.718e-05,4.319e-05,3.36e-06,0.00019578,8.781e-05,1.871e-05,0.0008215,7.102e-05,5.902e-05,3.263e-05,8.16e-06,4.415e-05,0.01370202,0.00022697,0.00028215,8.157e-05,3.743e-05,3.935e-05,4.127e-05,0.00029079,3.647e-05,0.00052735,1.679e-05,5.278e-05,3.36e-06,0.0,3.071e-05,2.111e-05,8.397e-05
ilLimCami1,0.03702402,0.00734438,0.00794428,0.00764313,0.00935831,0.00355331,0.03170221,0.00406532,0.00373919,0.00739529,0.00116282,0.00041547,0.00192459,0.00027233,0.00102594,0.05292411,0.00042603,0.00012008,0.0015586,0.0003122,0.00055956,0.00042988,0.00014361,0.00039433,0.00062056,0.00091931,0.000744,0.00154899,9.366e-05,0.00062056,0.000195,0.00014697,0.00132661,0.00750288,0.00015322,3.266e-05,0.00017243,0.00085303,3.314e-05,0.00024111,0.00010615,7.253e-05,0.00011191,0.00013929,2.209e-05,0.00016186,0.00021758,5.764e-05,9.654e-05,0.00011816,3.506e-05,2.786e-05,0.00014553,0.00065082,3.314e-05,0.00054611,0.00033285,7.061e-05,0.00015322,5.572e-05,0.00035207,3.218e-05,0.00037176,0.00020125,2.738e-05,0.00085351,8.934e-05,0.00024111,8.17e-06,0.00017291,0.00013064,2.017e-05,0.00027281,0.001061,0.00013545,0.00010567,2.257e-05,0.00037416,5.908e-05,0.00011479,1.825e-05,3.602e-05,2.978e-05,0.00034006,0.00015082,6.052e-05,4.563e-05,0.00011335,0.00016907,2.161e-05,9.846e-05,1.777e-05,0.00057205,4.131e-05,6.964e-05,2.594e-05,9.558e-05,1.393e-05,6.724e-05,3.939e-05,3.41e-05,7.109e-05,3.506e-05,6.72e-06,0.00014217,0.00022478,0.00015658,9.606e-05,0.00021662,7.157e-05,6.724e-05,0.00032805,6.484e-05,0.00031028,0.00018444,4.563e-05,7.2e-06,9.13e-06,0.00028146,1.201e-05,2.017e-05
ilLitOrni1,0.02443939,0.02601246,0.11274173,0.00449114,0.01395352,0.01093292,0.00117585,0.00691854,0.0026459,0.01343843,0.00123527,0.00122137,0.00125108,0.00085482,0.0016138,0.00164399,0.00032678,5.75e-05,0.0014207,0.00035506,0.00026593,0.00270915,5.606e-05,0.00110541,0.00022041,0.00029516,0.00015285,0.00239387,4.648e-05,0.00108385,9.58e-06,0.0001725,0.00295688,0.00048443,0.00058505,0.00063488,0.00022137,0.00011596,8.96e-05,7.571e-05,0.00284667,1.773e-05,6.085e-05,0.00015956,0.00076713,5.462e-05,6.085e-05,0.00056445,0.0001011,0.00018016,7.139e-05,9.871e-05,0.00051893,0.00031385,0.00015285,5.079e-05,8.433e-05,7.19e-06,0.00044945,0.00024629,0.00049545,1.15e-05,0.00098467,0.00011404,0.00017393,0.00013033,0.00017873,6.373e-05,6.23e-06,0.00066315,5.319e-05,3.306e-05,0.0001586,0.00023287,7.571e-05,2.683e-05,7.858e-05,2.54e-05,2.587e-05,0.0014231,7.044e-05,2.156e-05,3.83e-06,2.923e-05,0.00074796,0.0002022,0.00030618,1.246e-05,6.564e-05,8.912e-05,0.0001126,3.306e-05,2.012e-05,4.504e-05,1.294e-05,5.798e-05,0.00012889,4.169e-05,5.414e-05,0.00080882,3.546e-05,3.498e-05,1.437e-05,1.917e-05,0.00019023,0.00125922,0.00022904,0.00011979,0.00047149,4.983e-05,4.648e-05,5.894e-05,3.498e-05,0.00206612,1.92e-06,0.00012985,4.8e-07,5.75e-06,1.869e-05,3.115e-05,3.498e-05
ilLitSemi2,0.27696753,0.04103247,0.00253391,0.00257068,0.01500096,0.00714422,0.00129035,0.00416905,0.03306829,0.00220583,0.00742693,0.0006872,0.00350573,0.00031471,0.00398997,0.00108883,0.00229704,8.644e-05,0.00032521,0.00013897,0.00023209,0.00289398,0.00011366,0.00534718,0.0018978,0.00050669,0.00027603,0.00102913,0.00036772,0.0024021,0.00038061,0.00082187,0.00013181,0.00017956,0.00031566,5.54e-05,0.00015521,0.0001724,0.00019819,0.00137918,0.00421824,0.00027221,7.02e-05,0.00100287,2.101e-05,0.00024499,0.00055683,0.00029704,0.00011748,0.00022206,1.433e-05,0.00013372,0.00030564,0.00020726,0.00022588,5.205e-05,0.00017049,2.197e-05,0.00065425,4.441e-05,0.00019436,6.399e-05,0.00016285,5.396e-05,5.396e-05,5.492e-05,7.689e-05,0.00011079,4.776e-05,0.00045798,9.694e-05,5.778e-05,0.00028988,0.00082235,0.0001872,0.00014565,2.579e-05,3.868e-05,0.00024785,0.00248185,0.00025406,6.447e-05,0.00010745,0.00027077,0.00029179,3.964e-05,0.00034479,7.16e-06,0.00019723,0.00024021,0.00043028,2.579e-05,6.208e-05,0.00024499,3.82e-05,2.101e-05,0.00046705,4.011e-05,6.017e-05,0.00029035,2.197e-05,2.87e-06,0.00013133,4.78e-06,0.00375119,0.00022588,0.00024594,7.498e-05,9.933e-05,1.528e-05,4.011e-05,5.062e-05,0.00025788,4.632e-05,3.534e-05,0.00029322,4.3e-06,1.003e-05,0.00016332,0.00028749,4.823e-05
ilLitSoci1,0.22924639,0.03110395,0.09417084,0.0038922,0.02374254,0.0027796,0.00166362,0.00147931,0.00278922,0.0090077,0.00525217,0.00046439,0.00419682,0.00233157,0.00189509,0.00054957,0.00070934,0.00022714,0.00343215,0.00026227,0.00184697,0.00107218,0.00016073,0.00060154,0.00043985,8.47e-05,0.00018527,0.00418239,7.7e-05,0.00055149,0.00013138,0.00011838,0.00240472,0.00038643,0.0002257,0.00011646,0.00020115,5.005e-05,0.00135707,0.0002565,0.00151877,7.267e-05,0.00039124,0.00034552,2.599e-05,2.647e-05,9.673e-05,0.00023725,7.026e-05,3.946e-05,3.272e-05,6.93e-05,0.00075842,0.00168335,9.192e-05,7.122e-05,0.00015736,5.679e-05,0.00013474,0.00014052,6.352e-05,3.898e-05,0.00042012,0.00023917,0.000205,8.903e-05,2.406e-05,0.00091001,1.107e-05,7.796e-05,5.679e-05,2.454e-05,4.139e-05,0.0001872,1.973e-05,4.957e-05,0.00011886,0.00047786,7.22e-06,0.00052454,0.00026179,6.208e-05,5.294e-05,0.00022955,0.00077238,0.00029933,0.00161501,0.00039124,5.775e-05,0.00023051,0.00021222,7.7e-05,0.00020789,0.00010491,5.342e-05,0.00028489,3.321e-05,0.00029548,4.764e-05,0.00113234,2.887e-05,2.214e-05,6.689e-05,1.877e-05,0.00011838,0.00094658,0.00017709,5.29e-06,5.342e-05,0.00016554,0.00052406,0.00021415,2.89e-06,2.743e-05,2.936e-05,2.599e-05,2.887e-05,4.81e-06,9.14e-06,0.000205,1.155e-05
ilLobHalt1,0.03666236,0.01770158,0.00493735,0.00160593,0.11703587,0.0117011,0.0038154,0.00385701,0.00305356,0.00212243,0.0061693,0.00113821,0.00387661,0.00076279,0.00058776,0.00055141,0.00039168,0.00029364,0.0008484,0.00041894,0.01572119,0.00069488,0.00011,0.00056863,0.00077427,0.0116528,0.00429986,0.00381875,0.0002176,0.00028503,4.639e-05,0.00013678,0.00090674,0.00014443,9.804e-05,5.117e-05,4.017e-05,6.408e-05,0.00027881,0.00027355,0.00027068,0.00049115,0.00027499,0.00043281,8.61e-06,5.165e-05,0.00041559,7.174e-05,0.00070827,6.6e-05,0.0002506,3.109e-05,5.452e-05,0.00118986,0.00023816,8.943e-05,0.00011095,0.00023434,0.0024988,0.00010617,0.00021234,7.843e-05,8.513e-05,0.00210617,3.443e-05,0.00027881,4.065e-05,3.73e-05,1.196e-05,9.039e-05,0.00016165,5.213e-05,0.00029316,0.00013869,0.0006088,0.00246868,0.00040937,7.317e-05,0.00016643,3.491e-05,9.708e-05,6.361e-05,5.452e-05,5.452e-05,5.069e-05,2.439e-05,1.435e-05,2.009e-05,9.565e-05,0.00023099,1.626e-05,2.2e-05,9.421e-05,7.987e-05,6.695e-05,0.00028312,0.00014586,1.435e-05,9.517e-05,0.00032664,0.00013199,4.065e-05,0.00012482,1.1e-05,0.00026112,9.756e-05,0.00021473,1.769e-05,2.726e-05,2.009e-05,0.00033572,0.00010187,0.00021377,1.769e-05,9.087e-05,8.13e-06,3.204e-05,9.09e-06,4.83e-05,5.022e-05,0.0
ilLomBima1,0.13539962,0.01183556,0.09063002,0.00674187,0.01704685,0.00510134,0.00414962,0.00788719,0.04132457,0.05695268,0.00062189,0.00864388,0.00326769,0.00054637,0.00133365,0.0009675,0.00355258,7.6e-05,0.0006109,0.00069598,0.0016869,0.00095076,0.00016252,0.02254971,0.00026338,0.00012046,0.00011329,0.00133413,8.509e-05,0.00046128,0.00040918,0.00016061,0.00022419,0.00065535,0.00157505,0.0001305,1.052e-05,0.00036233,0.00014197,0.00013289,0.00023231,9.082e-05,0.00010516,0.0001195,4.398e-05,4.924e-05,0.00043977,5.545e-05,0.00251816,0.00072897,0.00013958,2.725e-05,0.00010421,8.317e-05,1.816e-05,0.0001152,0.00016061,7.314e-05,0.00027008,0.00495124,0.00012715,0.00100048,0.00022562,6.071e-05,4.35e-05,8.652e-05,0.0002175,0.00013384,0.00012094,0.00011998,0.00021558,8.031e-05,0.00017973,4.398e-05,8.843e-05,0.00017495,8.652e-05,1.147e-05,3.298e-05,0.00012285,4.254e-05,0.00011902,5.354e-05,0.00015488,6.692e-05,7.553e-05,9.082e-05,4.971e-05,1.721e-05,0.00011711,4.637e-05,1.386e-05,0.00014436,0.00016826,6.597e-05,0.00014675,6.21e-06,3.059e-05,2.772e-05,0.00011377,6.788e-05,3.35e-06,7.983e-05,1.243e-05,3.633e-05,0.0003413,2.151e-05,3.82e-06,1.434e-05,6.214e-05,0.00017352,6.788e-05,0.00013145,5.784e-05,1.43e-06,2.486e-05,1.099e-05,8.13e-06,0.00020076,2.772e-05,9.56e-06
ilLupTest1,0.24662464,0.01664909,0.01312128,0.00273586,0.00421429,0.00311649,0.01682023,0.00185618,0.00305417,0.00174353,0.01057622,0.00111553,0.00802253,0.00156328,0.00338351,0.00103068,0.00069799,0.00019655,0.00113519,0.00203116,0.00921812,0.0003883,0.00061649,0.00044247,0.00115676,0.00020997,0.00133317,0.006814,0.00027229,0.00041755,0.0016093,0.00040892,0.00236913,0.00033701,0.00029722,0.0005024,0.00018744,0.00083701,0.00017498,0.00046117,0.0002488,0.00324976,0.00048802,0.00600192,0.00011937,0.00029051,0.0012627,0.00025312,4.314e-05,0.00095206,4.171e-05,2.972e-05,0.00083365,0.00049185,0.00026174,0.00043145,9.684e-05,6.088e-05,0.00016874,0.00078859,0.00043816,0.00016539,0.00213327,0.00057478,4.506e-05,0.01219511,0.00109204,0.00028619,0.00019128,5.753e-05,0.00028332,3.883e-05,8.293e-05,0.0012675,0.00047843,0.00105657,0.00065005,0.0001558,0.00028044,4.65e-05,6.52e-05,0.00016347,4.602e-05,9.779e-05,3.979e-05,0.00011505,0.00012943,6.184e-05,0.00042905,0.00026654,0.00171572,0.00022675,0.00011409,0.00024545,3.691e-05,0.00081256,7.287e-05,2.301e-05,0.00079291,4.506e-05,0.00012416,5.992e-05,8.006e-05,6.663e-05,5.753e-05,0.00027373,0.00041323,0.00026558,0.00034468,0.00011889,1.342e-05,0.00011841,0.00073394,0.00011745,0.00025168,8.293e-05,0.00011601,8.006e-05,7.19e-06,8.054e-05,7.239e-05
ilLycHirt1,0.04688272,0.00698708,0.02146338,0.03081809,0.00209526,0.00117712,0.00092293,0.00296553,0.00621541,0.01345093,0.0009483,0.00044854,0.00488176,0.00518909,0.05161465,0.00161656,0.00065773,0.00014935,0.01553135,0.01203447,0.00140354,0.00604643,0.0003662,0.00034658,0.00169459,0.00050551,6.75e-05,0.00034371,5.17e-05,0.00046482,2.872e-05,9.718e-05,0.00017377,0.00121254,6.175e-05,0.0008291,0.00021015,0.0003619,0.00027956,0.00010053,0.00076831,0.00027669,0.00056008,7.18e-05,2.154e-05,8.329e-05,4.26e-05,4.308e-05,8.664e-05,0.00037386,2.824e-05,2.872e-05,0.00055481,0.00047678,5.266e-05,0.00306558,0.00017042,7.18e-05,3.016e-05,0.00010005,9.191e-05,4.883e-05,0.00019818,0.00042125,1.963e-05,0.00055433,6.271e-05,8.186e-05,5.74e-06,0.0001709,2.298e-05,6.7e-06,3.83e-05,0.00011345,9.67e-05,7.994e-05,6.893e-05,3.59e-05,0.00346769,0.00023552,5.026e-05,6.702e-05,9.57e-06,1.34e-05,4.739e-05,5.553e-05,2.489e-05,1.675e-05,5.218e-05,0.00010101,0.00014026,0.00416611,1.005e-05,1.771e-05,4.31e-06,0.00170177,2.346e-05,2.633e-05,0.00014696,9.813e-05,8.664e-05,1.963e-05,1.867e-05,2.154e-05,0.00018191,0.00010866,3.734e-05,5.27e-06,0.0002427,0.00035089,1.771e-05,2.872e-05,2.25e-05,1.436e-05,3.207e-05,5.17e-05,9.57e-06,9.6e-07,3.494e-05,7.851e-05,1.771e-05
ilLycPhla1,0.0236022,0.01250455,0.01589708,0.011955,0.02043083,0.00141503,0.00158593,0.00221781,0.0076606,0.03076209,0.00072571,0.00111106,0.00455912,0.00032647,0.00076975,0.00095931,0.00154236,0.00017042,0.00019052,0.00014552,0.00030876,0.00176927,0.00027812,0.00527094,0.00046673,0.00247391,0.00012733,0.00034035,5.17e-05,0.00042796,0.0003145,0.00095883,0.00262183,0.00028147,0.00016515,9.909e-05,6.893e-05,3.542e-05,0.00022307,0.00031833,8.138e-05,0.00016898,6.702e-05,0.0002877,4.79e-06,0.00041503,0.00050072,9.43e-05,5.744e-05,0.00064576,6.75e-05,1.149e-05,9.622e-05,0.00024701,7.946e-05,6.22e-06,0.00021924,0.00010101,0.00032791,0.00021206,0.00015845,0.00039349,6.127e-05,4.548e-05,0.00218143,7.899e-05,5.697e-05,0.00010723,4.691e-05,6.032e-05,0.00015127,3.159e-05,0.00012877,0.00028243,4.069e-05,1.053e-05,5.314e-05,6.845e-05,3.064e-05,0.00018334,6.367e-05,2.441e-05,0.00211824,0.00029009,7.42e-05,0.00014696,7.994e-05,4.931e-05,0.00010292,3.447e-05,0.00028195,1.771e-05,0.00022212,0.0004854,0.00010483,0.00047535,0.00011154,3.542e-05,0.00065869,0.00085208,8.952e-05,8.617e-05,0.00022259,4.79e-06,0.00012877,0.00026376,7.133e-05,2.393e-05,4.213e-05,5.888e-05,0.00043131,9.047e-05,0.00014122,0.00064528,7.468e-05,0.00047008,4.596e-05,2.872e-05,0.00015989,0.00011393,3.064e-05
ilLymMona1,0.4346801,0.0290801,0.00205995,0.00201775,0.00460144,0.00221775,0.00482302,0.00104269,0.00142446,0.00487194,0.00900192,0.00088201,0.00288489,0.00133621,0.00243693,0.00067578,0.00895348,0.05270264,0.00306954,0.00024892,0.00013765,0.00080863,0.00023885,0.0021458,0.00014772,0.00050552,0.00210264,0.00038034,0.00019664,0.00172662,0.00066043,0.00355012,0.00024221,0.00028873,0.00021295,0.00013861,7.914e-05,7.29e-05,0.00024317,0.00091703,0.00111463,7.674e-05,0.00010312,0.00129784,8.15e-06,0.0001952,0.00081391,0.00028681,3.165e-05,0.00048441,3.789e-05,0.00177746,0.0001295,0.00010552,0.00032518,0.00015108,0.00034532,3.261e-05,0.00013525,5.132e-05,0.00011367,0.0007295,9.88e-05,0.0003458,0.00010887,0.00086523,0.00018897,0.00061295,0.00019952,0.00021103,0.00141487,0.0001506,9.448e-05,0.00010647,0.00023645,5.516e-05,8.921e-05,0.00034005,0.00011223,0.0001036,6.71e-06,8.633e-05,0.00015827,0.00015396,4.94e-05,0.00024221,8.633e-05,8.15e-06,0.00021007,9.88e-05,4.173e-05,0.00011511,0.00011703,0.00012182,7.67e-06,0.00012998,5.899e-05,1.966e-05,4.556e-05,4.604e-05,1.871e-05,0.00010695,3.549e-05,4.029e-05,8.825e-05,4.221e-05,0.00023549,7.002e-05,4.221e-05,1.727e-05,0.00011079,0.0004307,1.966e-05,6.71e-06,7.338e-05,7.53e-05,2.302e-05,1.151e-05,8.969e-05,0.00015588,2.4e-06
ilLysBell1,0.0928832,0.00786213,0.00613787,0.000809,0.00133796,0.00884107,0.00636525,0.00090618,0.00397846,0.02529296,0.00094303,0.00096458,0.00388559,0.00096266,0.00088033,0.00091048,0.00105266,0.00026328,0.00026185,0.00020297,0.00075347,0.0002494,0.00039157,0.00048348,0.00083198,0.00012685,0.00033222,0.00175874,4.978e-05,0.00097128,8.09e-05,0.00062853,0.00043562,4.596e-05,0.00094926,4.452e-05,3.542e-05,0.00018191,0.00060938,0.00010292,0.00022595,0.00011345,0.00010771,0.00092197,1.053e-05,5.792e-05,0.0002853,0.00026759,4.31e-06,0.00040306,6.223e-05,0.00012446,0.00059454,4.356e-05,0.00022116,7.42e-05,1.388e-05,8.377e-05,0.00010819,6.271e-05,3.447e-05,5.457e-05,0.00057683,0.00035998,0.00011489,4.021e-05,8.712e-05,0.0001235,0.00015414,1.915e-05,0.00077262,9.574e-05,0.00012255,0.00056917,3.638e-05,0.00011393,4.117e-05,4.021e-05,5.505e-05,0.00042269,4.26e-05,0.00018143,9e-05,1.723e-05,8.712e-05,0.00012159,0.00143274,8.62e-06,0.00013978,1.532e-05,0.00013116,0.00039397,7.228e-05,3.447e-05,3.877e-05,0.00039493,8.042e-05,0.00018478,9e-05,0.00018286,1.388e-05,9.909e-05,4.931e-05,9.57e-06,3.686e-05,0.00014935,7.228e-05,0.00013547,0.0027439,6.654e-05,0.0001977,1.245e-05,2.824e-05,0.00030972,4.883e-05,0.00134083,4.8e-07,3.255e-05,0.00014983,0.00060364,1.44e-06
ilLysCori1,0.11157375,0.01220546,0.03050335,0.00094109,0.00164847,0.01870498,0.00164464,0.00222031,0.12126772,0.02083381,0.00058094,0.00373228,0.00288266,0.00023228,0.00060632,0.0005546,0.00100623,0.00039176,0.00057615,0.00028784,0.00139464,0.00033908,0.00017289,0.01047893,0.00077586,4.837e-05,0.00013075,0.00109722,0.00012021,0.00095929,0.03469301,7.423e-05,0.00017768,0.00011494,0.00034387,4.55e-05,9.626e-05,0.00010249,9.1e-05,0.00016715,0.00432567,0.00072414,0.00025048,9.004e-05,1.293e-05,0.00014895,0.000284,5.22e-05,0.00047989,0.00013362,0.00023898,0.00308381,0.00029598,0.00017529,4.981e-05,0.00171648,0.00036734,0.00010297,9.531e-05,7.28e-05,2.586e-05,0.00212117,6.609e-05,0.00042768,0.00016619,0.00012644,3.831e-05,0.00021121,0.00043056,0.00015757,0.00014895,3.975e-05,5.508e-05,5.508e-05,4.358e-05,0.0010158,4.406e-05,0.00022222,2.921e-05,3.544e-05,0.00011255,3.4e-05,1.533e-05,0.00011446,7.663e-05,0.00037452,0.00014511,2.778e-05,0.00016762,0.00010872,1.293e-05,0.00043678,4.837e-05,0.00011734,7.18e-06,0.00027155,0.00013937,3.4e-05,8.142e-05,0.00012356,3.113e-05,2.107e-05,0.00033669,9.58e-06,0.00010297,0.00441379,3.688e-05,7.711e-05,6.178e-05,0.00040613,3.209e-05,5.75e-06,0.00010872,9.1e-06,2.778e-05,1.102e-05,5.75e-06,9.1e-06,0.0010795,0.00172845,6.23e-06
ilMacNota1,0.05122414,0.00311973,0.00571695,0.02840374,0.00156609,0.00263985,0.00400527,0.05557471,0.00137692,0.01159052,0.00074521,0.00114607,0.00284291,0.00143439,0.00218487,0.00083956,0.00069253,0.00012596,0.00028161,0.00103305,0.00112165,0.00057663,0.00051054,0.00022989,0.00301628,0.00448084,9.914e-05,0.00024569,0.00012356,0.0008501,0.00287069,0.00027203,0.00050096,0.00040996,0.000125,0.00019301,4.598e-05,4.262e-05,0.00027826,6.13e-05,0.00136063,0.00060489,0.00045642,0.00018008,2.921e-05,2.011e-05,9.914e-05,8.285e-05,0.0001523,0.00014128,8.142e-05,3.688e-05,0.00201676,0.00065086,5.22e-05,0.00103592,0.00020833,3.496e-05,0.00084435,2.395e-05,0.00035057,5.891e-05,0.00029502,0.00132567,0.00028352,0.00103017,6.7e-06,0.0003204,8.142e-05,0.00052538,3.927e-05,3.784e-05,4.502e-05,0.00168487,5.125e-05,8.86e-05,3.927e-05,4.598e-05,0.00012356,5.316e-05,4.167e-05,5.316e-05,0.00013841,0.00018056,7.711e-05,0.00023707,1.868e-05,6.7e-06,0.00033381,0.00014416,0.00013027,3.065e-05,0.00017193,2.251e-05,0.00014799,0.00022031,2.586e-05,0.00012069,6.37e-05,5.699e-05,0.0001408,0.00016236,3.688e-05,2.586e-05,0.00012356,5.316e-05,4.071e-05,4.837e-05,0.0003022,3.209e-05,3.065e-05,4.31e-05,8.525e-05,0.00012404,5.891e-05,1.964e-05,1.102e-05,2.87e-06,9.579e-05,3.113e-05,4.31e-06
ilMamBras1,0.03877323,0.00316851,0.00171497,0.00412662,0.08062494,0.03467935,0.00196004,0.00210785,0.04291382,0.00112807,0.00161146,0.00097882,0.00210014,0.00044584,0.00082234,0.00256139,0.00365816,0.00011892,0.00046798,0.00028551,0.00055128,0.00177949,0.00036351,0.0015142,0.00041887,0.00026288,0.00108522,0.00083341,7.318e-05,0.00036254,6.692e-05,0.00023351,6.259e-05,0.00027443,0.00025662,7.7e-06,1.493e-05,3.467e-05,0.00193789,0.00014781,8.714e-05,0.00018199,0.00021088,5.585e-05,2.985e-05,9.244e-05,7.703e-05,8.089e-05,5.3e-06,0.00519547,3.467e-05,4.092e-05,7.848e-05,5.392e-05,8.522e-05,9.726e-05,0.00017573,1.348e-05,0.00240202,0.00047857,0.00010111,0.00040539,5.2e-05,9.726e-05,1.781e-05,4.333e-05,0.00015648,2.311e-05,0.00057487,7.7e-06,0.00039191,6.885e-05,0.00025518,2.07e-05,6.307e-05,6.403e-05,1.252e-05,1.107e-05,5.585e-05,9.052e-05,2.985e-05,0.18298074,5.778e-05,0.00011844,2.07e-05,1.011e-05,0.00020077,2.89e-06,6.837e-05,6.307e-05,9.918e-05,4.044e-05,0.00036832,0.00012662,1.107e-05,0.00025614,0.0001637,2.792e-05,2.841e-05,2.359e-05,3.081e-05,2.937e-05,7.7e-06,5.3e-06,0.00020751,5.104e-05,0.00032595,0.00080164,6.307e-05,0.0002701,1.83e-05,0.00010351,1.011e-05,4.092e-05,1.93e-06,3.707e-05,5.681e-05,3.467e-05,3.707e-05,4.429e-05,1.493e-05
ilManJurt1,0.01490431,0.00237129,0.10091722,0.01442153,0.02067177,0.00603684,0.00109426,0.00130813,0.00469522,0.00075359,0.00034258,0.00056842,0.01409713,0.0015555,0.0004512,0.00021914,0.02460287,0.00024498,0.00033206,0.00030574,0.00026794,0.00267703,0.00014306,0.00091722,0.00040335,9.569e-05,1.435e-05,0.00012679,3.158e-05,0.00091531,0.00011675,0.00012344,0.00018756,0.00077608,9.522e-05,3.78e-05,2.153e-05,7.416e-05,0.00011579,7.081e-05,0.00096029,7.99e-05,0.00015215,2.775e-05,2.87e-06,2.919e-05,3.971e-05,3.876e-05,1.483e-05,4.545e-05,1.34e-05,0.00018469,0.00010622,2.967e-05,0.00028517,7.703e-05,0.00019617,4.88e-05,0.00035646,0.00012249,1.148e-05,0.00015789,8.947e-05,4.88e-05,7.368e-05,7.177e-05,0.00029043,0.00012344,0.00024833,1.866e-05,6.986e-05,1.005e-05,3.732e-05,5.742e-05,3.206e-05,4.785e-05,2.488e-05,4.689e-05,5.407e-05,8.469e-05,3.636e-05,0.0001,3.206e-05,0.00030526,5.455e-05,1.244e-05,2.775e-05,6.651e-05,7.081e-05,4.689e-05,2.297e-05,1.866e-05,1.292e-05,8.421e-05,3.732e-05,6.029e-05,7.081e-05,9.187e-05,1.292e-05,0.00015933,4.402e-05,6.746e-05,2.536e-05,1.866e-05,0.00026842,1.579e-05,3.636e-05,0.00013349,1.435e-05,0.00011053,8.61e-06,3.349e-05,1.196e-05,1.053e-05,6.22e-06,1.579e-05,7.18e-06,1.818e-05,4.641e-05,1.77e-05,2.39e-06
ilManJurt4,0.00453883,0.0008001,0.00349185,0.00017689,0.01216251,0.00123346,0.00047795,0.00030777,0.03080585,0.00089453,0.00016395,0.00066826,0.00041323,0.00059588,0.0003768,0.00010259,0.00105705,0.0007349,4.746e-05,0.00013135,0.00059732,0.00029434,0.00224161,0.00085858,0.00026654,2.061e-05,2.301e-05,1.582e-05,0.00016251,2.109e-05,0.00091419,0.000128,3.308e-05,1.486e-05,0.00033461,3.36e-06,1.246e-05,7.191e-05,7.766e-05,4.219e-05,3.883e-05,1.965e-05,6.424e-05,2.253e-05,2.88e-06,1.582e-05,1.39e-05,3.02e-05,3.116e-05,2.924e-05,2.445e-05,1.774e-05,1.39e-05,9.11e-06,5.177e-05,4.746e-05,3.308e-05,0.0001558,3.979e-05,5.417e-05,1.007e-05,0.43455417,2.972e-05,5.75e-06,2.205e-05,1.486e-05,7.19e-06,4.746e-05,9.11e-06,1.246e-05,4.79e-06,1.678e-05,8.15e-06,1.774e-05,1.151e-05,3.36e-06,2.349e-05,1.92e-06,6.71e-06,1.87e-05,7.19e-06,1.198e-05,4.79e-06,7.67e-06,4.458e-05,3.452e-05,1.44e-06,1.44e-06,7.19e-06,2.397e-05,8.15e-06,2.4e-06,6.23e-06,4.8e-07,1.198e-05,1.582e-05,9.59e-06,8.63e-06,7.67e-06,1.534e-05,1.918e-05,2.924e-05,4.171e-05,2.637e-05,1.63e-05,1.342e-05,3.84e-06,3.643e-05,2.88e-06,9.59e-06,8.63e-06,4.79e-06,7.67e-06,2.88e-06,1.92e-06,2.4e-06,1.44e-06,1.44e-06,2.88e-06,6.23e-06,3.36e-06
ilMarLuna1,0.60652783,0.01593042,0.00344818,0.00147121,0.00478695,0.00139971,0.00270537,0.00257821,0.00128983,0.0190523,0.00566027,0.00041171,0.00681574,0.00050432,0.00702399,0.00836372,0.00176248,0.00064875,0.00046881,0.00035701,0.0008239,0.00584021,0.00022697,0.00043714,0.00014539,0.00030086,0.00054942,0.00078359,0.00195058,0.00043426,7.582e-05,0.00025528,0.00023704,0.0001286,0.00036372,5.95e-05,1.631e-05,0.00021353,0.00071833,0.00018714,0.00041987,0.00022601,0.00024472,8.589e-05,4.223e-05,0.00012908,0.00010173,3.407e-05,7.2e-06,0.0002404,2.543e-05,0.00016507,0.00018138,0.00347601,5.47e-05,0.00013388,4.894e-05,0.0004976,0.00015595,5.806e-05,0.00049328,0.0001094,8.301e-05,0.00012908,2.687e-05,0.00022841,0.0001382,0.00026296,0.00021065,0.00042514,0.00055566,7.582e-05,8.013e-05,0.00015835,0.00016555,6.67e-05,0.00017322,0.0001142,0.00015595,5.758e-05,0.00015355,0.00017226,3.455e-05,0.00092131,0.00028359,0.00026919,0.00034789,7.006e-05,0.00013532,9.021e-05,9.693e-05,4.607e-05,3.791e-05,0.00014971,2.735e-05,0.00050816,6.046e-05,0.00035605,0.00013868,0.00043858,4.655e-05,2.303e-05,0.00015883,4.175e-05,0.00016459,0.00010653,9.165e-05,1.392e-05,4.894e-05,6.238e-05,0.00015739,0.00051871,7.198e-05,7.486e-05,1.344e-05,1.488e-05,2.88e-06,2.927e-05,0.00046017,6.24e-06,8.445e-05
ilMegAlbu1,0.017317,0.01795293,0.00558742,0.0004755,0.00370365,0.00162824,0.006817,0.0004976,0.00419645,0.02131892,0.04232997,0.00084822,0.00127041,0.0017219,0.00177666,0.00015274,0.00495533,7.973e-05,0.00019116,0.00029587,0.00042459,0.00052017,0.00010231,0.001878,0.00025696,2.834e-05,0.00350048,0.00293276,0.00035399,0.0015586,0.00080115,0.00045485,0.0001244,9.27e-05,0.00115418,1.105e-05,7.061e-05,0.00013929,0.00015898,0.00014409,0.00011287,3.122e-05,7.157e-05,0.00050576,0.00060951,0.0001561,0.00017771,0.00020509,4.803e-05,8.886e-05,2.882e-05,0.00023199,0.00039529,7.109e-05,7.685e-05,3.122e-05,0.00021374,1.585e-05,9.078e-05,0.00027426,2.93e-05,0.00113881,0.00013064,9.174e-05,8.069e-05,2.113e-05,4.32e-06,0.00239193,1.921e-05,3.987e-05,2.402e-05,0.00375408,6.1e-05,4.179e-05,0.00139625,0.00019404,4.755e-05,9.174e-05,2.834e-05,9.75e-05,4.035e-05,3.842e-05,2.834e-05,3.794e-05,2.017e-05,0.00019068,4.371e-05,2.69e-05,4.947e-05,0.00015658,0.00011527,4.131e-05,8.213e-05,0.00018396,6.24e-06,1.105e-05,6.24e-06,1.873e-05,2.017e-05,1.105e-05,2.498e-05,4.755e-05,1.297e-05,5.235e-05,2.786e-05,0.00032133,0.000317,0.00019645,1.825e-05,3.506e-05,0.00011623,7.445e-05,0.00012056,1.44e-06,1.921e-05,2.786e-05,2.4e-06,7.2e-06,2.69e-05,4.515e-05,2.594e-05
ilMelAtha1,0.31243316,0.00800383,0.00712075,0.00966555,0.00158265,0.06450647,0.02882271,0.00932008,0.00067753,0.06952516,0.00113081,0.00076234,0.0196162,0.00249545,0.00141735,0.00049257,0.00265022,0.00021083,0.00015141,0.0002367,0.00130618,0.00041687,0.00017345,0.0001495,0.00032056,0.00015046,0.00015908,0.0010369,0.00010541,0.00092046,0.00023766,0.00086679,0.00017585,0.00024964,0.00029516,1.773e-05,6.71e-06,0.00037278,0.00391998,0.00021945,0.00097556,0.00010973,9.583e-05,0.00012362,9.1e-06,0.00010589,0.00023047,0.00015764,0.00067178,5.031e-05,4.217e-05,0.00013321,0.00018735,7.954e-05,0.00021322,0.0001241,0.00051318,0.00024485,0.00037374,4.408e-05,0.00163536,0.00017585,7.858e-05,3.833e-05,6.948e-05,0.00122904,0.00010446,0.00045232,5.894e-05,8.912e-05,4.264e-05,4.887e-05,0.00015046,0.00016579,0.00034787,3.115e-05,2.54e-05,3.785e-05,3.306e-05,4.839e-05,5.606e-05,4.887e-05,2.971e-05,4.792e-05,5.606e-05,3.115e-05,6.948e-05,8.529e-05,6.373e-05,9.823e-05,4.792e-05,3.45e-05,0.00116627,0.00025347,3.162e-05,7.667e-05,0.0001265,3.594e-05,7.044e-05,3.019e-05,4.169e-05,4.792e-05,4.264e-05,9.344e-05,3.69e-05,1.917e-05,0.00021227,0.00022568,0.00011404,3.833e-05,2.252e-05,8.05e-05,7.858e-05,1.965e-05,2.971e-05,6.181e-05,5.75e-06,3.35e-06,5.702e-05,1.294e-05,3.35e-06
ilMelCinx1,0.25168504,0.01415292,0.05965005,0.0086371,0.00280872,0.00885666,0.0070628,0.01233269,0.01704602,0.02524209,0.00042665,0.00080058,0.00607958,0.00131448,0.00088015,0.00222483,0.00138015,0.00022148,0.00047028,0.0004257,0.00302157,0.001093,0.0004046,0.00360594,0.00042809,0.00022244,4.171e-05,0.00071333,9.827e-05,0.00033509,8.773e-05,0.00034276,0.00101918,0.00062752,0.00050479,4.794e-05,0.00019175,7.718e-05,8.917e-05,0.00024784,7.526e-05,0.00023586,8.293e-05,0.00010882,1.92e-06,0.00018984,0.00029674,8.965e-05,8.054e-05,0.00032502,1.198e-05,6.376e-05,0.00010211,4.075e-05,7.095e-05,0.00055321,0.00047795,4.41e-05,0.00016203,6.136e-05,0.00012224,0.00070518,0.00013519,6.136e-05,6.328e-05,0.00280825,0.00047651,0.00021524,7.095e-05,0.0001395,0.00028092,4.794e-05,0.00016826,0.00064717,7.095e-05,3.643e-05,2.685e-05,0.0001069,4.746e-05,0.00147699,1.774e-05,5.561e-05,0.00018217,0.00049904,0.00012704,4.602e-05,5.992e-05,0.00010211,0.00029099,3.212e-05,2.828e-05,5.417e-05,3.979e-05,0.00012416,0.00022771,0.00018265,0.00596213,7.67e-06,0.00017833,0.00010115,3.883e-05,2.685e-05,0.00011745,1.007e-05,0.00014717,0.00012991,0.00088974,0.00034756,0.00029866,0.00032934,5.896e-05,2.349e-05,0.0021069,0.00033269,1.774e-05,4.746e-05,2.88e-06,2.4e-06,1.726e-05,0.00010211,0.00026031
ilMelGala2,0.66541759,0.01070975,0.00322826,0.0011038,0.00256079,0.01144258,0.00340654,0.00084815,0.00305046,0.00423931,0.00079962,0.00093032,0.00293369,0.00380442,0.00146997,0.00043393,0.02179,0.00014993,0.00033349,0.00338972,0.00065353,0.00076694,0.00023594,0.00058289,0.00214945,4.95e-05,6.391e-05,0.00017924,3.988e-05,0.00404181,0.00011293,0.00023354,0.0018049,0.00011725,0.00089476,0.00010139,1.73e-05,0.00016098,0.0001826,0.0002297,0.00039741,0.00014656,9.563e-05,7.304e-05,2.259e-05,3.7e-05,7.833e-05,6.583e-05,0.00014368,0.00024219,8.457e-05,0.0002172,0.00014032,4.181e-05,4.853e-05,7.208e-05,4.757e-05,9.13e-05,3.652e-05,5.863e-05,0.00010476,6.439e-05,0.00042528,3.748e-05,7.4e-05,6.968e-05,4.421e-05,0.00073138,3.892e-05,4.517e-05,9.755e-05,4.95e-05,0.000247,0.0001999,3.84e-06,6.007e-05,5.766e-05,5.142e-05,1.682e-05,0.00015954,3.844e-05,0.00014224,1.538e-05,5.382e-05,1.826e-05,9.13e-05,0.00014464,3.652e-05,3.796e-05,4.95e-05,2.114e-05,6.73e-06,3.46e-05,0.00044642,3.172e-05,0.00014993,4.421e-05,1.826e-05,3.7e-05,3.364e-05,7.977e-05,0.00010956,4.95e-05,0.00011533,3.027e-05,4.469e-05,0.00039164,7.4e-05,6.007e-05,6.199e-05,2.307e-05,5.142e-05,2.066e-05,0.00013359,0.00015617,2.451e-05,4.709e-05,1.249e-05,3.36e-06,1.153e-05,1.105e-05
ilMelPers1,0.46634687,0.00482991,0.06473913,0.0019355,0.00284138,0.0070086,0.00091734,0.00699092,0.00190874,0.00679169,0.00057286,0.00062446,0.00153034,0.00137267,0.00088008,0.00071954,0.00022551,0.00033923,0.00129909,0.00159006,0.00268466,0.00156808,0.00038318,0.00027711,0.0002623,0.00050215,0.00011706,0.00144099,0.00011085,0.00040659,0.000258,0.00026087,0.00033301,0.00021548,0.00010225,0.00086718,8.696e-05,4.826e-05,0.00012757,0.00012327,0.00042475,0.00015289,0.00039083,0.00058624,1.768e-05,3.01e-05,0.00019589,0.00082179,0.00018156,6.498e-05,3.44e-05,4.921e-05,0.00256235,0.00111467,0.00022838,0.00019207,5.303e-05,4.204e-05,0.00019924,0.00021882,3.488e-05,0.00021261,0.00039513,0.00105733,0.00083469,0.00088533,0.00012136,1.768e-05,4.491e-05,0.00028619,7.836e-05,4.3e-05,2.867e-05,0.00026469,1.433e-05,0.0008409,1.433e-05,0.00016722,0.00209651,0.00261538,8.457e-05,6.116e-05,7.071e-05,0.00035882,0.00040564,6.832e-05,3.201e-05,6.832e-05,0.00050884,2.532e-05,5.686e-05,0.00138509,5.542e-05,0.00028285,2.532e-05,0.0012838,0.00082131,1.577e-05,0.00706307,0.00021166,8.17e-05,4.204e-05,4.682e-05,0.00012996,0.00010272,0.00055136,7.74e-05,0.00382752,0.00020067,9.46e-05,0.00090779,0.00039752,1.959e-05,0.00044195,0.00020449,0.00017869,6.69e-06,1.768e-05,0.00209269,4.682e-05,9.6e-07
ilMesFuru1,0.55420077,0.03585146,0.00456061,0.00182846,0.00226737,0.00692621,0.00200383,0.00355534,0.00220077,0.00404983,0.00610925,0.0006368,0.00091902,0.00034835,0.01044657,0.00101437,0.00066219,0.000184,0.0017264,0.00045328,0.00052372,0.00048826,0.00045184,0.00075419,0.00260565,0.00014279,0.00019645,0.00020316,5.942e-05,0.00091615,0.00026354,0.00013464,0.00047484,0.00011452,0.00077671,0.00038908,0.00016675,0.00035122,0.00021562,0.00017681,0.00077863,0.00044945,0.00053953,0.0003311,0.00012889,9.583e-05,9.775e-05,0.00014279,0.00031672,0.00027312,3.737e-05,7.714e-05,0.00028558,0.00011931,4.169e-05,8.96e-05,6.373e-05,4.217e-05,8.385e-05,0.00053666,9.871e-05,8.816e-05,0.00037614,0.00045137,0.00014279,0.00017777,1.437e-05,0.00046382,9.1e-06,0.00018975,0.00012075,4.408e-05,9.583e-05,0.00016052,4.648e-05,5.798e-05,0.00016914,0.00010589,3.162e-05,2.252e-05,0.00013081,6.181e-05,0.00012075,6.133e-05,0.00016435,0.00015668,1.006e-05,3.642e-05,0.00026497,5.079e-05,0.00024629,0.00031864,5.558e-05,3.354e-05,2.54e-05,6.996e-05,3.162e-05,4.792e-05,0.00023431,0.00011596,0.00017393,0.00047389,0.00023622,4.312e-05,3.69e-05,0.00036416,5.894e-05,2.492e-05,0.00014471,0.00010014,7.235e-05,1.533e-05,9.6e-07,0.00011116,9.152e-05,2.827e-05,2.635e-05,1.917e-05,1.917e-05,4.121e-05,1.198e-05
ilMilMini2,0.74404264,0.0111011,0.00613464,0.00164686,0.00613416,0.0027748,0.00167705,0.02354336,0.00424437,0.00145664,0.00183134,0.01681169,0.00373982,0.00060182,0.00299233,0.0028323,0.00542214,0.00049736,0.00046143,0.00098275,0.00046718,0.00225779,0.00041543,0.00215525,0.0003747,0.00039435,0.00011931,0.00062434,0.00024485,0.00039483,0.00022856,0.00041878,0.00034787,0.00012123,0.00023575,0.00012218,0.00023622,0.00022377,7.283e-05,0.0002597,0.00014183,0.00014423,9.056e-05,7.954e-05,3.881e-05,0.00017777,0.00010398,0.00122808,6.229e-05,0.00032343,0.00013848,0.00052803,0.0002712,0.00025779,3.162e-05,8.912e-05,2.923e-05,1.198e-05,0.00093436,0.00033062,0.00018735,0.00017681,0.00022041,0.00015333,0.00011356,6.469e-05,0.00017298,0.00016435,0.0001035,0.0001471,2.923e-05,5.367e-05,0.00010637,0.00041255,5.558e-05,5.414e-05,0.0001241,0.00015046,4.36e-05,0.0001701,0.00019933,6.469e-05,0.00040153,6.564e-05,0.00022137,0.00016052,8.577e-05,6.517e-05,0.00032103,8.289e-05,2.396e-05,1.533e-05,7.619e-05,6.708e-05,0.00064351,9.248e-05,0.00011164,6.9e-05,7.954e-05,9.344e-05,9.104e-05,5.127e-05,1.629e-05,2.779e-05,0.00010494,0.00011596,3.881e-05,2.779e-05,4.887e-05,3.833e-05,3.162e-05,5.989e-05,8.62e-06,0.00031097,7.044e-05,7.235e-05,1.246e-05,3.498e-05,1.965e-05,3.306e-05,1.485e-05
ilMimTili1,0.44876646,0.01200625,0.00210812,0.0036444,0.09623402,0.00325709,0.00261845,0.00151418,0.00340173,0.00241999,0.00648534,0.00081884,0.00184479,0.00457328,0.00441374,0.00361173,0.00147237,0.00010235,0.03737578,0.00345459,0.00043921,0.00748679,0.00030562,0.00050216,0.00027871,0.00052955,0.00045651,0.00065738,5.238e-05,0.00026814,3.652e-05,0.00011197,0.00055983,0.00174339,6.247e-05,6.535e-05,0.00100625,0.00162662,0.00010716,0.00013215,0.00011917,0.00091254,0.00042672,0.00063239,1.346e-05,0.00032917,0.00038203,0.00079,6.583e-05,0.00067323,5.19e-05,0.00019318,0.00046516,0.00013263,0.00015233,0.0001211,0.00128256,2.114e-05,0.00068765,0.00015329,0.00031427,0.00018885,0.00027054,0.00010956,7.208e-05,0.00527343,0.00023066,5.959e-05,0.00024411,0.00022105,0.00011197,0.00010956,5.19e-05,8.025e-05,0.0002172,1.442e-05,0.00063239,0.00021384,3.892e-05,0.00115137,0.00018453,0.00014945,0.00019462,0.00040702,8.169e-05,0.00021048,0.00013984,7.352e-05,0.00071264,6.776e-05,7.881e-05,9.755e-05,4.181e-05,0.00014416,0.00017492,0.00087842,0.00012494,8.121e-05,4.613e-05,0.00070111,0.0001235,6.295e-05,9.563e-05,5.094e-05,0.00019846,3.412e-05,0.00016915,3.84e-06,9.947e-05,1.153e-05,5.142e-05,0.0001581,0.00014032,0.00035272,0.00016531,0.00025372,7.21e-06,4.037e-05,0.00014897,0.001395,7.304e-05
ilMonLaev2,0.33502252,0.00371538,0.04612458,0.00376234,0.01084811,0.00564878,0.00308481,0.0078323,0.01598371,0.0006689,0.00146382,0.00048251,0.00323143,0.00045328,0.00118927,0.00143412,0.00027983,0.0002621,0.00038812,0.00062961,0.00031672,0.00095017,0.00023718,0.00206181,0.00022137,8.05e-05,0.00013368,0.00180786,9.871e-05,0.00083182,0.00013464,9.727e-05,0.02088788,0.00033685,0.00012218,0.00011356,1.294e-05,0.00012746,0.00011212,0.00027647,0.00012746,0.00015189,7.139e-05,5.127e-05,7.139e-05,5.702e-05,0.00013704,9.152e-05,9.631e-05,0.0001356,6.181e-05,3.737e-05,0.00019358,0.00067082,1.15e-05,0.00020029,0.00027695,5.75e-05,0.00038333,4.887e-05,7.714e-05,0.00019166,0.00035506,4.408e-05,3.258e-05,0.00023431,1.294e-05,7.139e-05,2.492e-05,0.00010541,0.00012937,5.702e-05,0.00613896,0.00193963,2.108e-05,5.989e-05,3.019e-05,0.00014758,7.187e-05,3.642e-05,4.887e-05,0.00015046,1.054e-05,0.00012123,2.348e-05,6.229e-05,4.121e-05,2.108e-05,0.00012171,4.408e-05,6.71e-06,2.731e-05,6.564e-05,0.00062434,1.437e-05,9.056e-05,6.948e-05,0.00036655,0.00018639,5.51e-05,8.673e-05,6.9e-05,2.54e-05,1.533e-05,0.00610829,0.00010637,0.00014039,0.00010781,2.204e-05,6.996e-05,0.00015956,7.379e-05,8.577e-05,1.725e-05,8.15e-06,7.331e-05,4.79e-06,4.8e-07,1.198e-05,7.714e-05,1.92e-06
ilMonLaev1,0.0767954,0.00477432,0.05183805,0.00686871,0.00676234,0.0711586,0.01426258,0.00324485,0.02962195,0.00190513,0.00041974,0.00251893,0.00835314,0.00017633,0.00066363,0.0030024,0.00044178,0.00022137,0.00137135,0.00029372,0.00510494,0.00042789,0.00068232,0.0232137,0.00098563,0.00010206,4.839e-05,0.00272592,0.00035314,0.00036272,0.00333349,0.00030379,0.00038524,0.0007149,6.277e-05,0.00038045,0.00016866,6.133e-05,0.00068903,0.00074844,0.00416435,1.869e-05,0.00017777,6.564e-05,1.725e-05,7.379e-05,0.00028701,8.625e-05,0.00016148,0.00020077,0.00014902,0.00044657,0.00013991,0.00142549,3.737e-05,0.00086727,0.00027072,6.66e-05,0.00014231,0.00017154,0.00011979,0.00082798,0.00046239,0.00044418,0.00022089,0.0017288,8.002e-05,2.587e-05,0.00062674,3.977e-05,4.887e-05,5.702e-05,0.00012171,0.00014135,3.546e-05,0.00053474,6.9e-05,0.00038668,5.414e-05,0.00027504,8.721e-05,2.204e-05,2.252e-05,4.6e-05,0.00013225,0.0007403,7.523e-05,1.725e-05,0.00020652,0.00012218,0.00011787,0.00032199,0.00034403,0.00012027,3.354e-05,9.439e-05,0.00030426,9.152e-05,0.00019693,0.00120029,0.00279732,2.875e-05,7.235e-05,9.439e-05,2.875e-05,0.00049784,5.271e-05,5.367e-05,0.00057834,0.0001931,5.75e-06,2.204e-05,3.642e-05,4.696e-05,1.821e-05,6.181e-05,4.217e-05,4.8e-07,3.35e-06,9.1e-06,4.79e-06
ilMusNiti1,0.38470139,0.00634735,0.01699188,0.03380745,0.00456617,0.04824224,0.00595079,0.03508266,0.03541902,0.001086,0.00544577,0.00159818,0.0040688,0.00044004,0.01595987,0.015957,0.00116006,0.00022121,0.065828,0.00048447,0.00407071,0.00111515,0.00025131,0.00056283,0.00075108,0.0010043,0.00043,0.00077974,0.00029861,0.00046679,6.737e-05,0.00018538,0.00012088,0.00014716,0.0013784,1.529e-05,0.00017439,0.00043717,0.00019255,0.00033445,8.696e-05,0.0002838,0.00028237,0.00015576,4.252e-05,4.969e-05,2.962e-05,0.00010033,5.399e-05,0.000172,4.109e-05,0.0001075,0.00012948,0.00044434,0.0001376,0.00376589,0.00012279,1.672e-05,8.313e-05,0.00645151,0.00046584,0.00010798,7.597e-05,0.00020162,3.918e-05,0.00032059,0.00013808,0.0003225,9.08e-06,0.00010177,0.0004085,1.624e-05,0.00013808,9.795e-05,0.00023125,0.00025131,0.00049307,2.676e-05,0.00132489,1.624e-05,0.00016914,0.00052508,3.583e-05,0.00013903,0.00041806,0.00011276,0.00041997,7.167e-05,3.392e-05,2.389e-05,8.409e-05,0.00015862,0.00014907,0.00019446,3.822e-05,0.00013235,3.201e-05,8.313e-05,0.00031773,9.699e-05,0.00011371,7.64e-06,0.0001161,2.341e-05,2.437e-05,0.0001161,6.689e-05,0.00013569,5.829e-05,0.00014955,0.00011323,0.00021548,0.00028571,8.6e-06,0.00012757,0.00011371,8.696e-05,0.0,2.293e-05,0.00012948,4.8e-07
ilMytAlbi1,0.10216865,0.03293235,0.01689852,0.0011353,0.036404,0.00310243,0.00141067,0.00091186,0.03251834,0.0134364,0.04065936,0.00247594,0.00570748,0.00056122,0.01448118,0.00045069,0.00075083,0.00027108,0.00036112,0.00076465,0.00048785,0.00067508,0.00019295,0.00054693,0.00210862,2.906e-05,0.00023106,0.00086946,0.00014007,0.00583707,0.000202,0.00018152,8.814e-05,0.00022535,0.00059457,2.43e-05,5.241e-05,0.00055741,3.764e-05,4.431e-05,0.00016246,0.00024821,0.00029157,2.287e-05,5.24e-06,8.909e-05,2.144e-05,9.1e-05,0.00967127,0.00010672,0.00011815,0.00010862,0.00024535,0.0001091,2.62e-05,0.00020867,0.00114721,3.954e-05,0.0002506,0.00159457,0.01929157,0.00027442,0.00167508,0.00015817,0.00011053,0.04199905,0.00559886,0.00018056,4.8e-07,8.147e-05,1.525e-05,1.429e-05,5.384e-05,0.01095903,0.00042211,8.58e-06,0.00065984,3.383e-05,0.0004283,0.00047022,2.573e-05,4.24e-05,4.812e-05,5.288e-05,3.81e-06,8.099e-05,5.669e-05,3.907e-05,0.00042687,0.00495426,9.909e-05,8.051e-05,7.15e-06,4.812e-05,7.527e-05,0.00013006,1.953e-05,4.431e-05,0.00018914,0.00041305,9.195e-05,4.669e-05,6.717e-05,2.192e-05,9.53e-06,0.00033349,3.907e-05,3.81e-06,7.909e-05,5.288e-05,1.81e-05,0.00035636,6.479e-05,0.00406765,3.81e-06,0.00018199,2.239e-05,2.192e-05,1.048e-05,5.622e-05,9.957e-05
ilMytFerr1,0.27732249,0.02509378,0.00296268,0.00234785,0.00202249,0.00267177,0.00569569,0.02023014,0.00187608,0.03404928,0.00036459,0.00115263,0.003089,0.00033732,0.00055455,0.00059904,0.00037799,9.856e-05,0.00033158,0.00319043,0.00049426,0.0005555,0.00014689,0.00031244,0.0003311,0.00216268,0.00011531,0.00105311,9.522e-05,0.00328182,0.00292297,0.00020526,0.00508278,0.00025215,0.00065215,0.00031914,2.392e-05,0.00020909,9.139e-05,0.00037656,0.00013636,0.00018373,0.00013206,0.00017129,2.919e-05,5.12e-05,0.00015598,2.919e-05,0.00033397,0.00027225,0.00012392,0.00040431,0.00010957,0.00015837,5.789e-05,8.373e-05,4.88e-05,6.555e-05,0.00026938,5.072e-05,5.167e-05,0.00012967,0.00073684,3.876e-05,4.019e-05,0.00037847,7.368e-05,3.397e-05,3.206e-05,2.344e-05,1.34e-05,1.914e-05,0.00087656,0.00034928,8.469e-05,5.502e-05,3.349e-05,0.00064163,0.00018325,5.933e-05,0.00010526,4.737e-05,6.077e-05,6.842e-05,0.00010048,0.00023206,3.923e-05,2.057e-05,2.536e-05,0.00050622,4.78e-06,4.402e-05,7.129e-05,0.00022249,8.61e-06,0.00021722,2.344e-05,1.148e-05,0.00016172,0.00021531,1.91e-06,0.00209761,3.349e-05,0.00015981,0.00013971,0.0003378,3.11e-05,0.00026746,3.254e-05,1.196e-05,4.306e-05,5.598e-05,1.818e-05,0.0001689,3.349e-05,0.00029091,1.675e-05,7.66e-06,8.086e-05,3.301e-05,1.005e-05
ilMytImpu1,0.29537087,0.00946191,0.01233589,0.00279732,0.00469621,0.00614231,0.00225731,0.0017288,0.00930426,0.00392477,0.00249832,0.00211835,0.00243699,0.00066651,0.0010436,0.0007264,0.00038716,0.00020987,0.00087542,0.00038189,0.00105175,0.00092813,0.00022089,0.00168376,0.00074988,0.00015908,0.00492381,0.0005448,0.00015716,0.0001792,9.919e-05,2.923e-05,0.00025731,0.0001586,8.385e-05,8.864e-05,0.00082894,0.00023814,0.00017154,0.00014039,7.858e-05,0.00055007,0.00016866,0.00143316,4.839e-05,0.01127647,0.00130714,0.00056445,0.00199856,7.427e-05,0.00015621,5.606e-05,0.00017968,0.00013991,2.444e-05,0.00042022,0.00037422,4.696e-05,7.523e-05,0.00012266,0.00049401,6.564e-05,0.00023191,0.00019214,0.0002022,0.00075228,0.00011069,4.025e-05,7.475e-05,0.00016435,3.642e-05,3.69e-05,0.00018735,7.714e-05,0.00431481,3.785e-05,0.0002252,0.00011787,9.966e-05,8.481e-05,0.0001011,2.3e-05,0.00020843,0.00029468,0.00018639,0.00011116,0.00011212,0.00038908,6.612e-05,4.408e-05,8.625e-05,0.0005448,4.552e-05,4.744e-05,0.00011212,9.104e-05,0.00149114,2.54e-05,0.00011644,0.00023287,0.00010589,4.79e-06,2.156e-05,4.408e-05,0.00016243,2.971e-05,7.667e-05,5.319e-05,5.319e-05,4.887e-05,4.744e-05,2.827e-05,0.00015141,3.498e-05,0.00034978,1.965e-05,2.587e-05,1.92e-06,5.414e-05,3.498e-05,4.025e-05
ilNemSwae1,0.20327238,0.01704643,0.02359454,0.02253471,0.00097894,0.00740594,0.01657013,0.1518248,0.0197956,0.00297367,0.00127382,0.0007999,0.00341503,0.00020153,0.00086596,0.00434371,0.00068597,0.00016707,0.00146769,0.00021972,0.0004921,0.00109335,0.00060507,0.00183054,0.00089756,0.00030876,0.00059119,0.00079512,7.42e-05,0.0010809,0.00026759,0.00021063,0.00050981,0.00097942,7.851e-05,8.904e-05,0.00012063,5.457e-05,0.00015845,0.00067879,0.00032934,0.0001259,0.00028387,0.00074868,6.271e-05,0.00098037,0.00049354,4.069e-05,6.51e-05,0.0030876,6.51e-05,0.00056821,0.00059311,0.00014552,3.064e-05,4.931e-05,0.00017281,5.888e-05,8.473e-05,3.159e-05,9.43e-05,0.00039397,0.00015175,0.00015127,2.776e-05,0.00023265,4.356e-05,0.00017377,0.00012973,5.553e-05,0.00027525,0.00032408,0.00215797,0.00016707,0.00073767,0.00015175,0.00021158,0.00070081,2.537e-05,0.00082958,0.00033652,0.00013739,3.064e-05,0.00025371,0.00017616,0.00023504,3.83e-05,8.521e-05,0.00017472,7.563e-05,0.00026855,0.0001618,0.00662279,0.00077788,1.197e-05,0.00014026,0.0001393,3.351e-05,4.835e-05,0.00062279,2.154e-05,0.00025515,6.51e-05,1.771e-05,0.00040115,0.00129296,0.00834514,8.76e-05,0.00021063,0.00020536,3.112e-05,3.112e-05,3.686e-05,0.00053423,3.399e-05,0.00028961,1.867e-05,9.1e-06,0.00010675,0.0005237,3.83e-06
ilNocFimb1,0.02265041,0.01542324,0.03744524,0.00288331,0.0787384,0.02352893,0.00180249,0.0035318,0.01081875,0.00233286,0.00151172,0.00025921,0.00495457,0.00065041,0.00062267,0.0013955,0.00049833,0.00031373,0.00078527,0.0002133,0.0057867,0.00093209,0.00014969,0.00094787,0.00051985,0.00163749,0.00020277,0.00671066,0.00019799,0.00020086,0.10394883,0.00026734,0.00024438,0.00031946,2.582e-05,0.00030751,0.00021138,7.365e-05,0.00065184,0.00018412,8.895e-05,0.0001033,6.934e-05,7.365e-05,1.387e-05,0.00056385,5.835e-05,0.00550359,2.822e-05,7.7e-05,3.83e-06,9.708e-05,0.00012099,0.00030464,0.00020851,0.00084696,4.4e-05,3.252e-05,0.00012434,8.656e-05,7.461e-05,0.00011286,6.361e-05,2.296e-05,0.00351076,0.00013773,0.00023625,0.00019464,7.17e-06,0.00018412,5.548e-05,1.052e-05,6.456e-05,0.00183979,4.782e-05,1.817e-05,0.00010234,8.61e-06,7.461e-05,0.00038785,4.878e-05,9.134e-05,4.448e-05,8.226e-05,5.835e-05,4.687e-05,0.00012291,9.278e-05,0.0090856,2.248e-05,1.243e-05,0.00217551,6.982e-05,0.00035342,1.339e-05,0.00025968,4.3e-06,2.439e-05,0.00019177,6.695e-05,5.93e-05,0.00018125,1.674e-05,5.739e-05,0.00022573,1.53e-05,2.678e-05,0.00111621,0.00011286,3.348e-05,0.00033429,1.769e-05,6.7e-06,2.439e-05,6.982e-05,7.221e-05,1.674e-05,1.626e-05,5.548e-05,0.00033668,1.91e-06
ilNocJant1,0.03337824,0.00374928,0.00303452,0.00165244,0.00182215,0.00139933,0.00402876,0.00251055,0.00314238,0.00424257,0.01852493,0.00091755,0.00241755,0.00154123,0.00467593,0.00088351,0.00080777,0.0005163,0.00028523,0.00024688,0.00119367,0.00066395,0.00022196,0.00044679,0.00020038,0.00019942,0.00060738,0.00184899,0.00025168,0.00012272,0.00201151,0.00014286,0.00015101,0.0002512,0.00015916,4.075e-05,0.00015484,4.746e-05,0.00125935,8.006e-05,0.00011074,5.753e-05,3.308e-05,0.01111937,4.41e-05,0.00021045,0.00027996,0.00162224,4.171e-05,0.00013567,7.814e-05,0.00024305,0.00021524,1.965e-05,5.609e-05,0.00018504,0.0002023,4.746e-05,0.00015388,4.506e-05,3.691e-05,0.00017833,0.0002186,0.00057478,5.081e-05,0.00045542,1.151e-05,0.00030777,8.917e-05,0.00040029,1.87e-05,2.349e-05,0.00022675,0.00028092,0.00010307,0.0001371,0.00012512,0.00028571,7.191e-05,0.00014669,9.636e-05,0.00012848,0.00170709,0.00011122,0.00019463,0.0006836,1.534e-05,8.437e-05,4.219e-05,3.835e-05,1.534e-05,4.602e-05,0.00019175,0.00147747,0.00016539,0.00092378,0.00028763,2.349e-05,6.424e-05,0.0001419,3.883e-05,0.00064909,7.19e-06,0.000128,0.00043912,0.0004372,0.00043049,0.00023969,0.00010978,0.00022052,0.00022675,9.636e-05,4.41e-05,2.013e-05,6.71e-06,0.00029291,2.205e-05,2.733e-05,0.00012704,0.00074832,1.92e-06
ilNocPron1,0.22558278,0.01053014,0.00665694,0.0206,0.00236746,0.00368995,0.00244306,0.01011196,0.00988995,0.01086603,0.00094258,0.0005799,0.00224833,0.00034976,0.00072823,0.0025134,0.00044928,6.651e-05,0.0011,0.00130431,0.00037225,0.00053493,0.00031053,0.00079282,0.00141579,0.00060191,0.00027081,0.00081914,4.45e-05,0.00074019,0.00129522,0.00012392,0.00022344,0.00027273,0.00063971,0.00039665,0.00018804,4.306e-05,0.00014593,0.00018517,0.00014115,8.469e-05,9.665e-05,0.00019713,9.809e-05,5.215e-05,0.00019139,8.612e-05,2.01e-05,0.00026411,3.062e-05,0.0001067,0.00053589,0.00047177,2.201e-05,6.124e-05,9.713e-05,4.928e-05,0.00016364,3.158e-05,0.00121483,0.00010335,0.0003933,0.00020239,2.536e-05,0.00012105,3.397e-05,0.00024928,0.0001933,0.00010048,0.00017895,2.392e-05,0.00042057,0.00179904,1.34e-05,7.321e-05,0.00017608,7.033e-05,3.923e-05,2.105e-05,2.344e-05,9.665e-05,0.00021435,0.00030766,3.206e-05,0.0001445,1.77e-05,6.89e-05,0.00025215,5.167e-05,1.053e-05,1.053e-05,0.00014737,0.00015311,1.483e-05,2.823e-05,8.804e-05,7.66e-06,0.00037081,6.938e-05,0.00012584,2.871e-05,6.22e-06,2.775e-05,3.493e-05,0.00013254,1.579e-05,3.493e-05,6.7e-06,3.11e-05,1.388e-05,0.00010622,4.354e-05,3.684e-05,0.00033541,9.139e-05,4.31e-06,2.201e-05,0.00077321,3.11e-05,4.163e-05
ilNotDrom1,0.15245999,0.00783613,0.01858936,0.00268663,0.00536128,0.0278759,0.00211691,0.00404552,0.00671778,0.00361236,0.0016943,0.00103067,0.00138716,0.00080019,0.00105894,0.00086632,0.001138,0.00010733,0.00137662,0.00119214,0.0004116,0.00080977,0.00030954,0.00072592,0.00184236,0.00029324,0.00023431,0.0005103,0.00010254,0.00113416,7.523e-05,0.00028366,0.00080259,0.00019502,0.00031864,8.577e-05,3.067e-05,9.535e-05,0.00055247,0.00013368,0.00032966,0.00069813,6.9e-05,0.00037087,3.067e-05,0.00044609,0.00108721,0.00012985,0.00039195,0.00039099,6.756e-05,0.00211356,0.00059176,0.00027887,0.00011452,0.00044466,0.00026881,0.00010637,0.0002482,0.00128126,9.583e-05,0.00025491,8.96e-05,3.785e-05,3.067e-05,0.00011931,3.35e-06,4.552e-05,5.414e-05,0.0001586,0.00019885,0.00075611,0.00035266,3.977e-05,0.00024006,0.00012218,0.00016387,7.379e-05,1.773e-05,9.2e-05,4.36e-05,0.00018783,7.331e-05,6.373e-05,0.00020891,9.391e-05,0.00010206,2.204e-05,0.0001816,1.437e-05,1.246e-05,5.414e-05,2.204e-05,0.00018879,2.779e-05,0.0002022,0.00018831,0.00059272,8.241e-05,4.169e-05,9.487e-05,0.00024006,3.833e-05,8.529e-05,0.00090848,3.162e-05,9.344e-05,2.108e-05,0.00021275,4.983e-05,7.523e-05,1.917e-05,0.00010254,0.00017298,1.677e-05,0.00057307,2.012e-05,1.15e-05,1.92e-06,0.19661859,1.102e-05
ilNotUddm1,0.2276117,0.00564286,0.03678763,0.00572435,0.00213663,0.00603931,0.02558341,0.00304842,0.00267018,0.01309396,0.00133701,0.0064722,0.00326366,0.00069799,0.01532071,0.00129578,0.00158341,0.00030249,0.00055321,7.287e-05,0.0008907,0.00025983,0.00025312,0.00253452,0.00039549,0.00010211,0.0006534,0.00064621,0.00040125,0.0029348,0.00092617,0.00013902,0.00017546,0.0008442,0.00072052,0.00017833,4.123e-05,0.00032454,0.00044199,0.0002373,0.00011218,8.869e-05,0.00015005,9.588e-05,3.404e-05,9.108e-05,0.00010211,4.362e-05,0.00070805,6.232e-05,0.00019175,0.00026894,0.00011457,6.759e-05,5.801e-05,0.0001093,2.349e-05,2.637e-05,0.00043337,6.232e-05,5.273e-05,9.444e-05,4.362e-05,8.437e-05,5.417e-05,0.00030249,0.00044679,0.00029914,0.0006371,0.00049904,3.02e-05,1.294e-05,0.00019511,8.341e-05,0.00016107,0.00036481,0.00036529,0.00010499,0.00027709,5.657e-05,0.00045638,0.00025983,2.253e-05,0.00030249,0.00016826,0.00015628,0.00021812,2.924e-05,0.00116107,0.00061409,5.75e-06,0.00013902,5.513e-05,0.00021045,9.11e-06,0.00057478,2.493e-05,4.65e-05,0.00029386,8.965e-05,0.00010834,4.986e-05,5.273e-05,2.637e-05,1.103e-05,0.0003931,0.00019128,6.328e-05,9.779e-05,0.00013998,0.00027421,7.67e-06,0.00127133,2.493e-05,5.561e-05,0.00020134,7.67e-06,9.6e-07,0.00048897,6.807e-05,1.92e-06
ilNotZicz1,0.00414831,0.00400095,0.06782403,0.00062375,0.00143109,0.00141059,0.00343062,0.00043395,0.00138388,0.00261326,0.0016743,0.00065093,0.00048975,0.00082117,0.00035479,0.00015594,0.00062041,0.0005484,0.00013209,3.958e-05,0.00038197,0.00012399,0.00013925,0.00027659,7.821e-05,2.718e-05,0.00031092,0.00011683,0.00010539,0.00011445,2.718e-05,5.675e-05,6.676e-05,2.814e-05,4.149e-05,4.864e-05,4.29e-06,6.819e-05,7.725e-05,4.721e-05,9.585e-05,1.335e-05,1.764e-05,6.009e-05,2.337e-05,2.432e-05,2.861e-05,2.718e-05,2.337e-05,2.957e-05,7.535e-05,8.918e-05,5.246e-05,7.058e-05,5.198e-05,4.196e-05,2.241e-05,2.194e-05,5.341e-05,8.488e-05,1.955e-05,8.345e-05,1.526e-05,2.909e-05,1.049e-05,8.11e-06,8.58e-06,6.867e-05,3.195e-05,3.386e-05,1.335e-05,0.56360515,1.383e-05,8.58e-06,3.481e-05,9.54e-06,7.296e-05,3.052e-05,4.77e-06,1.717e-05,4.387e-05,1.049e-05,1.097e-05,3.386e-05,1.335e-05,0.00012876,1.717e-05,6.68e-06,1.288e-05,1.478e-05,1.621e-05,4.29e-06,8.58e-06,3.433e-05,5.579e-05,2.861e-05,2.146e-05,2.38e-06,1.431e-05,5.293e-05,1.097e-05,1.478e-05,3.81e-06,4.29e-06,1.717e-05,1.431e-05,1.526e-05,3.81e-06,3.34e-06,1.335e-05,3.34e-06,1.91e-06,9.5e-07,8.58e-06,3.81e-06,1.526e-05,1.669e-05,5.72e-06,4.77e-06,1.192e-05,0.0
ilNycReva1,0.40548327,0.00485899,0.01312811,0.03433987,0.01118021,0.00240822,0.00324426,0.00870602,0.00085277,0.00206166,0.0027108,0.00156214,0.00172132,0.00033795,0.00130736,0.00071463,0.00086711,6.836e-05,0.00046558,0.00151386,0.00027342,0.00084321,0.00025526,0.00054637,0.00026864,0.00010229,0.00037906,0.00175382,3.537e-05,0.00165822,0.00010994,0.00014101,0.00013145,0.00106501,0.00017639,0.0002978,3.967e-05,0.00159082,0.0001305,0.00025191,0.00325956,0.00010134,9.704e-05,0.00028776,0.00087906,8.604e-05,2.581e-05,0.00018117,0.00010612,0.00023136,5.21e-05,0.00067925,5.306e-05,0.00010564,2.677e-05,7.122e-05,0.00320985,9.56e-06,8.222e-05,0.00020507,1.769e-05,0.00014914,0.00056358,0.00012285,3.346e-05,0.0001544,0.00017686,5.449e-05,5.593e-05,0.00029302,0.00014627,7.935e-05,6.358e-05,0.00011616,0.00016252,4.446e-05,4.924e-05,0.00016061,5.497e-05,0.00015392,5.88e-05,5.641e-05,7.839e-05,0.00012285,0.00023614,0.00025526,0.02649044,2.916e-05,0.00026912,0.00063337,0.00010564,3.442e-05,0.00040727,0.00016157,2.629e-05,0.00010229,0.00078203,3.107e-05,0.00017256,0.00010421,1.673e-05,3.537e-05,3.537e-05,3.82e-06,0.00022562,0.0004283,0.0001152,0.0060086,3.346e-05,1.099e-05,0.00025191,1.291e-05,6.836e-05,1.243e-05,1.482e-05,0.0001587,6.69e-06,2.87e-06,0.00020411,2.294e-05,2.87e-06
ilNymNiti1,0.3917428,0.01358109,0.00378215,0.00161372,0.03194674,0.0036382,0.00389155,0.0023071,0.00460461,0.00336516,0.00760365,0.0016166,0.00146401,0.00045441,0.00879271,0.00751152,0.00166459,8.877e-05,0.00129175,0.00058061,0.00016651,0.00102303,0.00010988,0.00383637,0.00052303,0.00034597,0.00028647,0.0009477,8.973e-05,0.0006358,8.925e-05,0.00026631,0.00068282,0.00028455,0.00640787,6.046e-05,0.00016411,0.0003095,0.00029463,0.00026727,0.00033541,6.574e-05,7.486e-05,0.00198321,0.00021065,0.00022121,0.00042322,0.00153935,6.334e-05,0.00695873,0.00015019,0.00026104,0.00014827,5.806e-05,6.334e-05,4.367e-05,2.399e-05,3.503e-05,0.00021833,0.00178935,0.00022937,7.198e-05,0.00051248,0.00014107,0.00014779,4.271e-05,0.00016747,0.0001881,5.182e-05,0.00023417,0.00028551,0.00021929,0.00146833,0.00014299,0.00011036,5.038e-05,0.00382054,5.662e-05,7.246e-05,0.00075,0.00016699,0.00014012,0.00029367,2.063e-05,0.00016939,0.00016507,0.00012764,0.0001286,0.00121497,0.00010797,2.495e-05,6.67e-05,0.0001142,0.00016651,0.00038868,0.00236132,8.301e-05,0.00014875,0.00024904,0.00353551,5.374e-05,0.00011132,2.831e-05,0.00010893,0.00029702,0.00026631,1.871e-05,8.493e-05,0.00024952,0.00011996,0.00024904,0.00017994,4.511e-05,0.00013292,3.743e-05,0.00966747,3.743e-05,1.152e-05,0.00012428,0.00024136,0.0
ilNymPoly1,0.00939368,0.00556753,0.01181609,0.0004114,0.00056705,0.00324617,0.00158573,0.00119971,0.0032931,0.01577011,0.00027538,0.00072126,0.00706897,0.00855125,0.0005431,0.00016236,0.00102874,0.00183621,0.00016619,0.00019684,0.0017955,0.0003501,0.00211159,0.00020881,0.01071312,1.916e-05,5.268e-05,0.00138266,0.00010345,0.0006887,3.784e-05,0.00037308,0.00024569,4.119e-05,0.00020738,2.395e-05,2.443e-05,0.00024761,6.226e-05,0.00022462,8.621e-05,5.556e-05,3.257e-05,3.448e-05,1.245e-05,8.046e-05,0.0003046,1.724e-05,0.00010393,3.975e-05,3.64e-05,2.059e-05,4.262e-05,2.299e-05,0.00029741,2.395e-05,6.7e-06,2.73e-05,2.107e-05,3.736e-05,1.82e-05,7.615e-05,6.561e-05,0.00029023,5.077e-05,1.724e-05,2.39e-06,8.142e-05,6.801e-05,0.00010249,1.293e-05,1.964e-05,3.688e-05,1.102e-05,2.395e-05,2.874e-05,6.7e-06,2.155e-05,1.92e-06,3.065e-05,0.00011734,4.215e-05,1.293e-05,2.778e-05,1.868e-05,0.00012308,4.741e-05,2.443e-05,1.58e-05,4.79e-06,2.443e-05,0.0001432,5.412e-05,2.203e-05,2.299e-05,5.029e-05,1.533e-05,0.00017385,1.485e-05,2.538e-05,7.519e-05,6.23e-06,5.508e-05,3.544e-05,1.341e-05,0.00015661,0.00012213,3.496e-05,1.868e-05,0.00036734,4.31e-05,2.395e-05,0.00014943,1.964e-05,4.598e-05,0.00011925,7.66e-06,3.35e-06,7.136e-05,3.544e-05,1.44e-06
ilOchPlec1,0.06083812,0.00465565,0.0539751,0.00266619,0.01056082,0.01004023,0.00199761,0.12851772,0.0276001,0.00195115,0.00159291,0.00078257,0.0019272,0.00118295,0.00097653,0.00045785,0.0032955,0.00013841,0.00044397,0.00031226,0.0004636,0.00145642,0.00019253,0.00244492,0.00134626,0.00016667,0.00015565,0.00088697,6.13e-05,0.00050431,6.513e-05,0.00045115,0.00018295,0.00044732,0.00034914,0.00037021,4.215e-05,0.00016427,7.232e-05,0.00014847,9.626e-05,0.03866954,9.387e-05,0.00723324,6.23e-06,0.00028017,0.00055508,9.866e-05,0.00098036,0.00011159,2.251e-05,0.00011351,0.00035632,0.0003817,8.477e-05,0.00013793,0.00031178,5.556e-05,0.00038841,0.0001183,4.31e-05,1.102e-05,0.00039895,0.00211925,0.00020402,0.0003113,1.58e-05,8.142e-05,0.00015613,0.00029215,2.011e-05,0.00021216,0.0001092,0.00026293,2.059e-05,7.18e-06,9.339e-05,0.00017385,2.969e-05,0.00019301,9.1e-06,8.669e-05,0.00037931,4.262e-05,0.00010393,9.866e-05,0.00013602,1.868e-05,6.082e-05,0.00040709,0.00016331,0.00012883,0.00065182,6.7e-06,2.969e-05,4.789e-05,5.172e-05,0.00023994,0.00012117,0.00025383,0.00012404,0.00101868,2.538e-05,1.054e-05,0.00065948,0.00059339,0.00045833,0.00045067,0.00012021,1.341e-05,0.00035967,2.059e-05,5.029e-05,0.00026054,0.00015038,5.75e-06,2.39e-06,1.293e-05,0.00010105,5.508e-05,5.316e-05
ilOchSylv3,0.0306283,0.00857218,0.00759041,0.00167722,0.08502734,0.00525755,0.07396019,0.00202302,0.00636499,0.00152854,0.00277602,0.00101247,0.00586427,0.00046043,0.00415683,0.00532278,0.00050983,0.00073477,0.00084988,0.00031319,0.01362014,0.00099472,0.00051319,0.00103693,0.00054341,0.00105851,0.00011511,0.00076067,0.00027242,0.00045324,8.633e-05,0.00099472,0.02514724,0.0002494,0.00015348,6.331e-05,3.36e-06,0.00015923,0.02298993,0.00055012,6.283e-05,0.00016643,0.00011894,0.00023118,5.803e-05,0.00026283,0.00021103,0.00019808,1.295e-05,0.00012614,4.221e-05,5.132e-05,0.00014772,0.00048106,0.00017746,0.00089448,1.247e-05,4.556e-05,0.00027386,0.00068058,0.00014484,1.487e-05,0.00027338,0.00063501,0.00012998,9.448e-05,1.918e-05,5.516e-05,1.679e-05,3.261e-05,0.00010935,2.926e-05,7.578e-05,0.0002753,3.885e-05,2.014e-05,8.729e-05,0.00012038,2.782e-05,0.00011847,0.00013381,6.091e-05,9.59e-06,2.974e-05,3.597e-05,4.412e-05,2.926e-05,2.59e-05,0.00023501,3.741e-05,0.00014101,0.00121103,0.00019616,8.873e-05,8.63e-06,0.0004048,8.249e-05,3.165e-05,0.00020767,8.489e-05,1.247e-05,4.7e-05,2.734e-05,0.00014628,2.398e-05,5.76e-06,2.158e-05,0.00017122,0.30173381,5.324e-05,0.00018945,9.257e-05,9.257e-05,0.00025036,2.782e-05,0.00026235,2.446e-05,1.391e-05,4.32e-06,0.00033621,8.63e-06
ilOliLatr1,0.16192724,0.01208904,0.01116132,0.00180278,0.00261369,0.00290713,0.0013595,0.02195117,0.00164146,0.00141312,0.00260747,0.00159646,0.00403112,0.00097367,0.00149785,0.00078506,0.00106606,0.00048492,0.00028865,0.00543801,0.01627717,0.00320728,0.00172427,0.00082958,0.00013308,0.00019866,0.00012063,0.00415462,0.00041695,0.0003102,5.84e-05,0.00025419,0.00013116,0.00029153,4.213e-05,0.00067401,7.659e-05,5.888e-05,0.00018765,0.00024749,0.0009258,0.00109718,0.00208425,0.0001843,4.548e-05,5.266e-05,5.074e-05,4.596e-05,9.813e-05,0.00039253,7.994e-05,0.00234753,0.0003954,0.00115653,5.122e-05,0.00071087,4.021e-05,0.00024509,0.00042365,0.0003145,0.00012973,7.133e-05,0.0003978,0.00050503,0.00011154,0.00102489,2.824e-05,8.09e-05,6.941e-05,0.00020728,0.00014792,4.308e-05,7.18e-05,0.00044806,6.606e-05,0.00277453,3.303e-05,0.00070369,3.734e-05,0.0001977,0.00015749,0.00012207,6.558e-05,0.00061944,8.808e-05,0.00069603,0.00063523,0.00018669,6.415e-05,0.00021541,0.00047391,7.18e-06,0.0001685,2.25e-05,0.00010675,0.00020919,0.00074102,0.00054619,0.00021206,0.00010819,4.452e-05,7.851e-05,0.00036955,0.00021781,0.00027717,0.0076381,6.941e-05,0.00141216,0.00023025,2.202e-05,0.00012829,1.867e-05,0.00016707,0.00013882,0.00017903,4.835e-05,6.989e-05,2.585e-05,6.845e-05,0.00031786,1.005e-05
ilOmpLuno1,0.09726018,0.02171346,0.03746718,0.00107714,0.00730331,0.00258888,0.00141591,0.00217968,0.00651653,0.00264878,0.10110685,0.00107092,0.00472736,0.0009425,0.02730762,0.00044082,0.00182559,0.00037805,0.00028845,0.00037566,0.00077815,0.00077815,0.00062386,0.00049976,0.0263426,0.00012266,0.00011021,0.00376617,9.008e-05,0.00086919,0.00021754,9.344e-05,0.00026018,0.00013368,0.00077719,1.92e-06,2.827e-05,0.00020891,0.00026833,7.523e-05,0.00011069,0.003862,0.00016914,4.552e-05,1.102e-05,0.00072305,3.69e-05,0.00138333,0.00052563,0.00022425,2.731e-05,9.631e-05,0.00022952,0.000885,5.702e-05,6.804e-05,0.00010302,4.696e-05,0.0004001,0.00135937,0.00016339,5.894e-05,0.0001471,0.00033158,0.00163536,3.498e-05,0.00015333,0.00031049,1.15e-05,0.00063392,3.737e-05,0.00014758,3.642e-05,0.00703546,9.439e-05,1.917e-05,0.00014662,0.00150072,0.00028318,8.433e-05,0.00695783,3.067e-05,0.0001011,2.923e-05,5.75e-05,0.00010541,4.073e-05,9.2e-05,0.00014902,0.00072401,0.00047916,8.96e-05,3.69e-05,0.00022664,6.996e-05,5.127e-05,5.223e-05,1.054e-05,0.00015573,0.000161,3.21e-05,2.683e-05,4.696e-05,3.83e-06,8.625e-05,3.977e-05,0.00010829,4.935e-05,0.01980977,1.581e-05,5.462e-05,2.012e-05,9.2e-05,0.00060422,1.869e-05,0.00015189,1.629e-05,0.00010014,7.667e-05,0.00018927,4.8e-07
ilOpeBrum1,0.39618543,0.01094777,0.00635745,0.00199904,0.00138237,0.00162338,0.00960613,0.01076282,0.00199617,0.00562482,0.05672401,0.00046334,0.00129851,0.0033656,0.02633158,0.00105798,0.00061715,0.00024868,0.00037039,0.00073934,0.00026497,0.00166459,0.00025156,0.00021466,0.00059943,0.00036703,0.00148299,0.00057547,0.00051126,0.00043891,0.00023095,0.00067944,0.00986057,0.00024102,0.00026114,6.948e-05,0.00089171,0.00011452,3.45e-05,0.00073646,0.00079396,0.00030906,8.241e-05,0.02150982,5.894e-05,0.00023143,0.00033733,3.498e-05,0.00015908,0.00010014,1.677e-05,3.067e-05,0.0008735,0.00043507,0.00021227,0.0001126,0.00012698,4.648e-05,0.00030858,2.54e-05,8.385e-05,4.312e-05,0.00043124,9.344e-05,0.00011404,0.00010925,2.492e-05,4.312e-05,5.27e-06,0.0002712,0.00018591,7.283e-05,0.00016435,0.00029085,0.000207,2.923e-05,0.00098083,0.00016866,8.625e-05,9.679e-05,0.00010446,7.139e-05,0.00022281,0.00016004,7.858e-05,0.00055055,0.00012218,2.492e-05,0.00048059,0.00011739,0.00017873,3.69e-05,0.0002022,0.00019023,1.198e-05,0.00012027,5.702e-05,5.798e-05,0.00074221,0.00063392,3.642e-05,0.00024677,0.00016195,0.00042741,9.344e-05,0.00019023,0.00013368,6.277e-05,0.00021945,3.21e-05,2.587e-05,6.852e-05,4.983e-05,9.535e-05,8.146e-05,5.51e-05,0.0,0.0,0.00043124,0.00023383,5.75e-06
ilOpiLute1,0.0402563,0.01300238,0.02400143,0.00550119,0.00509368,0.01559391,0.00151593,0.00268616,0.00293866,0.00270471,0.00270423,0.0009301,0.00466429,0.00477461,0.00069853,0.00025487,0.00114979,0.00042844,0.00092439,0.00350927,0.00047361,0.00042653,0.00278079,0.00092487,0.00041702,0.0001902,0.00020067,0.00087637,6.515e-05,0.00610033,0.00052544,0.00168093,0.00230766,0.00065858,4.755e-05,6.752e-05,9.843e-05,4.137e-05,6.705e-05,0.0013243,5.849e-05,0.00381931,0.00014551,0.01159867,5.421e-05,0.0039786,0.00138612,6.419e-05,8.94e-05,0.00021874,9.748e-05,0.00232477,0.01420495,0.00054398,7.798e-05,0.00010414,4.137e-05,2.663e-05,0.00031289,0.00013932,9.653e-05,6.99e-05,0.00092582,0.00051831,6.277e-05,0.00086733,6.277e-05,3.757e-05,7.13e-06,5.326e-05,0.00011079,0.00130147,5.278e-05,0.00024679,4.85e-05,0.00012268,0.00022397,0.00019686,5.278e-05,0.00017689,0.00011317,7.228e-05,5.04e-05,0.00014646,3.186e-05,0.00032287,4.042e-05,0.0006253,0.00064574,1.379e-05,0.00019544,2.615e-05,5.516e-05,9.368e-05,2.568e-05,0.00218925,6.61e-05,5.71e-06,0.0006971,4.375e-05,1.997e-05,6.229e-05,4.76e-06,0.00041132,0.00019496,0.00272183,0.00049215,3.424e-05,3.329e-05,0.00013505,6.657e-05,0.00052924,4.089e-05,3.424e-05,3.804e-05,0.00067951,1.046e-05,3.614e-05,2.806e-05,0.00025725,2.85e-06
ilOrgAnti1,0.41228065,0.02385105,0.01459579,0.00989368,0.18544492,0.00329933,0.00262069,0.0031705,0.00590086,0.0042433,0.00199234,0.00332615,0.00487117,0.00158956,0.00238697,0.00535536,0.00430364,0.00020402,0.01020785,0.00024425,0.00051676,0.00065565,0.00056609,0.01608046,0.00238985,0.00038075,0.00052155,0.00145259,0.00090996,0.00032567,4.31e-05,0.00031849,0.00017625,0.00088506,0.00021456,0.00013027,2.826e-05,0.00011351,0.00037356,0.000216,0.00020642,0.00031466,0.0005613,0.00016523,4.262e-05,0.00037452,0.00015278,0.00025862,0.00011015,0.00011973,0.00011063,0.00049042,6.944e-05,0.00036207,0.00014033,3.113e-05,2.682e-05,6.801e-05,0.00022222,8.956e-05,0.00047222,7.567e-05,0.00044588,0.00013314,0.00015757,6.705e-05,3.448e-05,0.00044732,7.95e-05,0.00227395,7.136e-05,4.262e-05,7.902e-05,8.525e-05,5.22e-05,3.736e-05,0.00021887,0.00025431,4.215e-05,0.00021025,5.747e-05,0.00019061,0.00023994,4.837e-05,0.0001772,7.854e-05,0.00094157,0.00064416,0.00016667,0.00011973,0.00020738,0.00013314,5.268e-05,0.00010201,0.0003022,4.023e-05,0.00011734,0.00019397,0.00012692,0.00027059,0.00013793,1.533e-05,3.592e-05,8.477e-05,1.389e-05,0.0002864,6.37e-05,6.13e-05,0.00012739,7.807e-05,9.866e-05,2.059e-05,0.00010536,5.22e-05,1.92e-06,5.556e-05,4.502e-05,6.37e-05,2.778e-05,1.054e-05,4.933e-05
ilOrgAnti2,0.13214341,0.03549638,0.03981072,0.01798358,0.01801545,0.03509705,0.00168662,0.01074312,0.00401111,0.00236311,0.09033414,0.00052294,0.00823274,0.00043361,0.00143023,0.00068807,0.04142154,0.00106036,0.00114389,0.00017817,0.00233462,0.00119942,0.00089281,0.00014727,0.00713279,0.00055625,0.0004901,0.00261709,0.00164462,0.00063834,0.0028001,0.00030565,0.00013568,0.00038532,0.00061806,0.00014679,4.8e-07,9.802e-05,0.00361275,9.85e-05,0.00038242,0.00041767,0.00178706,0.00014775,1.93e-06,0.00036601,0.00017335,0.00095606,8.45e-05,0.00011057,2.897e-05,0.00013327,0.0003858,0.00119701,0.00015693,0.00029599,0.00016176,0.00119604,0.01405939,0.00016707,0.00020859,8.885e-05,0.00011299,8.547e-05,5.215e-05,0.00024626,7.001e-05,0.00172815,0.00012651,0.00133414,0.00019845,7.243e-05,3.573e-05,0.00010913,3.718e-05,0.00012265,0.00047658,0.00014293,6.953e-05,0.00015451,0.00030951,0.0009802,0.00204394,0.00036746,0.0002564,0.00011685,5.601e-05,0.00220715,0.00011637,0.00016755,5.601e-05,0.00010237,2.125e-05,4.732e-05,0.00044278,0.00111106,4.008e-05,0.00211347,3.67e-05,0.00046596,8.402e-05,0.00021342,3.042e-05,1.642e-05,4.973e-05,9.271e-05,9.802e-05,9.126e-05,6.422e-05,0.00012554,0.00032738,4.877e-05,2.801e-05,0.00020521,3.38e-06,8.69e-06,5.505e-05,1.497e-05,5.408e-05,7.24e-06,1.45e-06
ilOrtGrac1,0.08410244,0.01583102,0.02020153,0.02126281,0.02570369,0.00226663,0.00200574,0.03245285,0.00397463,0.00121589,0.00253423,0.00137099,0.00434753,0.00022068,0.00761225,0.00242843,0.00431929,0.00020105,0.00737482,0.00018238,0.00527812,0.01707659,6.032e-05,0.00043274,0.00049114,0.00079751,0.00034753,0.00767544,5.744e-05,0.00064768,5.218e-05,0.00015079,0.00012159,0.00149641,8.569e-05,0.00031929,0.00025036,0.00035615,0.00067831,6.175e-05,7.516e-05,0.00051316,7.228e-05,3.925e-05,7.611e-05,0.00027764,0.00094734,0.0007573,0.00038344,0.00026424,0.00015318,0.00012255,6.319e-05,0.00086261,5.27e-06,0.00025898,0.00052561,0.00018813,0.00024126,0.00058832,0.0001709,8.569e-05,0.00012829,7.516e-05,0.00034562,0.00045237,5.649e-05,0.0002652,2.87e-06,0.00795835,2.25e-05,4.931e-05,3.303e-05,0.00023791,0.00028004,0.00014792,0.00013451,1.819e-05,0.00279177,3.016e-05,0.00015797,0.00012829,0.00012829,2.633e-05,1.963e-05,1.771e-05,5.601e-05,5.744e-05,0.00073672,8.234e-05,0.00012111,0.0002044,2.346e-05,0.00030924,0.00010005,1.915e-05,8.569e-05,1.58e-05,0.00017137,9.622e-05,4.739e-05,3.016e-05,6.654e-05,4.31e-06,4.26e-05,2.633e-05,0.00028243,9.239e-05,2.106e-05,7.659e-05,4.31e-06,3.877e-05,0.00035807,0.00013547,1.292e-05,4.021e-05,7.037e-05,0.0,3.782e-05,0.00019531,4.31e-06
ilOrtInce1,0.51857819,0.01793926,0.02639885,0.00218699,0.01692874,0.00414921,0.00238642,0.01754519,0.03189048,0.01244189,0.00124151,0.00087709,0.00178479,0.00018364,0.00130846,0.00038451,0.00099665,0.00013582,0.00056098,0.00024342,0.00033381,0.00046294,8.321e-05,0.0004395,0.00153659,8.847e-05,0.00024582,0.00038403,4.017e-05,0.00047967,0.001011,0.0003056,0.00191153,0.00039407,0.00021043,0.00037016,0.00099809,0.00022573,0.00021234,0.00026495,0.00029603,0.00021569,7.652e-05,0.00051028,4.83e-05,0.00015638,0.00024247,0.00011669,0.00166714,0.00011382,4.304e-05,0.00019034,0.00118077,0.00025299,3.443e-05,0.00106934,7.7e-05,9.995e-05,4.687e-05,0.00011382,0.00015543,0.00025777,0.00032759,0.00037351,4.878e-05,0.00016595,4.065e-05,0.00027929,2.439e-05,0.00044094,2.2e-05,1.291e-05,0.00016643,6.6e-05,5.261e-05,0.00010713,0.00012626,0.00013678,0.00026973,3.443e-05,1.004e-05,8.61e-06,1.578e-05,0.00013821,0.00030225,0.00022143,7.17e-06,3.635e-05,7.843e-05,5.261e-05,0.0001473,3.109e-05,5.308e-05,3.109e-05,2.439e-05,8.991e-05,8.61e-06,1.817e-05,5.595e-05,0.00011191,3.922e-05,1.722e-05,2.678e-05,6.313e-05,9.9e-05,9.613e-05,0.00013917,3.778e-05,0.00010713,4.209e-05,0.00011334,0.0001473,5.356e-05,0.0001033,7.652e-05,5.882e-05,2.009e-05,2.87e-06,0.00158106,1.722e-05,3.83e-06
ilPamAuri1,0.74948585,0.00585468,0.00571655,0.00142158,0.00098897,0.00168537,0.00126523,0.00143837,0.00173717,0.00206523,0.00173189,0.00081679,0.00310983,0.00078801,0.00221679,0.00071607,0.00074484,0.00015683,0.00056787,0.00024269,0.00071559,0.00034436,0.00026667,0.00026331,0.00054964,0.00010743,0.00022542,0.00033429,0.00016643,0.00022062,0.00013381,0.00079808,8.153e-05,7.722e-05,8.873e-05,0.0001271,0.00016499,5.468e-05,0.00024077,0.00047002,0.00015108,0.00078945,4.988e-05,0.00017362,2.542e-05,6.187e-05,0.00021487,0.00027146,5.755e-05,0.00012518,6.187e-05,0.00036019,7.962e-05,4.844e-05,0.00014005,3.453e-05,8.489e-05,9.688e-05,8.441e-05,0.00017506,0.00011847,0.00018321,0.00011655,3.837e-05,0.0002259,0.00018321,0.00016595,0.00015444,6.187e-05,0.00013909,0.00019376,0.00011703,9.448e-05,0.00025612,0.00031559,0.00046139,7.098e-05,0.00011415,3.405e-05,0.00021151,0.00028489,0.00012998,6.331e-05,0.0002235,0.0002988,0.00018417,0.00013285,3.36e-06,0.00012854,3.213e-05,9.976e-05,3.885e-05,2.542e-05,0.00032134,2.686e-05,0.00086427,2.734e-05,4.94e-05,9.257e-05,0.00012374,8.873e-05,1.679e-05,0.00039329,6.139e-05,0.00013717,1.679e-05,1.247e-05,0.00011703,4.8e-07,0.00015683,2.014e-05,0.00027866,4.892e-05,8.01e-05,0.00012518,0.00011703,2.398e-05,0.0,5.228e-05,4.604e-05,8.15e-06
ilPamFasc1,0.0231696,0.0066565,0.00320534,0.00418771,0.00256408,0.00149071,0.00203287,0.00078275,0.00578323,0.00085993,0.00258028,0.00069271,0.01363316,0.02307813,0.00053263,0.00036922,0.00378895,0.00036827,0.0022101,0.00065698,0.01260457,0.00098904,0.00019438,0.00072701,0.00014817,0.00010529,0.00036494,0.00370796,6.527e-05,0.00050834,9.147e-05,9.624e-05,0.00056265,0.00093092,9.004e-05,2.239e-05,3.192e-05,7.623e-05,0.00018723,7.718e-05,4.859e-05,0.0002363,0.00013768,0.00013101,2.62e-05,0.00019676,0.00010434,0.00010862,2.239e-05,0.0005798,3.383e-05,0.00013483,5.05e-05,6.241e-05,0.00022487,2.668e-05,2.573e-05,0.00015436,0.00013197,4.335e-05,6.384e-05,0.00011101,0.00066984,9.338e-05,0.00012292,5.193e-05,3.144e-05,5.05e-05,1.81e-05,0.00018628,3.24e-05,0.00045498,3.144e-05,0.00011815,0.00026251,1.763e-05,9.767e-05,7.384e-05,4.574e-05,1.62e-05,3.144e-05,5.002e-05,2.906e-05,0.00046689,0.00010291,0.00063983,0.00035398,5.098e-05,1.953e-05,4.907e-05,4.859e-05,7.956e-05,2.954e-05,0.00013626,4.574e-05,0.00033873,4.955e-05,1.477e-05,5.241e-05,2.906e-05,7.146e-05,2.859e-05,1.525e-05,1.239e-05,9.195e-05,0.00012387,1.143e-05,1.429e-05,4.145e-05,0.0002282,2.62e-05,1.715e-05,0.00021058,1.953e-05,3.478e-05,0.00015484,8.528e-05,1.096e-05,2.096e-05,4.526e-05,4.8e-07
ilPanCinn1,0.02095746,0.00704876,0.00487906,0.00080163,0.00428155,0.00311616,0.00173948,0.00460707,0.00574426,0.0212414,0.10597323,0.00230067,0.00228059,0.00099857,0.00076243,0.00089579,0.00207648,0.00094168,0.00023948,0.00042447,0.00842256,0.00197801,0.00019455,0.00051577,0.00885851,0.00022658,8.556e-05,0.00082792,3.107e-05,0.0002586,0.00429254,0.00041826,5.019e-05,0.00014245,0.00013576,1.195e-05,0.00010086,0.00074713,0.00016922,9.656e-05,0.00054207,0.00010038,7.792e-05,0.00015679,1.147e-05,0.0001238,8.078e-05,3.011e-05,0.00623088,7.218e-05,0.00019694,1.912e-05,7.218e-05,0.00010325,1.625e-05,0.00011185,0.00035612,1.434e-05,8.652e-05,4.685e-05,0.00015774,0.00024092,5.545e-05,0.00018451,3.585e-05,0.00075717,2.247e-05,0.00015344,0.00090583,6.979e-05,1.147e-05,5.306e-05,4.589e-05,0.00017447,4.302e-05,1.147e-05,7.122e-05,2.055e-05,4.78e-06,0.00123518,2.629e-05,3.394e-05,0.00013241,0.01730449,6.597e-05,0.00018451,7.65e-06,0.00015057,6.071e-05,5.306e-05,5.784e-05,5.74e-06,5.115e-05,1.195e-05,0.00037141,2.533e-05,0.00030497,1.91e-06,0.00015822,3.011e-05,7.218e-05,5.163e-05,0.00018212,2.103e-05,3.155e-05,6.692e-05,0.00026052,1.386e-05,5.927e-05,7.17e-06,4.78e-06,5.354e-05,1.96e-05,2.677e-05,3.25e-05,3.203e-05,1.052e-05,1.53e-05,8.6e-06,4.8e-07,6.69e-06
ilPapMach1,0.00839105,0.00513228,0.07842424,0.00364165,0.00868302,0.00080568,0.00591101,0.02049687,0.00577922,0.00194709,0.00076431,0.00113564,0.00072439,0.00025541,0.00103511,0.00239731,0.00197354,0.00030736,0.00059259,0.0002482,0.00030928,0.00046609,0.00018903,0.00071958,0.00190236,0.00035786,0.00011352,0.00027658,0.00013564,7.552e-05,2.79e-05,0.00020346,0.00023184,0.00028187,9.091e-05,4.185e-05,8.61e-05,8.129e-05,0.00010919,7.744e-05,0.01600289,3.896e-05,0.0001823,4.425e-05,1.203e-05,0.0001063,0.00011785,0.00045358,2.646e-05,0.00010678,4.858e-05,7.071e-05,3.415e-05,0.00016114,1.828e-05,1.876e-05,0.00049639,1.154e-05,0.00012506,0.00026407,2.646e-05,4.04e-05,0.0001241,4.377e-05,4.04e-05,2.597e-05,2.41e-06,0.00019673,4.281e-05,6.542e-05,0.00011111,1.106e-05,7.504e-05,1.491e-05,8.129e-05,6.109e-05,8.466e-05,6.734e-05,8.033e-05,0.00020779,3.704e-05,0.00074315,5.483e-05,4.425e-05,1.395e-05,9.283e-05,2.453e-05,1.635e-05,7.023e-05,3.896e-05,9.6e-07,1.347e-05,0.00428427,5.29e-06,0.00020154,0.00014238,2.453e-05,0.00039394,7.552e-05,0.23758778,2.646e-05,4.81e-06,1.203e-05,0.00011448,2.453e-05,8.369e-05,1.395e-05,5.435e-05,3.944e-05,2.838e-05,4.137e-05,1.972e-05,3.175e-05,2.068e-05,2.068e-05,2.213e-05,6.397e-05,1.106e-05,1.587e-05,2.501e-05,5.29e-06
ilParAegt1,0.14301148,0.02114682,0.04468819,0.00580344,0.02520564,0.00378144,0.00232903,0.00151363,0.00324151,0.00661645,0.00090626,0.00041081,0.00336585,0.00111382,0.00434768,0.00196078,0.00141033,0.00019751,0.02263367,0.00405882,0.00020612,0.00031707,0.00063654,0.00137637,0.00317073,0.0002066,0.00019895,0.00255093,0.00013773,0.00090674,0.00017264,0.00042802,0.00058919,0.00203061,0.00048302,0.0003362,3.539e-05,0.00057198,0.00012434,0.0001889,5.452e-05,0.0002922,1.817e-05,8.656e-05,6.313e-05,0.00115591,0.00070014,0.00021664,3.396e-05,0.00073649,2.535e-05,0.00433812,0.00038116,0.00057054,0.00048589,0.00014778,0.00022429,2.582e-05,0.00064228,0.00099761,4.113e-05,0.0005911,0.00162315,2.869e-05,0.00020803,5.643e-05,0.00011095,0.00016356,8.226e-05,5.117e-05,0.00018843,0.00051985,7.939e-05,0.00025203,4.352e-05,0.00011191,0.00011956,0.00293352,1.483e-05,0.00021569,6.791e-05,0.00015973,3.682e-05,2.965e-05,6.791e-05,5.787e-05,0.00255476,5.404e-05,0.00015017,6.074e-05,0.0002109,0.00033859,1.817e-05,7.317e-05,2.439e-05,0.00089622,4.113e-05,3.348e-05,0.00048015,5.691e-05,3.013e-05,2.965e-05,4.639e-05,2.009e-05,0.00051602,7.174e-05,0.00015543,0.00013247,0.00011573,0.00022095,6.6e-05,2.582e-05,0.00011334,0.0001846,3.682e-05,5.165e-05,0.00015925,6.791e-05,1.578e-05,8.752e-05,1.769e-05
ilParStra1,0.07770286,0.00430667,0.00272524,0.0171281,0.01228571,0.00880238,0.00354381,0.00489714,0.01221952,0.00178714,0.00034857,0.00158143,0.00545857,0.00113333,0.00202571,0.00068381,0.00177238,0.00013286,0.00048095,0.0002981,0.00035095,0.0081,0.00024048,0.00059143,0.00041667,0.0001281,0.00012,0.0146519,5.381e-05,0.00542381,0.0001519,0.00022238,0.00125381,0.00050524,0.00024524,2.952e-05,7.143e-05,0.00023429,8.571e-05,0.00012238,0.01434952,4.524e-05,0.00053,8.714e-05,3.905e-05,5.429e-05,3.333e-05,0.00014286,2.143e-05,6.143e-05,5.952e-05,0.00018429,0.00045905,0.00036714,0.00011,4.81e-05,0.0009181,2.476e-05,9.095e-05,1.905e-05,0.00013,0.00022381,0.00016857,3.333e-05,0.00082524,0.00052429,0.0002119,5.333e-05,3.905e-05,6.524e-05,1.476e-05,1.238e-05,7.619e-05,0.00017905,1.9e-06,0.00011571,8.714e-05,4.095e-05,5e-05,0.00021714,6.81e-05,5.81e-05,3.238e-05,0.00025571,0.00055286,0.01259905,0.00014619,2.86e-06,5.095e-05,7.952e-05,0.00012857,5.71e-06,0.00018762,4.19e-05,1.571e-05,2.714e-05,7.667e-05,6.81e-05,0.00029333,0.00024952,5.048e-05,2.762e-05,1.143e-05,3.286e-05,5.952e-05,0.00019762,0.00028619,6.619e-05,0.0001319,5.476e-05,4.952e-05,0.00037286,5.762e-05,1.952e-05,4.667e-05,4.29e-06,1.9e-06,2.905e-05,4.619e-05,9.333e-05,1.667e-05
ilPerRhom1,0.47743103,0.00358573,0.0078841,0.00078209,0.00563649,0.00537261,0.00157232,0.00167433,0.00515805,0.00108477,0.01040709,0.00072126,0.00647222,0.0044545,0.01610872,0.0008204,0.0003386,0.00066427,0.00047318,0.00804454,0.0014569,0.00028831,0.0006068,0.00048755,0.00068247,0.00028688,0.00108525,0.0004636,8.525e-05,0.00137979,9.914e-05,0.00077347,0.0021954,9.243e-05,6.801e-05,6.466e-05,0.00055987,3.831e-05,0.00085584,0.00041475,0.00012213,0.00104502,0.00037356,0.00027826,7.18e-06,0.00010441,0.00029741,3.927e-05,0.00049569,4.406e-05,1.724e-05,0.00013745,0.00040278,0.00063841,4.741e-05,0.00106801,7.519e-05,0.00043678,0.00018247,0.00032711,3.927e-05,0.00023036,0.00010249,0.00037213,0.00010057,0.00033669,0.00016906,0.00025527,7.854e-05,9.004e-05,0.00067481,0.00045977,0.00013697,0.00069253,4.789e-05,0.00013985,0.00017529,7.136e-05,0.0002955,0.00019828,0.00439751,5.412e-05,3.879e-05,0.00023707,0.00015086,5.556e-05,4.215e-05,6.23e-06,0.00010057,0.00015086,0.00028305,6.513e-05,0.00015852,8.812e-05,7.136e-05,0.00053736,7.471e-05,1.676e-05,0.00103209,0.00067385,8.812e-05,0.00068343,5.22e-05,9.579e-05,4.693e-05,0.0002069,6.23e-06,4.502e-05,0.00109483,8.62e-06,5.795e-05,3.592e-05,0.00015326,6.609e-05,8.908e-05,8.19e-05,2.778e-05,7.28e-05,6.322e-05,0.00274282,1.44e-06
ilPhaBuce1,0.29739216,0.01055045,0.00918125,0.00262602,0.01234625,0.02737494,0.00127499,0.00799617,0.01561549,0.00183835,0.00164849,0.00217791,0.00147681,0.00091679,0.0016944,0.0023472,0.0008417,0.00010713,0.0013099,0.00255476,0.00023338,0.00296748,0.00031516,0.0026638,0.00192109,0.00038785,0.00021043,0.00109278,7.604e-05,0.00024008,0.00025729,0.00091057,0.00023816,0.00121569,0.00016547,0.00102774,0.00019464,0.00017647,5.691e-05,0.00040698,0.00017934,6.695e-05,0.00021808,0.00025777,2.487e-05,0.00010808,0.00041846,0.00068245,6.456e-05,0.02681731,7.317e-05,0.00025347,0.00016308,0.00022477,4.878e-05,0.00043902,0.00011765,8.61e-06,0.00023051,8.178e-05,0.00028264,0.0002176,0.00018843,3.396e-05,0.00017982,0.00018125,7.939e-05,8.369e-05,0.00080105,0.00010617,0.00181683,2.439e-05,0.00033716,0.00477714,0.00010473,0.00060641,0.00015495,0.00011239,0.00014299,0.00110665,4.639e-05,9.326e-05,8.895e-05,0.00072214,3.396e-05,0.00018508,4.065e-05,2.009e-05,0.0127561,5.835e-05,7.508e-05,0.00044811,0.00010856,0.00094357,1.291e-05,0.00043998,0.00080153,1.052e-05,5.643e-05,0.00023434,3.778e-05,8.943e-05,2.343e-05,7.269e-05,0.00032425,3.682e-05,0.00021616,0.00028121,0.00018125,0.00012052,4.352e-05,4.161e-05,5.93e-05,2.009e-05,4.591e-05,4.687e-05,3.83e-06,2.248e-05,5.022e-05,0.00026973,0.00014395
ilPheGnom1,0.20586884,0.00319244,0.00656965,0.00333365,0.18412685,0.00707037,0.02178363,0.00471661,0.02693346,0.00077453,0.00091527,0.00061896,0.00338296,0.00021637,0.00230828,0.10360986,0.00068119,0.00010101,0.00138966,0.0002944,0.00044327,0.00119914,0.00013691,0.0010651,0.00036381,0.00035232,0.00019866,0.00049545,1.963e-05,0.0025438,0.00019244,0.0002044,0.00100383,0.00010005,0.00019722,6.367e-05,0.00046721,7.372e-05,0.00029009,0.00034993,0.00209574,0.00028147,5.218e-05,0.00012446,3.83e-05,6.223e-05,0.00013834,0.00010579,5.888e-05,0.00049354,3.399e-05,0.00014505,0.00012925,4.069e-05,0.00013499,5.697e-05,0.00024461,1.34e-05,0.00016371,0.0001843,0.00018382,0.00013068,0.00019483,0.00045524,0.00015223,6.319e-05,0.00161417,7.42e-05,8.042e-05,0.00016324,0.0001192,3.399e-05,0.00029488,0.00044758,6.941e-05,2.106e-05,0.00024892,0.00022451,1.292e-05,0.0006405,0.00019148,3.782e-05,2.681e-05,8.138e-05,0.00058497,0.00030445,5.122e-05,1.867e-05,0.0002336,5.697e-05,8.186e-05,9.67e-05,0.0003978,0.00022882,3.399e-05,0.00028387,7.468e-05,4.787e-05,0.00029584,0.02133892,0.00035136,8.138e-05,0.00013739,5.074e-05,0.0007147,0.00011154,8.234e-05,0.00011537,7.085e-05,0.00015989,0.00023887,9.287e-05,3.877e-05,0.00065151,1.149e-05,0.00015893,1.91e-06,1.484e-05,9.191e-05,9.191e-05,4.978e-05
ilPheTrem1,0.0762966,0.02914087,0.00390848,0.07668711,0.1011677,0.00155486,0.02132535,0.0016828,0.0007978,0.00333062,0.00147149,0.0007748,0.00985242,0.00027264,0.00794729,0.00156061,0.00174173,8.96e-05,0.01879492,0.00034308,0.00074892,0.00072976,0.00013608,0.00052995,0.00034739,0.00157738,0.00034068,0.0036459,4.408e-05,0.00155534,0.00041543,0.00122089,0.00067322,0.00132247,2.875e-05,0.00032918,8.433e-05,0.00038716,0.0021265,0.00025731,0.00315046,8.481e-05,0.00025635,0.00860901,1.437e-05,0.00055055,0.0002276,0.00300767,7.667e-05,0.00079684,4.217e-05,0.00355774,0.00053713,0.00013608,0.00019693,7.667e-05,0.00014518,2.54e-05,0.00013416,0.00278294,0.00151366,0.00019262,0.00056876,0.01981792,0.00017825,0.00042693,2.204e-05,0.00028079,0.00011644,0.00170244,0.00043747,1.965e-05,0.00023047,0.00058026,0.00020412,0.00013033,0.00024293,0.00030618,7.139e-05,0.00012793,0.00031001,7.19e-06,0.00033206,0.00010589,7.858e-05,0.00115956,4.839e-05,1.677e-05,0.00028222,3.402e-05,0.00041495,5.702e-05,0.00012218,0.00406804,3.45e-05,0.00050839,0.00021083,3.35e-06,0.00058505,0.00163057,0.000115,0.00342214,0.00014087,0.00013896,0.0002736,4.36e-05,0.00028893,0.00028797,0.00021227,0.0002391,0.00017873,0.0003057,8.721e-05,0.00019789,7.427e-05,0.00013512,3.737e-05,2.87e-06,0.00022233,0.00015093,0.00021035
ilPhiVetu1,0.46187482,0.01603981,0.00231415,0.02353381,0.00181583,0.00586043,0.02458705,0.00307818,0.00123453,0.00886906,0.00054388,0.00048393,0.00137746,0.00308393,0.00281823,0.00446763,0.00039233,0.00027626,0.00124652,0.00030647,0.00213813,0.00044221,0.00036163,0.00029017,0.00384412,0.02287722,0.00014245,0.00052902,5.228e-05,0.00041103,0.00021727,8.106e-05,0.00028153,0.00047626,9.832e-05,8.153e-05,3.36e-06,0.00015012,0.00033189,8.058e-05,0.00013813,8.01e-05,0.00018273,0.00042974,5.084e-05,0.00035923,0.00024604,0.00014916,0.00012806,0.00068585,4.317e-05,7.194e-05,0.00013189,8.201e-05,0.00018705,2.206e-05,0.000247,4.125e-05,0.00018465,0.0001554,0.00012998,9.784e-05,0.00021871,0.00034053,7.434e-05,0.00011463,8.969e-05,4.077e-05,0.00010504,7.626e-05,0.00023981,0.00030264,0.00051751,0.00084029,6.331e-05,3.213e-05,4.652e-05,8.345e-05,0.00020767,6.571e-05,0.00054005,6.571e-05,0.00021439,6.571e-05,1.871e-05,3.453e-05,2.974e-05,4.8e-06,0.00093094,0.00023118,2.59e-05,7.482e-05,0.00048777,0.00010743,2.158e-05,0.000247,0.00014245,5.084e-05,0.000306,8.345e-05,0.00025707,0.02230839,2.88e-06,8.441e-05,0.00031799,5.995e-05,0.00023645,0.0009199,0.00175108,0.00019856,4.844e-05,3.837e-05,5.947e-05,0.00032566,2.446e-05,0.00014772,2.4e-06,1.918e-05,7.002e-05,0.00012086,9.59e-06
ilPhlMeti2,0.01045485,0.0065365,0.00899808,0.00096638,0.00900865,0.00109078,0.0021806,0.00098463,0.00387368,0.00154707,0.00220173,0.00549039,0.002317,0.00077954,0.00064265,0.00035927,0.00399183,0.00354851,0.00018876,0.00029347,0.00057397,0.00040778,0.00070749,0.00072382,0.00036215,0.0001172,0.00013016,0.00010951,6.772e-05,0.0001854,0.00027954,0.0001633,0.00026657,3.506e-05,3.842e-05,3.362e-05,1.777e-05,0.00012536,0.00015226,6.964e-05,4.947e-05,0.00065082,0.00013353,0.00038329,2.834e-05,0.00033525,0.00011047,0.00016186,4.323e-05,4.131e-05,9.03e-05,2.882e-05,6.34e-05,1.489e-05,9.942e-05,2.978e-05,3.17e-05,0.00010999,0.00020941,0.00010663,4.995e-05,2.978e-05,0.00020365,2.93e-05,2.402e-05,2.786e-05,1.825e-05,3.458e-05,1.249e-05,3.218e-05,1.489e-05,4.515e-05,8.405e-05,5.62e-05,1.969e-05,1.585e-05,0.00022767,4.8e-06,1.393e-05,2.45e-05,0.00017147,2.738e-05,0.42177618,4.755e-05,5.139e-05,2.305e-05,3.89e-05,3.36e-06,0.00011816,3.026e-05,3.122e-05,1.537e-05,2.161e-05,0.00034918,0.0033708,0.00013737,1.825e-05,6.244e-05,0.0001537,5.043e-05,3.314e-05,0.00114986,1.873e-05,2.209e-05,6.628e-05,1.153e-05,1.777e-05,1.537e-05,6.772e-05,3.458e-05,9.61e-06,2.4e-06,3.122e-05,4.851e-05,3.026e-05,7.445e-05,1.345e-05,6.72e-06,2.4e-06,4.323e-05,1.44e-06
ilPhrFuli1,0.14615127,0.00611441,0.01786549,0.00794208,0.00289325,0.01138344,0.00156869,0.0411843,0.00176304,0.05159837,0.00080948,0.00226807,0.00310531,0.00104213,0.00066491,0.00084299,0.00860124,0.00077549,0.00047726,0.00114935,0.00072618,0.00142365,0.00039588,0.00043035,0.0050426,0.00029679,9e-05,0.04407276,0.00209718,0.00068789,3.207e-05,0.00181714,0.00035519,0.00030254,0.00034993,9.43e-05,3.447e-05,0.00017329,0.00038439,0.01111824,0.03386836,0.00658162,7.611e-05,0.00035136,2.585e-05,0.00033605,0.00032169,8.904e-05,0.00465247,3.159e-05,0.00019579,0.00039349,0.00039923,0.00028243,6.079e-05,0.00019962,0.00012925,0.00073767,0.00060747,4.213e-05,3.447e-05,4.978e-05,0.00016898,0.00011537,0.00016563,0.00080134,7.276e-05,0.00024988,7.659e-05,0.00017712,0.00150215,7.66e-06,8.617e-05,3.255e-05,5.553e-05,5.266e-05,2.968e-05,7.707e-05,3.112e-05,0.01258401,3.925e-05,9.143e-05,1.771e-05,0.00729727,5.361e-05,0.00010723,7.946e-05,3.064e-05,0.00034658,0.0003528,5.026e-05,8.042e-05,5.601e-05,1.867e-05,3.686e-05,2.824e-05,0.00206654,7.899e-05,0.02104548,0.00954667,0.000146,1.532e-05,0.00232695,0.00017664,9.57e-06,2.681e-05,8.186e-05,0.00012063,2.25e-05,7.611e-05,0.00214313,0.00085735,0.00014313,2.872e-05,4.835e-05,3.973e-05,3.016e-05,1.771e-05,0.00039876,0.00021924,2.87e-06
ilPieBrab1,0.00426715,0.00160719,0.00331511,0.0009506,0.01074724,0.0367693,0.00058129,0.00047386,0.08773717,0.00037506,0.00184556,0.00040815,0.00041535,0.00011894,0.00017554,0.00025612,0.00017794,0.00042782,0.00069832,0.00022734,8.058e-05,0.00019281,0.00070072,0.00054676,0.00193094,3.645e-05,5.564e-05,8.441e-05,4.269e-05,0.00246043,2.926e-05,6.523e-05,0.00014868,8.201e-05,3.07e-05,1.199e-05,7.146e-05,3.885e-05,1.679e-05,0.00011223,0.37616787,3.261e-05,6.379e-05,2.542e-05,2.83e-05,7.05e-05,1.871e-05,6.283e-05,4.029e-05,1.918e-05,2.206e-05,1.966e-05,4.46e-05,5.276e-05,0.00010216,2.014e-05,0.00025084,4.8e-07,4.892e-05,3.549e-05,4.269e-05,4.125e-05,9.592e-05,2.83e-05,7.242e-05,3.261e-05,6.24e-06,4.32e-06,8.15e-06,1.583e-05,4.32e-06,1.295e-05,2.878e-05,6.24e-06,2.158e-05,3.84e-06,2.254e-05,3.453e-05,7.67e-06,0.00016882,2.062e-05,1.439e-05,2.542e-05,3.645e-05,5.084e-05,3.309e-05,5.28e-06,1.44e-06,7.19e-06,1.247e-05,1.727e-05,5.42e-05,4.8e-06,7.338e-05,2.88e-06,9.11e-06,8.63e-06,5.995e-05,3.261e-05,0.00040576,8.058e-05,2.11e-05,3.84e-06,1.871e-05,5.28e-06,1.055e-05,2.014e-05,1.247e-05,2.494e-05,6.24e-06,1.487e-05,3.84e-06,3.36e-06,4.8e-06,7.67e-06,1.44e-06,9.6e-07,3.36e-06,0.0,1.007e-05,8.63e-06
ilPieNapi4,0.01825502,0.00168325,0.02985072,0.00629569,0.00272775,0.00087943,0.0010488,0.00240335,0.00188134,0.00169856,0.0011067,0.00096172,0.00121148,0.00059665,0.00121818,0.00544737,0.0005823,6.172e-05,0.00394306,0.00298708,0.00024689,0.0005,0.00015263,0.00021722,0.00077416,0.00110478,0.00022536,0.00416986,1.1e-05,0.0001799,7.512e-05,0.00083589,0.00011962,0.00073206,5.263e-05,0.00011722,2.823e-05,3.349e-05,0.00028182,0.00023206,0.00038995,2.153e-05,9.139e-05,0.00070909,1.148e-05,0.00023876,0.00054258,6.651e-05,2.344e-05,0.00601818,3.11e-05,0.00014498,0.0012488,0.00137512,6.124e-05,1.579e-05,0.00015598,5.26e-06,0.00046124,6.842e-05,0.00018804,3.636e-05,0.00907177,0.00025263,7.177e-05,0.000211,2.488e-05,3.397e-05,0.00056555,0.00063445,0.00011675,2.249e-05,7.56e-05,0.00049474,0.00022105,5.407e-05,0.00013206,0.00051005,6.124e-05,4.833e-05,8.373e-05,0.00011388,7.99e-05,4.785e-05,0.00013206,0.00021675,6.507e-05,7.273e-05,0.00014306,0.0001756,5.598e-05,6.938e-05,9.665e-05,9.187e-05,0.00033445,0.00020048,7.18e-06,8.325e-05,0.00010239,0.00015263,0.00010431,0.00011148,4.402e-05,3.78e-05,8.852e-05,4.019e-05,0.0004067,3.971e-05,0.00101579,7.129e-05,9.09e-06,0.00069043,1.77e-05,0.00205167,3.206e-05,0.00016603,4.8e-07,2.87e-06,6.364e-05,0.00013206,2.87e-06
ilPieNapi1,0.00135605,0.0014552,0.00059533,0.00022069,0.00085081,0.00031316,0.0002612,0.00019161,0.001204,0.00045901,8.008e-05,0.00010867,0.00011296,0.00011344,8.103e-05,5.1e-05,0.00030982,7.245e-05,2.526e-05,3.622e-05,0.00013823,4.433e-05,3.813e-05,6.864e-05,0.00010248,1.287e-05,4.29e-06,1.811e-05,7.63e-06,2.097e-05,0.9828103,2.955e-05,1.049e-05,5.72e-06,3.003e-05,1.049e-05,9.5e-07,7.15e-06,1.144e-05,1.192e-05,1.43e-06,3.34e-06,1.573e-05,8.1e-06,4.8e-07,2.38e-06,1.621e-05,1.001e-05,6.67e-06,7.63e-06,1.716e-05,1.716e-05,7.63e-06,1.764e-05,2.86e-06,1.43e-05,4.29e-06,1.764e-05,9.53e-06,1.001e-05,4.8e-07,1.382e-05,1.239e-05,2.38e-06,3.81e-06,6.2e-06,0.0,6.2e-06,4.29e-06,9.06e-06,4.29e-06,9.5e-07,4.29e-06,5.24e-06,4.8e-07,6.2e-06,6.2e-06,4.29e-06,1.43e-06,1.43e-06,4.8e-07,1.91e-06,4.29e-06,4.29e-06,4.29e-06,2.86e-06,3.81e-06,4.8e-07,5.24e-06,9.06e-06,9.5e-07,9.5e-07,1.91e-06,9.5e-07,3.81e-06,7.15e-06,7.63e-06,4.29e-06,4.8e-07,5.72e-06,9.06e-06,3.34e-06,3.34e-06,6.67e-06,2.38e-06,5.24e-06,7.15e-06,0.0,4.8e-07,5.72e-06,9.5e-07,3.81e-06,4.8e-07,2.86e-06,4.29e-06,3.81e-06,0.0,7.15e-06,0.0,2.38e-06,4.8e-07
ilPieRapa1,0.00283294,0.00149072,0.00956735,0.00081913,0.00408948,0.00090052,0.00066445,0.00040219,0.00449881,0.00040124,0.00032223,0.00035031,0.00035364,0.00016421,0.00018515,0.00018372,0.00026416,3.808e-05,0.00033175,8.377e-05,0.00030509,0.00012565,5.712e-05,0.00031223,0.00016516,4.522e-05,3.284e-05,4.712e-05,6.66e-06,4.807e-05,3.046e-05,3.379e-05,2.951e-05,0.00016706,3.094e-05,1.951e-05,1.333e-05,3.284e-05,3.237e-05,1.142e-05,8.567e-05,2.86e-06,4.76e-05,8.09e-06,4.76e-06,1.047e-05,2.142e-05,4.569e-05,4.093e-05,1.475e-05,5.045e-05,1.19e-05,1.523e-05,2.285e-05,2.285e-05,1.19e-05,0.49299762,8.57e-06,2.142e-05,1.618e-05,3.665e-05,3.094e-05,1.713e-05,1.856e-05,4.998e-05,7.14e-06,9.04e-06,2.903e-05,1.9e-06,4.76e-06,6.66e-06,9.52e-06,8.09e-06,1e-05,8.09e-06,1.9e-06,1.285e-05,2.189e-05,1.333e-05,7.62e-06,5.24e-06,9.04e-06,6.19e-06,2.951e-05,2.38e-06,1.571e-05,1.238e-05,1.43e-06,2.951e-05,1.285e-05,1.9e-06,8.09e-06,5.71e-06,4.76e-06,4.76e-06,1.666e-05,1.9e-06,1.475e-05,1.761e-05,1.904e-05,8.57e-06,1.285e-05,4.76e-06,2.86e-06,1.142e-05,1.999e-05,1.238e-05,4.8e-07,9.04e-06,2.142e-05,1.047e-05,6.66e-06,3.33e-06,6.66e-06,1.285e-05,4.28e-06,3.33e-06,0.0,4.28e-06,9.5e-07,1.43e-06
ilPleArgu1,0.01651438,0.0055489,0.00183509,0.0008092,0.01791898,0.00617498,0.00281592,0.00232934,0.00282167,0.00141898,0.00032502,0.00276702,0.00179195,0.00020518,0.00048802,0.00067306,0.00098658,0.00045638,0.00015197,0.00032263,0.00116635,0.00109827,0.00146309,0.00127421,0.00019319,0.00015388,3.643e-05,0.00030968,5.321e-05,5.225e-05,0.00012464,0.00033797,5.849e-05,0.00012656,0.00733365,5.225e-05,3.308e-05,0.00010547,0.00015868,0.00013327,1.678e-05,3.116e-05,6.52e-05,6.328e-05,1.39e-05,0.0003092,8.485e-05,0.0001697,5.992e-05,0.00073154,0.00016203,5.944e-05,6.04e-05,2.78e-05,9.108e-05,0.00021237,6.232e-05,0.0001093,6.088e-05,0.00016155,0.00074688,0.00112991,8.198e-05,1.294e-05,2.637e-05,2.205e-05,3.84e-06,0.00014909,2.4e-06,0.00010786,1.198e-05,1.055e-05,0.39684036,0.00010451,9.875e-05,4.267e-05,0.00027133,1.534e-05,3.02e-05,9.012e-05,6.71e-06,3.068e-05,5.609e-05,2.637e-05,3.452e-05,9.6e-07,8.15e-06,1.294e-05,8.485e-05,1.678e-05,4.89e-05,9.59e-06,2.109e-05,0.0001117,2.445e-05,3.404e-05,0.00015244,9.252e-05,4.362e-05,1.87e-05,1.87e-05,3.116e-05,9.6e-07,3.931e-05,6.04e-05,1.63e-05,0.00012895,4.554e-05,7.19e-06,4.79e-06,1.678e-05,4.31e-06,4.8e-07,9.779e-05,2.876e-05,7.095e-05,1.39e-05,3.84e-06,8.15e-06,0.00032598,4.698e-05
ilPluXylo3,0.06701009,0.00557012,0.02918396,0.00180355,0.00113112,0.00183525,0.00555235,0.06065226,0.00148991,0.00126993,0.00098895,0.00083958,0.00904179,0.00108694,0.00058838,0.00054275,0.00465898,0.000256,0.00033766,0.00066571,0.00042219,0.00061816,6.628e-05,0.00030596,0.00021806,0.00010519,0.00082085,0.01069981,7.685e-05,0.00151105,0.00026561,0.00092123,0.00062968,0.00011335,6.34e-05,0.00017147,0.00039962,0.0001585,8.213e-05,0.00311335,0.00058549,0.00010327,3.074e-05,0.00116186,2.017e-05,0.00014313,0.00300528,0.00017243,0.00012968,0.00010086,4.275e-05,0.00068684,0.0003511,0.00021134,0.0003415,4.611e-05,0.0003146,0.00023055,0.00029731,2.69e-05,0.00010134,0.00021134,0.00062104,7.733e-05,0.00015514,0.00130211,5.908e-05,0.00031892,5.187e-05,1.729e-05,5.716e-05,0.00013208,5.476e-05,0.00039049,0.00011575,9.27e-05,0.00046494,1.681e-05,3.314e-05,0.00017483,0.0004025,5.524e-05,1.777e-05,0.00019308,8.117e-05,0.00339769,1.873e-05,0.00010183,0.00045533,0.00014505,6.052e-05,1.201e-05,0.0009366,8.501e-05,6.868e-05,0.00027378,7.733e-05,1.681e-05,7.109e-05,0.00065562,7.109e-05,1.249e-05,0.00015466,0.00062488,5.043e-05,0.00017963,0.00019741,0.000122,1.009e-05,1.825e-05,2.065e-05,0.00014986,4.371e-05,1.969e-05,0.00015226,6.244e-05,2.017e-05,5.28e-06,1.249e-05,0.00015514,2.88e-06
ilPolIcar1,0.41122148,0.00204219,0.01014573,0.01665292,0.00952013,0.00336385,0.00114286,0.00438399,0.00164046,0.00077709,0.00046548,0.00108725,0.00228715,0.00285954,0.0016908,0.00461553,0.00045398,0.00044104,0.01263231,0.00072291,0.00068121,0.00052876,0.02373442,0.00121956,0.0002023,0.00198418,7.766e-05,0.00150911,9.06e-05,0.0009348,6.855e-05,0.00015724,0.00597363,0.00093289,0.00016491,0.00017066,6.376e-05,6.759e-05,0.00040604,0.00166683,0.00055801,0.00010786,0.00044631,0.00033078,1.198e-05,5.609e-05,0.00020614,6.472e-05,0.00042809,0.00088495,5.321e-05,0.00331304,0.00015484,0.00043337,0.00014094,8.677e-05,0.00065436,6.424e-05,0.00051582,9.492e-05,1.055e-05,0.00096453,0.00036577,2.685e-05,5.321e-05,0.00016683,3.595e-05,6.663e-05,0.00026031,0.00036433,0.01182119,1.678e-05,4.938e-05,0.00196405,5.849e-05,4.41e-05,3.452e-05,0.00013183,0.00017162,3.547e-05,7.574e-05,6.472e-05,0.00024113,0.00059684,2.828e-05,0.00017402,5.034e-05,3.404e-05,0.00668073,0.00012224,0.00031927,0.00087105,2.541e-05,0.00012704,1.39e-05,8.102e-05,0.00044919,3.787e-05,0.00040173,0.00011266,5.561e-05,0.00036194,6.328e-05,0.00027709,0.00095302,0.00033078,0.00016731,0.00078236,0.00052301,7.478e-05,0.00012128,2.061e-05,1.582e-05,0.00030968,6.232e-05,0.00299808,0.00047603,6.71e-06,0.00011553,0.00123634,1.44e-06
ilPolLich1,0.21238421,0.03515888,0.03256235,0.00419692,0.00105392,0.0108416,0.00168416,0.00128599,0.00370342,0.02278093,0.00774482,0.00109918,0.0084208,0.00149494,0.0006986,0.00144198,0.00126673,0.0012104,0.00064901,0.00028117,0.00084834,0.00087097,0.0003895,0.0004155,0.00089937,0.00016803,0.00110063,0.00392297,0.00022966,0.00221473,0.00019788,0.00162061,0.00017477,0.00024555,0.00014107,4.141e-05,2.311e-05,0.00012662,0.00036206,0.00011748,0.00044439,9.822e-05,7.126e-05,8.281e-05,8.18e-06,6.5e-05,9.774e-05,0.00011218,5.104e-05,6.211e-05,0.00010063,4.959e-05,0.00014155,9.87e-05,0.00010207,0.00035821,7.752e-05,7.029e-05,0.00018825,4.33e-06,0.0373168,3.322e-05,0.00018007,9.292e-05,0.00029658,0.00093885,0.00014107,0.00028455,8.67e-06,0.00015262,2.552e-05,2.89e-06,9.966e-05,0.00053202,7.944e-05,0.00013385,0.00015311,1.252e-05,4.911e-05,0.00035099,9.63e-06,7.752e-05,1.781e-05,0.00031825,0.0003038,8.329e-05,5.729e-05,8.089e-05,0.00024458,5.78e-06,4.478e-05,0.0001714,3.9e-05,3.659e-05,1.059e-05,3.948e-05,9.15e-06,5.729e-05,0.00018392,0.00036302,0.00015311,1.541e-05,0.00042176,3.611e-05,4.381e-05,0.0001844,0.00155609,1.733e-05,2.07e-05,3.9e-05,0.00059364,0.00016899,6.74e-06,5.778e-05,0.00010448,9.052e-05,2.407e-05,4.8e-07,6.115e-05,9.822e-05,7.511e-05
ilPtiCapc1,0.02429626,0.03553356,0.01660594,0.00070038,0.00195158,0.0009511,0.0072349,0.00411026,0.00181975,0.00777948,0.12764765,0.0015743,0.0085302,0.00024976,0.02321716,0.00597459,0.00180681,0.00013375,0.00023969,0.00041802,0.00097843,0.00039118,0.00025695,0.0015465,0.00012464,0.00011361,0.00017018,0.00063471,8.917e-05,0.00022723,0.00092042,0.00081256,0.0002651,4.123e-05,4.123e-05,0.00025407,0.00064957,5.225e-05,8.725e-05,0.00044295,0.00022915,0.00011457,6.184e-05,0.00021429,9.6e-07,0.00012943,0.0003581,0.00103835,8.581e-05,0.00121956,2.301e-05,7.335e-05,0.00085714,0.00013902,2.733e-05,0.00232454,5.944e-05,4.698e-05,0.00013039,0.00255321,4.842e-05,0.00011074,0.00015292,4.171e-05,4.41e-05,0.00010738,9.636e-05,0.00163327,4.171e-05,0.0001419,3.356e-05,0.00012128,5.944e-05,0.00832742,3.116e-05,0.0001558,0.00611218,2.205e-05,0.00027469,0.00012464,3.835e-05,0.00027229,0.00022483,8.293e-05,4.075e-05,1.965e-05,1.774e-05,3.116e-05,0.00089453,3.883e-05,0.00256711,6.328e-05,4.842e-05,2.397e-05,0.00085906,0.0005,2.876e-05,0.00012464,6.328e-05,0.00027661,2.397e-05,1.726e-05,4.314e-05,2.876e-05,0.00010451,3.595e-05,0.00010307,3.787e-05,3.931e-05,0.00012128,4.79e-06,6.472e-05,2.013e-05,1.87e-05,2.157e-05,0.00013231,0.00012943,1.44e-06,8.965e-05,0.00011841,1.246e-05
ilPyrFari1,0.36130153,0.00320997,0.00243337,0.00246021,0.00182023,0.09958485,0.00156088,0.00075695,0.00247459,0.00134276,0.00091467,0.00109492,0.01136337,0.00027852,0.0011558,0.00041898,0.00055034,0.00019703,0.0008442,0.00058869,0.00036098,0.00011361,0.00035283,0.00049616,0.0014559,0.00085235,0.00050527,0.00088591,6.52e-05,0.00348945,0.00016347,9.875e-05,0.00042665,0.00023969,0.00013519,7.862e-05,5.034e-05,0.00017929,0.00052828,6.616e-05,0.0004813,0.00251726,0.0002349,0.00121764,7.67e-06,0.00022387,0.00066491,0.00070949,0.00044535,0.00029722,3.547e-05,7.766e-05,0.00029482,0.0002023,1.822e-05,0.00011409,0.00012224,4.698e-05,0.00026558,0.00011985,0.00048226,0.00012704,0.00087248,0.00508533,0.00041467,0.00113663,3.931e-05,6.999e-05,1.007e-05,0.0001371,0.00871812,3.84e-06,0.00029195,0.00028811,2.78e-05,1.965e-05,2.924e-05,4.458e-05,0.00020518,2.733e-05,1.582e-05,5.801e-05,0.00012081,0.00039022,9.3e-05,3.404e-05,1.918e-05,1.246e-05,0.00020086,2.109e-05,2.157e-05,8.725e-05,3.883e-05,0.00539981,1.582e-05,0.00012848,0.00013039,2.541e-05,0.00016587,6.903e-05,0.00018648,8.389e-05,2.301e-05,5.081e-05,8.341e-05,0.00011793,0.00021045,3.26e-05,0.00010786,5.27e-06,4.267e-05,5.034e-05,1.918e-05,0.00025216,0.00238351,0.00010547,1.151e-05,1.438e-05,9.012e-05,0.00016059,8.15e-06
ilPyrMalv3,0.43943254,0.01685598,0.01437321,0.00490191,0.01001483,0.00752057,0.01375215,0.00505933,0.00977416,0.00551292,0.00063732,0.00090048,0.00125359,0.00026268,0.00076794,0.00309522,0.002411,0.00038612,0.00081196,0.00208038,0.00063301,0.00196172,0.00019569,0.00315072,0.00064019,0.00164833,0.00035024,0.00080096,0.00011244,0.00125646,3.589e-05,9.904e-05,0.00078038,0.00034019,0.00039952,6.842e-05,8.278e-05,5.12e-05,0.00024211,0.00045598,0.00016124,0.00052727,0.00012584,0.00032871,1.483e-05,0.00049713,0.00242105,0.00021722,0.00013684,0.00038182,2.249e-05,7.416e-05,0.0001,0.00035311,4.785e-05,5.167e-05,7.512e-05,6.555e-05,0.00062679,9.282e-05,7.033e-05,2.44e-05,0.00019139,6.316e-05,3.589e-05,0.00030574,2.775e-05,5.359e-05,2.057e-05,6.89e-05,0.00163636,1.435e-05,1.292e-05,0.000289,5.072e-05,3.301e-05,6.172e-05,3.732e-05,4.833e-05,0.00031053,0.00019952,0.00027703,5.981e-05,0.00016364,1.053e-05,3.636e-05,8.13e-06,3.445e-05,0.00030144,3.11e-05,0.00018852,7.703e-05,0.00034019,0.0001134,0.00010526,7.56e-05,0.00051148,0.00012297,0.00028038,0.00012727,0.00021292,2.727e-05,6.316e-05,0.00085024,7.847e-05,0.0003311,2.344e-05,4.737e-05,2.584e-05,9.522e-05,0.00013876,7.656e-05,0.00015072,3.11e-05,3.589e-05,1.627e-05,1.1e-05,6.22e-06,0.00017129,2.536e-05,5.502e-05
ilSatPavo1,0.15007225,0.00829576,0.01359345,0.0250896,0.07419701,0.0076185,0.00191378,0.00199759,0.00684297,0.03024518,0.00099181,0.00051927,0.0023868,0.00072013,0.00148266,0.00077457,0.00050193,0.00023025,0.00122881,0.00776349,0.0005896,0.00241811,0.00102264,0.00028131,0.03484008,0.00016859,6.166e-05,0.00107177,0.00035356,0.0005501,0.00017534,0.00023266,0.00017775,0.00063391,0.00016329,0.00048266,0.00012909,4.287e-05,0.00081166,6.262e-05,9.249e-05,5.299e-05,0.00016908,0.00020328,1.541e-05,0.00016089,0.00035597,8.044e-05,1.782e-05,0.00013536,1.59e-05,3.902e-05,0.00110453,0.00418208,9.15e-06,0.01667341,9.056e-05,1.156e-05,0.00013825,0.00041956,7.466e-05,0.00358719,0.0004841,0.00029239,4.48e-05,6.166e-05,3.227e-05,0.00019942,3.035e-05,0.00095906,2.938e-05,7.803e-05,4.913e-05,0.00014403,5.347e-05,0.00014114,5.829e-05,0.00011368,0.00378179,0.00030877,0.0001185,5.78e-05,0.00013198,0.00039451,4.528e-05,0.00024807,3.035e-05,5.443e-05,3.516e-05,3.372e-05,2.89e-05,0.00508767,1.59e-05,0.00016956,0.11360019,0.00051638,7.707e-05,0.00019942,0.00086561,9.586e-05,5.78e-06,2.553e-05,2.457e-05,4.769e-05,0.0066922,7.611e-05,0.0002341,5.347e-05,9.393e-05,0.00186368,0.00059393,3.95e-05,4.82e-06,2.89e-05,1.252e-05,0.00295713,9.6e-07,9.63e-06,8.19e-06,6.888e-05,2.264e-05
ilSchCost1,0.48321312,0.00920594,0.00480651,0.00487883,0.0037682,0.00341044,0.0102251,0.00327634,0.04059722,0.00220259,0.00102155,0.00184243,0.00167768,0.00054358,0.00061638,0.00191092,0.00060345,0.00028975,0.00030508,0.00109339,0.00082759,0.00056705,0.00543918,0.01327682,0.00041379,0.00037787,0.0001705,0.00076389,0.00050048,0.00042241,0.00040709,0.00032998,0.00037979,0.00035201,0.00025383,0.00026389,4.502e-05,0.00010967,0.00018008,0.0010431,0.0002045,0.00017625,0.00044109,0.0001863,1.341e-05,0.00013075,0.00022414,0.00010153,2.538e-05,0.00066044,5.125e-05,8.19e-05,0.00025862,0.00014128,1.916e-05,0.00136494,1.389e-05,4.741e-05,0.00025096,9.722e-05,0.00022797,9.339e-05,0.00112644,4.598e-05,0.00030508,0.00067529,0.00010441,0.00017337,0.00014943,5.891e-05,7.711e-05,2.778e-05,0.00229406,0.00685153,1.533e-05,0.0043501,8.094e-05,0.000159,0.00010728,2.778e-05,4.31e-05,0.00016667,3.831e-05,0.00121169,7.567e-05,0.00045881,4.933e-05,1.58e-05,0.00074713,0.0001681,2.011e-05,0.00013745,3.017e-05,0.0001705,1.676e-05,7.854e-05,5.27e-06,0.0001317,5.603e-05,7.95e-05,0.0004818,8.62e-06,0.00030795,7.759e-05,4.023e-05,6.609e-05,8.812e-05,1.44e-06,0.00014559,1.82e-05,0.00012308,8.86e-05,2.299e-05,5.125e-05,0.00038458,4.215e-05,3.35e-06,3.305e-05,1.58e-05,0.0002591,4.79e-06
ilSelDent1,0.48313621,0.00606811,0.04441966,0.01122974,0.00414245,0.00560192,0.02543693,0.00392518,0.00630504,0.00394436,0.00172998,0.00050216,0.00241007,0.00034293,0.0007247,0.00227482,0.00028058,0.00041391,0.00114964,0.0006307,0.00289305,0.00067386,0.0002777,0.00086811,0.00085803,0.0010801,0.00091751,0.00080288,5.947e-05,0.00020576,0.00012326,0.00011271,0.00019952,0.00021391,0.00010743,5.228e-05,0.00012038,0.00011079,0.00023501,0.00011847,0.00017794,0.00075396,0.00058801,0.0020446,2.062e-05,0.00043309,6.954e-05,0.00027386,5.612e-05,6.427e-05,2.35e-05,1.823e-05,0.00028249,0.00012374,5.707e-05,7.578e-05,0.00046906,4.652e-05,0.00012374,8.921e-05,0.0001765,9.592e-05,0.00016067,0.00027434,0.00147002,0.00021679,2.542e-05,6.283e-05,4.8e-06,5.803e-05,9.592e-05,2.446e-05,3.549e-05,0.00014964,0.0001247,9.59e-06,0.00015012,0.00010312,8.15e-06,0.00050216,8.15e-06,4.365e-05,0.00010408,0.00017554,9.257e-05,0.00011031,0.00013477,3.165e-05,8.345e-05,0.00021199,5.612e-05,0.00019137,0.00021343,8.297e-05,3.693e-05,6.379e-05,0.00067386,9.065e-05,0.00497122,7.962e-05,0.00012374,0.00026139,8.633e-05,2.878e-05,0.00018705,0.00033957,7.962e-05,0.0007693,6.667e-05,2.878e-05,0.00044317,6.954e-05,0.00015779,1.199e-05,0.00011127,7.002e-05,4.8e-07,9.11e-06,4.748e-05,1.583e-05,1.631e-05
ilSesApif2,0.02357301,0.00701585,0.00524256,0.03846206,0.01263064,0.03373919,0.00225168,0.00182277,0.00422526,0.00225456,0.1765951,0.00093804,0.00187512,0.00090106,0.00034054,0.0005389,0.0005975,0.00041451,0.00099856,0.0003804,0.00126993,0.00130307,0.00054899,0.00032613,0.00022046,0.00095917,0.0001806,0.00054323,0.0002123,0.00124207,7.925e-05,0.00055764,0.0001878,0.00785735,0.00020029,2.834e-05,4.563e-05,3.89e-05,0.0001196,0.00024207,6.724e-05,0.00024688,0.00013881,0.00046302,1.345e-05,0.00024496,0.00012104,0.00025312,3.314e-05,0.00019933,6.484e-05,7.445e-05,0.00045533,0.00015322,0.00019116,0.00159462,8.646e-05,2.93e-05,5.331e-05,9.558e-05,0.0001196,0.00019645,0.00017099,1.249e-05,5.812e-05,0.00011095,1.825e-05,7.349e-05,1.297e-05,7.109e-05,4.131e-05,8.117e-05,0.00011768,2.065e-05,2.113e-05,1.969e-05,2.69e-05,3.842e-05,2.305e-05,0.26771422,1.057e-05,1.201e-05,0.00014217,0.00014793,1.969e-05,0.00011287,3.266e-05,1.153e-05,5.091e-05,6.196e-05,6.724e-05,2.305e-05,1.681e-05,1.969e-05,7.012e-05,0.00023775,6.484e-05,1.921e-05,4.131e-05,8.934e-05,1.537e-05,4.035e-05,3.987e-05,1.633e-05,4.035e-05,0.00053939,7.733e-05,4.995e-05,1.009e-05,3.602e-05,3.074e-05,0.00010134,7.68e-06,5.139e-05,5.331e-05,8.65e-06,2.065e-05,4.8e-07,1.873e-05,7.68e-06,9.6e-07
ilSesBemb1,0.03244964,0.01019523,0.01203103,0.0232105,0.00318663,0.04125776,0.01176372,0.00797852,0.00657422,0.00104821,0.00631599,0.00239332,0.01404726,0.00043437,0.00063389,0.00497088,0.00057518,0.00040573,0.0019599,0.0006716,0.0054401,0.00369165,0.00068449,0.00062768,0.0002864,0.00242768,0.00282291,0.00037947,5.68e-05,0.00220525,2.768e-05,0.00070692,0.00037088,0.00038282,2.291e-05,7.064e-05,8.544e-05,9.069e-05,0.00014988,0.0006148,0.0001074,0.00039045,0.00015274,0.0003389,2.721e-05,0.00254702,0.00097184,9.976e-05,3.437e-05,0.00027589,6.587e-05,3.914e-05,0.00017232,0.00026396,0.00021384,0.00011026,4.63e-05,6.874e-05,0.00025394,0.00013652,0.00013699,6.444e-05,0.00017804,0.00014272,0.00011456,0.00012315,2.339e-05,4.916e-05,7.017e-05,5.967e-05,0.00021289,0.00176086,1.002e-05,8.401e-05,0.00012458,0.00012029,0.00115274,4.821e-05,5.776e-05,0.000842,3.819e-05,9.403e-05,1.527e-05,0.00046062,3.819e-05,1.146e-05,0.00074511,0.00019857,4.153e-05,7.924e-05,7.446e-05,0.00096038,6.826e-05,9.55e-06,0.00025823,0.00016611,4.296e-05,5.394e-05,6.205e-05,8.401e-05,0.00030453,1.766e-05,7.494e-05,0.00019714,3.771e-05,3.723e-05,3.819e-05,0.00026587,1.193e-05,6.11e-05,2.578e-05,2.148e-05,3.82e-06,7.16e-06,8.59e-06,0.00020143,3.675e-05,2.578e-05,1.337e-05,7.637e-05,4.8e-07
ilShaVerb5,0.13835588,0.01658849,0.01185899,0.02694341,0.00282158,0.00938417,0.00409928,0.00915348,0.00101151,0.01046571,0.001753,0.00037698,0.00361007,0.0013458,0.00650791,0.00035444,0.00038465,0.000106,0.00343789,0.0003741,0.00093525,0.00018273,0.0001482,0.00030791,0.00026523,0.00052902,0.00086859,0.00074101,3.405e-05,0.00101487,0.00019472,0.00016595,0.02687962,0.00015971,0.00036163,0.00013573,0.00136739,9.976e-05,0.0001223,0.00063261,0.00016835,0.000247,4.796e-05,0.00333046,1.247e-05,0.00057746,0.00036067,4.892e-05,0.00084844,0.00041871,3.885e-05,4.796e-05,0.01610024,0.00033285,2.638e-05,0.00016211,0.00190264,0.00037362,5.372e-05,0.00014868,0.00040911,3.645e-05,0.00108873,8.489e-05,0.0005554,0.00016835,8.585e-05,0.0003199,1.151e-05,6.379e-05,0.00022734,0.00021391,0.00012758,0.00063933,5.228e-05,0.00013909,0.0001247,4.029e-05,4.412e-05,2.878e-05,0.00277842,5.468e-05,1.92e-06,9.353e-05,0.00114149,2.35e-05,3.118e-05,6.091e-05,4.7e-05,2.926e-05,8.106e-05,1.966e-05,3.453e-05,0.00019856,2.254e-05,0.00063933,0.00189017,1.727e-05,0.00035875,2.35e-05,5.28e-06,0.000106,3.597e-05,1.679e-05,0.00021199,8.106e-05,0.00093669,0.00015108,0.00092278,0.00024029,2.782e-05,5.084e-05,8.63e-06,1.918e-05,6.283e-05,2.014e-05,6.235e-05,1.727e-05,3.645e-05,0.00023165,4.8e-07
ilSphPina1,0.46841563,0.02669799,0.00181256,0.00319655,0.00287967,0.00234708,0.00712848,0.00118888,0.00069655,0.00334899,0.00891275,0.00063039,0.00417737,0.00107526,0.00098226,0.0006069,0.00156855,0.00016539,0.00055369,0.00095158,0.00038878,0.0006395,0.0004511,0.00031544,0.00020038,0.00042426,0.00413854,0.00082215,0.00105801,0.00144535,0.00035954,0.00053595,0.0002349,0.00025983,2.685e-05,8.63e-06,1.63e-05,7.862e-05,0.0002814,0.00029578,0.00023394,8.581e-05,0.00027948,0.00133797,6.71e-06,0.00208389,0.0007349,0.00017498,0.00028715,7.143e-05,5.273e-05,0.00019559,0.00057814,0.00014669,4.314e-05,3.26e-05,0.00010403,5.753e-05,0.00042953,9.684e-05,7.814e-05,0.00016779,0.00021189,3.787e-05,0.00016059,0.00053643,1.151e-05,7.191e-05,0.00013087,0.00013519,1.246e-05,3.02e-05,0.00013854,9.684e-05,0.00027133,7.19e-06,0.00012895,3.643e-05,9.11e-06,0.00012752,0.00020614,0.00013279,6.663e-05,0.00027229,0.0001069,0.00011649,3.164e-05,2.397e-05,0.00011601,2.541e-05,1.534e-05,3.595e-05,0.00023442,0.00011409,2.733e-05,0.00041371,0.00022339,1.63e-05,1.486e-05,9.636e-05,9.012e-05,2.78e-05,2.589e-05,8.629e-05,0.00112464,4.89e-05,0.000465,5.801e-05,0.00039597,4.794e-05,1.678e-05,0.00015149,0.00011505,8.485e-05,5.129e-05,4.746e-05,6.23e-06,1.198e-05,1.294e-05,8.629e-05,1.92e-06
ilSpiLubr1,0.35573432,0.00573767,0.00372236,0.00139828,0.00293681,0.00755194,0.00516467,0.00469986,0.02886213,0.00163236,0.00121733,0.00472858,0.00402729,0.00038296,0.00051029,0.0008382,0.00280278,0.00022978,0.00015797,0.00033605,0.00033557,0.00402154,9.813e-05,0.00110914,0.00025658,0.00035328,0.0002336,0.0025012,0.00012829,0.00117664,0.00031929,0.00136955,0.0002877,0.00010866,3.351e-05,2.298e-05,2.393e-05,4.213e-05,0.00020249,0.00030302,0.00047295,0.00066778,9.957e-05,8.473e-05,1.675e-05,0.00016754,0.00091575,0.00044232,5.218e-05,0.00020153,0.00029584,0.00011632,7.707e-05,0.00010627,5.553e-05,0.00016611,4.5e-05,2.058e-05,0.00417233,3.782e-05,0.00014792,5.026e-05,0.00011967,5.122e-05,0.00567592,0.00138966,0.00010579,5.888e-05,0.00032743,7.659e-05,1.149e-05,2.058e-05,0.00041216,0.00070034,1.723e-05,9.718e-05,0.0001168,3.494e-05,3.35e-06,0.00040211,3.255e-05,9.526e-05,0.00022499,8.377e-05,5.84e-05,0.00036237,9.287e-05,4.5e-05,0.00038392,0.00016707,1.628e-05,0.00010483,0.00157587,0.00010292,0.00016994,5.792e-05,2.298e-05,3.686e-05,1.245e-05,0.00011154,2.585e-05,3.399e-05,0.0002877,7.085e-05,4.643e-05,2.202e-05,0.00026041,0.00014217,0.00019052,1.292e-05,1.005e-05,0.00015606,3.447e-05,0.00089325,1.484e-05,9.43e-05,1.58e-05,4.596e-05,2.633e-05,0.00014792,2.106e-05
ilSpiLutu1,0.10969249,0.00315065,0.00782018,0.00343711,0.00165567,0.00991583,0.00343281,0.00133716,0.00532855,0.00111765,0.12735772,0.00308752,0.00842468,0.00863319,0.00632281,0.00192874,0.02840794,0.00029029,0.00078575,0.0008484,0.0022659,0.0006131,0.00165375,0.0005978,0.00193879,0.00019799,0.00014395,0.00209374,0.00010521,0.00067384,0.00546963,0.00629316,9.947e-05,0.00017408,0.00042324,5.595e-05,7.987e-05,0.00059541,0.0012989,0.00015878,0.00029938,0.00010952,0.00028312,0.00012099,2.296e-05,0.00011621,5.882e-05,0.00105404,5.213e-05,0.00015352,9.09e-06,0.00037542,0.00010187,5.595e-05,0.0018924,2.726e-05,0.00171545,0.00010378,0.0016088,0.00010808,8.321e-05,0.00042276,0.00042324,0.00011095,5.261e-05,0.00018938,5.93e-05,0.00425442,4.495e-05,8.56e-05,3.874e-05,0.00019034,0.00030368,0.00091057,6.217e-05,8.082e-05,0.00105452,2.056e-05,1.865e-05,0.00037781,0.00021425,8.082e-05,0.00033094,0.0007561,5.452e-05,0.0003032,1.961e-05,0.00010808,0.00027308,0.0002023,5.404e-05,4.256e-05,0.00012147,0.00010665,0.00038642,0.00059206,1.052e-05,2.391e-05,0.0001999,0.00010139,0.00014252,2.869e-05,0.00013869,8.656e-05,0.00077953,2.296e-05,0.00032664,0.00015495,2.965e-05,6.887e-05,3.587e-05,0.00015878,0.0001889,6.22e-06,4.782e-05,3.109e-05,7.078e-05,0.0003539,6.22e-06,2.869e-05,4.448e-05
ilSteBipu1,0.56739665,0.05011435,0.00319904,0.00305789,0.00705694,0.00178469,0.00093493,0.00103923,0.03870287,0.00656411,0.00118517,0.00083828,0.00150813,0.00100096,0.03251722,0.00045359,0.00294115,0.00012871,0.00054019,0.00107895,0.00050909,0.00452201,0.00024019,0.00027751,0.00344785,0.00040287,0.00043493,0.00033445,4.689e-05,0.00105215,0.00013014,0.00013445,0.00049043,0.00043158,6.986e-05,0.00042297,0.00061722,0.00025263,0.00022344,6.651e-05,0.00013876,7.799e-05,0.00015789,4.067e-05,3.35e-06,0.00011196,7.129e-05,0.00040718,4.163e-05,6.555e-05,4.45e-05,5.742e-05,0.00167799,0.00073445,2.488e-05,9.282e-05,0.00017943,8.13e-06,0.00067799,0.00011866,0.00044163,4.019e-05,0.00024115,0.00038995,0.00038134,0.00025598,8.61e-06,0.00034833,3.493e-05,0.00013254,6.22e-05,4.976e-05,0.00016746,0.00060191,4.163e-05,0.00014211,0.000111,7.943e-05,0.0001,0.00015789,0.00034354,2.297e-05,6.124e-05,0.00021483,4.976e-05,6.986e-05,0.00012823,1.675e-05,9.665e-05,5.55e-05,0.00017751,2.488e-05,2.057e-05,0.00019761,2.919e-05,0.00020574,2.01e-05,1.675e-05,0.0006177,4.354e-05,6.172e-05,0.00010718,3.589e-05,7.18e-06,0.00020622,7.18e-06,2.057e-05,3.541e-05,0.00010383,0.00029617,0.00039474,0.00033014,5.694e-05,1.34e-05,0.00059809,7.608e-05,9.6e-07,1.579e-05,0.00015646,2.775e-05,1.44e-06
ilSynForm1,0.04205849,0.07373106,0.05582646,0.00779291,0.00303164,0.00320566,0.00329051,0.0035163,0.01870326,0.00469847,0.02607383,0.00052109,0.00427756,0.00125216,0.01075264,0.00065197,0.0015024,0.00098178,0.00165772,0.00020374,0.00484803,0.00210451,0.00156232,0.00056088,0.0115302,8.821e-05,0.00030537,0.0013279,4.458e-05,0.00016635,4.41e-05,0.000407,0.00016107,0.00049185,0.00012176,0.0003466,0.00016922,0.00031064,0.00048993,3.452e-05,0.00051103,0.00030297,0.00010642,8.198e-05,0.00039789,0.00316826,0.00015149,9.204e-05,4.075e-05,0.00010019,1.774e-05,0.00440556,0.00038111,5.273e-05,6.136e-05,0.0001999,0.00023011,0.00011122,6.088e-05,0.0001836,0.01373586,1.965e-05,7.287e-05,0.00035954,0.00014813,7.574e-05,3.02e-05,0.00045638,8.581e-05,0.00019607,4.89e-05,4.314e-05,0.00027661,7.622e-05,0.00035139,0.00195638,0.00353452,9.732e-05,5.609e-05,7.478e-05,0.00023154,0.00011841,7.574e-05,0.00044151,0.00028092,4.794e-05,5.561e-05,0.01246117,0.00028284,0.00071093,0.00011122,0.00065532,7.19e-06,0.00015053,5.273e-05,6.184e-05,2.924e-05,0.00019415,0.00029195,0.00029099,0.00020326,3.787e-05,3.164e-05,5.75e-06,0.00028236,0.00010115,4.794e-05,2.493e-05,8.245e-05,0.0001419,5.129e-05,1.342e-05,3.547e-05,3.212e-05,6.376e-05,6.807e-05,2.493e-05,7.67e-06,1.007e-05,7.191e-05,0.0
ilSynMyop1,0.12386913,0.01201055,0.01882694,0.00426318,0.01948274,0.00224065,0.0011443,0.01318408,0.00082646,0.00506951,0.04261314,0.00072148,0.10147555,0.01413183,0.01362081,0.00061074,0.00461074,0.00069895,0.00190221,0.00055081,0.00068696,0.0006093,0.00083605,0.00016155,0.00389118,0.00109156,0.00018073,0.00151726,0.00025072,0.00040892,0.00020518,0.00309396,0.00035906,0.00077709,0.0001745,0.00015916,0.00013567,7.622e-05,0.00020374,0.00316587,0.00038447,0.01569655,8.006e-05,0.00025407,4.8e-07,0.00060067,0.0001908,0.00648897,0.00056424,0.00029482,4.65e-05,7.478e-05,0.0007512,0.00184372,0.00021381,5.465e-05,0.00052493,0.00061937,0.00014142,0.00046692,0.0001443,0.00050767,1.774e-05,0.00028284,0.00080489,0.00016347,4.938e-05,0.0003418,0.00014477,0.00055944,6.136e-05,0.00032886,5.657e-05,0.0002536,0.00015388,4.746e-05,8.869e-05,0.00022531,0.00012033,0.00210403,0.00023826,6.568e-05,0.00029482,0.00015724,7.047e-05,1.678e-05,3.931e-05,0.00036337,0.00047891,0.00067546,0.0001721,0.00014334,0.00011745,3.835e-05,0.00020422,0.00076127,1.534e-05,2.445e-05,0.00040892,0.00167402,7.19e-06,0.00021237,5.27e-06,0.00045781,0.00048226,1.63e-05,0.00064142,0.00013758,5.944e-05,2.972e-05,0.00016347,0.001128,6.088e-05,6.855e-05,6.424e-05,4.89e-05,0.00013615,9.6e-07,0.00015484,8.821e-05,3.36e-06
ilSynTipu2,0.01956767,0.01564228,0.00289383,0.00196222,0.04445624,0.00061884,0.00221521,0.00225251,0.00153324,0.0105868,0.00815591,0.00039646,0.00412434,0.00489909,0.01744333,0.00068197,0.00061167,8.369e-05,0.00244189,0.01387088,0.00073936,0.00212147,0.00042324,0.00014347,0.00182544,0.00017408,0.00026686,0.00034672,9.134e-05,0.00015304,4.591e-05,0.00015686,0.00019895,0.00031373,0.00017695,8.13e-05,4.639e-05,0.00499665,0.00094978,0.00013056,7.126e-05,0.00011956,0.00022525,0.0001143,1.339e-05,7.987e-05,0.00010617,0.00051937,1.196e-05,9.947e-05,2.869e-05,1.722e-05,0.00010282,0.00018508,0.00022812,3.778e-05,8.178e-05,4.3e-06,0.0004682,0.0003979,0.00013104,1.769e-05,9.374e-05,0.00023434,2.965e-05,0.00010808,8.417e-05,0.00015591,0.00012817,0.00053372,1.052e-05,4.065e-05,8.274e-05,8.417e-05,6.217e-05,1.961e-05,0.0003649,7.795e-05,5.165e-05,4.543e-05,0.0005978,0.00015591,0.00011478,5.022e-05,0.00027116,9.6e-07,3.348e-05,0.00045911,2.009e-05,0.00020947,7.078e-05,6.456e-05,1.961e-05,3.922e-05,0.00018317,0.00027929,1.91e-06,4.83e-05,0.00017791,0.00040794,4.687e-05,8.465e-05,2.391e-05,9.6e-07,0.00032807,4.878e-05,3.73e-05,7.17e-06,3.778e-05,4.735e-05,6.408e-05,8.61e-06,0.00014778,0.00011908,1.243e-05,5.787e-05,9.09e-06,2.104e-05,0.00024247,1.578e-05,8.13e-06
ilSynVesp1,0.02765771,0.04035286,0.01861546,0.00189966,0.0125953,0.0056409,0.0013591,0.00231493,0.03202784,0.0008675,0.00766155,0.00079837,0.00652472,0.00021892,0.00068987,0.00047576,0.00061834,0.00026068,0.00368315,0.00091647,0.00175132,0.00702592,0.00090062,0.00112386,0.00023956,0.00010178,0.00073692,0.00518147,4.753e-05,0.00021892,0.00011282,0.00687902,0.00010418,0.00033317,2.784e-05,8.16e-06,0.0001037,4.849e-05,0.0003975,0.00015795,0.00041671,0.0007662,0.00072588,0.02412002,2.88e-06,0.00159434,0.00021459,4.945e-05,4.32e-06,0.00017907,4.705e-05,0.00015218,0.00153913,0.00045607,5.089e-05,0.00051368,4.705e-05,7.777e-05,5.857e-05,0.00013154,4.705e-05,0.0001301,0.00124532,0.00468411,0.0001061,0.00025156,3.649e-05,8.209e-05,1.248e-05,0.00046087,1.728e-05,1.536e-05,0.00031157,5.953e-05,0.00013778,0.00026836,0.00013586,0.00028036,0.00017235,9.506e-05,7.489e-05,0.00038646,9.986e-05,0.00012194,2.88e-05,5.713e-05,2.688e-05,1.44e-06,6.721e-05,6.481e-05,2.448e-05,0.00088286,7.633e-05,0.00016035,1.488e-05,5.377e-05,0.00015891,0.00014738,0.00020979,0.00057609,0.00063418,0.00036822,3.024e-05,1.008e-05,0.00010178,2.592e-05,4.033e-05,0.00031493,4.513e-05,0.00025636,0.00056553,3.457e-05,5.281e-05,0.00022468,2.16e-05,5.089e-05,1.152e-05,2.64e-05,0.0001085,6.625e-05,6.145e-05
ilThaMatu1,0.23328421,0.01522249,0.02807608,0.00273493,0.00130526,0.00192297,0.00653589,0.00958804,0.01094737,0.0139445,0.00138325,0.00057847,0.00214019,0.00097512,0.01646459,0.00381627,0.00241053,0.00017321,0.00082249,0.00043876,0.00051866,0.00299234,0.00015502,0.00095215,0.00047943,0.00280957,8.517e-05,0.00042344,0.00648038,0.00037751,0.00011292,1.292e-05,0.00117225,0.00022201,2.01e-05,0.00048947,0.00625167,5.455e-05,0.00039282,0.00038852,0.00053206,0.00047225,0.00050096,0.0003555,0.00015598,4.211e-05,0.00050144,0.00011196,0.00055215,0.00389234,6.029e-05,0.00026316,0.00042105,0.0002555,0.00013589,0.00095407,0.00025072,6.411e-05,0.00370191,0.00023493,0.00016316,0.000311,5.167e-05,0.00045407,0.00010335,0.00211818,0.00016555,0.00044402,1.962e-05,0.00036699,0.02167033,1.435e-05,5.455e-05,7.321e-05,3.445e-05,0.00108947,6.842e-05,1.148e-05,0.00160766,0.00059378,0.0003067,7.416e-05,0.00011818,1.1e-05,0.00017895,6.172e-05,2.392e-05,7.66e-06,0.00245502,7.464e-05,2.871e-05,0.00020383,0.00021435,0.0005,0.00012392,0.00057081,3.349e-05,8.947e-05,0.00043589,0.00022153,1.005e-05,3.83e-06,4.785e-05,1.531e-05,9.091e-05,0.00130861,0.00109091,0.00010383,0.0001177,0.0001201,7.943e-05,0.00066555,0.00024785,1.053e-05,0.00010335,6.507e-05,9.09e-06,1.388e-05,7.512e-05,0.00025598,2.39e-06
ilTheObel3,0.38487821,0.01078211,0.00352807,0.00265224,0.00354377,0.00150238,0.00367412,0.0172236,0.00194053,0.00137536,0.01094672,0.00352617,0.00681399,0.00052902,0.00230971,0.00114938,0.00071361,0.00376736,0.00044386,0.00059562,0.00079163,0.04763701,0.00104234,0.00032255,0.00021408,0.00022931,0.00038868,0.00090676,3.949e-05,0.00514082,0.00287821,0.00015652,0.00054186,0.00025928,7.374e-05,9.61e-05,5.709e-05,0.00013939,0.0006765,0.00014225,0.00059515,0.00015366,0.00036299,0.00015699,4.282e-05,0.00017222,0.00026166,5.519e-05,0.00047336,0.00116889,0.00163368,9.324e-05,0.00038344,9.657e-05,5.994e-05,2.521e-05,0.00024596,0.00044957,0.0011313,3.806e-05,9.848e-05,0.00048192,6.803e-05,0.00010038,0.01768459,0.0010352,0.0001784,3.616e-05,9.99e-05,0.00029258,7.231e-05,0.00010847,0.00012417,0.00025737,5.328e-05,0.00011751,0.00018459,1.427e-05,0.00016556,2.712e-05,1.332e-05,2.569e-05,0.0002274,4.282e-05,5.947e-05,0.00011608,6.18e-06,5.23e-06,4.9e-05,0.00044386,9.99e-06,0.00027117,0.00038059,0.00026499,1.998e-05,0.00010799,7.14e-06,1.142e-05,8.944e-05,0.00016889,0.00011656,0.00010942,7.945e-05,5.471e-05,0.00010704,0.00018126,3.568e-05,0.00014129,0.00010942,0.00024167,9.562e-05,2.236e-05,0.00030971,2.95e-05,0.00028354,0.00020742,2.664e-05,5.376e-05,5.138e-05,1.047e-05,7.61e-06
ilThoDeci1,0.73115646,0.04850861,0.00479617,0.0009,0.00608038,0.00588278,0.00113684,0.00176077,0.00455024,0.00367847,0.00396268,0.00083445,0.00116172,0.00178421,0.0023445,0.00038708,0.00119569,0.00018278,0.00051722,0.00053589,0.0003445,0.00088517,0.00020718,0.00060383,0.00110526,0.00010718,0.00020239,0.00040431,5.072e-05,0.00028995,0.00013493,0.00018278,0.00087225,6.459e-05,0.00047751,4.593e-05,5.55e-05,0.00023589,0.00028373,0.00013971,0.00019474,0.0001201,7.129e-05,0.00047799,2.344e-05,9.952e-05,0.0002201,0.00019282,0.00011531,0.00015694,3.493e-05,0.00013349,0.00040957,0.00011962,0.00033828,7.464e-05,0.00015742,6.459e-05,0.00010096,0.00019187,6.22e-05,5.359e-05,0.00014115,7.512e-05,0.0001378,2.057e-05,1.866e-05,0.00026555,1.244e-05,0.00017368,8.325e-05,3.589e-05,6.077e-05,0.00013636,0.00012297,3.254e-05,0.00012727,5.789e-05,5.12e-05,0.00014785,0.00014258,2.153e-05,0.00011675,6.172e-05,4.976e-05,4.498e-05,0.0001445,0.00010957,7.081e-05,1.818e-05,1.196e-05,0.00024545,1.579e-05,0.00018612,3.732e-05,0.00036842,0.00025981,1.77e-05,0.00016077,8.995e-05,3.11e-05,5.12e-05,1.675e-05,5.55e-05,0.00013684,6.938e-05,5.981e-05,3.78e-05,0.00023541,3.158e-05,0.00018086,4.258e-05,0.00012632,7.177e-05,0.0001488,0.00016172,6.411e-05,2.871e-05,5.933e-05,0.0001201,2.39e-06
ilThuSene1,0.31963279,0.00673921,0.00441275,0.00148849,0.00816539,0.00654219,0.00202061,0.00366299,0.00192522,0.00488207,0.0042536,0.00072244,0.00132646,0.00129482,0.00325695,0.00134756,0.00069751,0.00034564,0.00144535,0.00051774,0.00112752,0.00089693,0.00027852,0.00046165,0.00760786,0.00013135,0.00034612,0.00057574,0.00017785,0.00561361,0.00017546,0.00014382,0.00023634,8.917e-05,0.00227133,0.00024161,0.00050815,0.00041802,0.00016683,0.00021141,0.0003466,0.00046309,6.711e-05,8.629e-05,3.739e-05,0.00024353,8.198e-05,0.00056999,5.561e-05,0.00026942,5.657e-05,0.00011553,0.00096788,8.725e-05,0.00039501,6.04e-05,0.00020566,6.568e-05,7.191e-05,0.00014286,3.643e-05,1.678e-05,0.00015053,0.00022579,0.21261601,7.143e-05,6.184e-05,0.00021477,1.007e-05,0.00019319,4.554e-05,2.589e-05,6.328e-05,0.00014334,8.006e-05,3.5e-05,8.917e-05,5.417e-05,4.075e-05,0.00013327,9.06e-05,0.00011937,0.00015868,3.404e-05,8.821e-05,9.396e-05,7.718e-05,2.733e-05,0.00026174,0.00012608,1.822e-05,0.00010499,9.779e-05,0.00018648,3.691e-05,3.979e-05,6.184e-05,2.589e-05,8.965e-05,0.00023921,3.643e-05,6.376e-05,7.143e-05,7.862e-05,0.00112752,4.123e-05,4.698e-05,6.903e-05,6.903e-05,8.821e-05,3.787e-05,0.0001232,5.369e-05,8.485e-05,4.698e-05,0.0001443,5.177e-05,1.486e-05,1.44e-06,6.568e-05,4.8e-07
ilThyBati1,0.04460381,0.00751048,0.00383762,0.00041571,0.04792952,0.0011619,0.00214476,0.00077381,0.00799381,0.01359714,0.0033281,0.00173714,0.0044619,0.00025238,0.03837238,0.0008981,0.00652381,0.00012857,0.00011667,0.00118333,0.00013619,0.00105667,0.00025476,0.01577048,0.00021,3.81e-05,0.00011095,0.00107095,4.048e-05,0.00043333,0.00011476,0.00042952,0.00051762,9.095e-05,0.00023048,0.00024714,5.143e-05,0.00086667,0.00025333,0.00018905,0.00014429,6.524e-05,0.00011,0.00016952,0.00033571,0.00014619,0.00033857,0.00015905,0.00038905,0.00026286,4.238e-05,0.00018143,0.00019619,0.00043286,5.667e-05,0.00013905,0.00014238,7.524e-05,3.762e-05,0.00017905,5.524e-05,0.00010714,0.00184286,5.81e-05,0.04124,5.524e-05,0.00013762,0.00018619,3.33e-06,5.286e-05,5.857e-05,0.0009781,4.667e-05,0.00067286,1e-05,5.905e-05,0.00177286,0.00036238,8.762e-05,0.00279048,0.00061333,4.81e-05,0.00010619,0.0002219,3.143e-05,0.00012571,2.762e-05,4.8e-07,0.00074571,0.00023095,3.048e-05,2.238e-05,9.095e-05,0.00013429,2.762e-05,7.333e-05,1.571e-05,4.19e-05,0.00036714,0.00027286,0.00014714,3.762e-05,8.1e-06,5.857e-05,0.00015952,0.00077714,0.00014524,8.095e-05,7.762e-05,1.571e-05,2.095e-05,0.00019,2.857e-05,4.667e-05,0.00010286,2.619e-05,4.714e-05,9.52e-06,0.00010619,0.00044714,4.8e-07
ilThySylv1,0.46153145,0.00675756,0.00979645,0.01187758,0.00248632,0.00519683,0.0038939,0.00615843,0.00140759,0.00442295,0.00036678,0.00118147,0.01059193,0.00031349,0.00083437,0.00124964,0.03888286,0.00151128,0.00186798,0.00044359,0.00081325,0.00109698,0.00059482,0.00026932,0.00052664,0.00032741,0.00014162,0.00085214,5.617e-05,0.00170331,9.65e-05,7.537e-05,0.00228517,0.00118099,6.913e-05,5.329e-05,0.00011042,0.00012194,0.00023044,0.00014354,0.00076476,0.00020979,0.0003543,0.00020499,2.304e-05,0.00029477,0.00010322,6.193e-05,0.00021747,0.00041623,3.553e-05,0.00029429,0.00033317,0.00285406,5.953e-05,0.02258377,4.705e-05,0.00016419,0.00014354,8.401e-05,5.761e-05,0.00030437,0.00013586,0.00026788,6.097e-05,0.00018531,4.081e-05,0.00062698,0.00056073,0.00394239,0.00046327,2.208e-05,3.745e-05,4.849e-05,3.697e-05,0.01589006,1.632e-05,2.784e-05,0.00012722,7.201e-05,3.985e-05,0.00013202,6.913e-05,0.00032165,0.0001061,0.00010946,3.217e-05,4.129e-05,9.554e-05,6.961e-05,1.44e-05,0.00546087,0.00016419,7.921e-05,5.377e-05,0.00016899,0.00030485,1.008e-05,2.16e-05,9.554e-05,2.112e-05,6.289e-05,1.92e-05,8.64e-06,2.832e-05,6.625e-05,8.449e-05,0.0001205,0.00012962,4.705e-05,0.00011762,8.641e-05,1.968e-05,6.385e-05,9.842e-05,2.784e-05,3.36e-06,3.36e-06,0.00045847,0.00056265,0.0
ilTilAura1,0.33142171,0.01000817,0.01005331,0.00739481,0.00610807,0.00142988,0.00364793,0.01148943,0.00998607,0.00751729,0.00905379,0.00073775,0.00115034,0.00046686,0.00891979,0.00481028,0.00180788,0.00017627,0.00152786,0.00021134,0.00045629,0.00166715,0.00017099,0.00045341,0.00057877,0.00119885,0.0006902,0.0001633,0.00011239,0.00021037,9.126e-05,0.00247983,0.00039769,0.00114457,9.942e-05,0.00016475,0.00016715,0.00016234,0.00014217,0.0005,0.00019933,0.00016859,9.366e-05,0.00058405,2.402e-05,0.00013929,0.00227089,0.00010759,9.174e-05,0.00140298,5.956e-05,0.00015754,0.000183,0.00059846,9.13e-06,0.00040538,9.654e-05,2.354e-05,0.00063305,0.00034342,5.86e-05,7.157e-05,4.419e-05,0.00016571,3.41e-05,0.00024063,3.65e-05,6.388e-05,5.379e-05,0.00109846,7.012e-05,0.00096206,0.00029491,4.611e-05,0.0001196,3.65e-05,0.00060807,2.594e-05,3.458e-05,0.00010375,5.235e-05,0.00058453,0.00012296,1.681e-05,6.24e-06,0.0001585,0.00015658,2.498e-05,0.000195,1.585e-05,8.261e-05,6.964e-05,5.187e-05,8.982e-05,4.995e-05,0.0002171,4.227e-05,0.00047454,0.00016138,0.0001268,0.00012104,0.00019452,1.297e-05,3.84e-06,3.554e-05,0.00013641,5.043e-05,1.44e-06,3.794e-05,0.00014986,4.275e-05,0.0001633,0.000244,1.969e-05,3.266e-05,7.253e-05,4.851e-05,1.585e-05,3.266e-05,0.00014121,4.8e-07
ilTinSemi1,0.04864354,0.01084019,0.01371627,0.00080335,0.00241531,0.01048612,0.00409043,0.00197512,0.00236794,0.01891244,0.00306746,0.00114019,0.00263397,0.00051388,0.00159234,0.00114258,0.00244593,0.00016172,0.00026986,0.00034737,0.00099522,0.0003445,0.00022057,0.11904928,0.00241292,0.00017273,0.00030191,0.00062919,0.0001823,0.00021962,0.01265311,0.00129809,0.00012967,8.517e-05,0.0003555,0.00042536,3.062e-05,4.928e-05,0.00034067,0.0005067,0.00027703,0.00097033,0.00027656,4.641e-05,2.632e-05,8.23e-05,0.00016699,0.00029665,0.00016364,7.895e-05,1.34e-05,0.00075311,5.646e-05,0.00061196,4.785e-05,0.000111,6.124e-05,0.000211,0.00059139,0.00013923,6.555e-05,2.488e-05,8.804e-05,0.00022153,8.469e-05,0.0003177,0.00033493,0.00038756,0.00028086,0.00017751,0.00792392,0.00012057,8.9e-05,0.00025598,5.263e-05,0.00149713,4.354e-05,8.086e-05,4.115e-05,0.00033923,2.919e-05,9.282e-05,3.684e-05,0.00038756,0.00011148,1.053e-05,7.66e-06,1.1e-05,0.01340909,0.00025789,2.01e-05,1.435e-05,5.981e-05,3.732e-05,9.09e-06,3.732e-05,5.024e-05,1.962e-05,3.684e-05,6.603e-05,0.00012201,7.273e-05,0.00140718,1.196e-05,1.627e-05,5.311e-05,6.938e-05,0.00032153,1.1e-05,1.34e-05,9.57e-06,0.00016507,5.26e-06,5.502e-05,1.435e-05,1.675e-05,1.866e-05,7.18e-06,0.00010718,1.1e-05,9.09e-06
ilTinTrin1,0.01472766,0.02591782,0.00173483,0.00205112,0.00879455,0.00094458,0.00537076,0.00113282,0.00106832,0.00188485,0.00150311,0.00124797,0.00316531,0.00016436,0.00094649,0.0003655,0.00405638,6.737e-05,0.00022695,0.00028858,0.00028476,0.00066507,2.771e-05,0.00043669,0.00010798,0.00081701,0.00117152,0.00061921,1.386e-05,0.00135643,0.00012661,0.00079646,0.00028571,0.00015194,0.00014763,0.00012661,1.194e-05,7.836e-05,7.071e-05,4.539e-05,4.634e-05,0.00011467,2.293e-05,0.00016245,6.689e-05,4.634e-05,8.552e-05,0.00223746,1.433e-05,0.00021691,4.826e-05,0.00025561,0.00010272,2.867e-05,3.201e-05,6.163e-05,2.58e-05,5.925e-05,0.00022647,0.00016579,6.546e-05,4.3e-05,7.406e-05,2.771e-05,0.00041615,0.00011562,0.00278404,0.0001505,3.727e-05,7.453e-05,0.00037649,5.447e-05,0.0004429,0.01636789,2.962e-05,1.624e-05,0.00049737,2.102e-05,2.389e-05,0.00024558,0.00045533,0.0001118,0.00068084,2.007e-05,4.873e-05,7.788e-05,5.73e-06,3.631e-05,0.00028141,0.00040994,6.69e-06,0.00010463,8.982e-05,0.32953655,2.437e-05,0.00033206,0.00018586,7.17e-06,0.00029097,5.495e-05,6.69e-06,3.249e-05,1.386e-05,2.102e-05,2.819e-05,2.293e-05,1.242e-05,2.246e-05,6.211e-05,3.82e-06,1.433e-05,1.529e-05,5.73e-06,7.17e-06,2.389e-05,4.682e-05,9.6e-07,8.12e-06,2.15e-05,2.58e-05,4.8e-07
ilTorAlte1,0.26642176,0.01446756,0.00528101,0.0045229,0.0086417,0.0052562,0.00362023,0.00106584,0.00161689,0.00196326,0.00824809,0.0005854,0.00174189,0.00250095,0.00396231,0.00041889,0.00090935,0.00010496,0.00036737,0.00131202,0.00045897,0.00047376,0.00033206,0.00034971,0.00070945,0.00048903,0.00160258,0.00047853,0.0001188,0.00513597,0.00198378,0.01340983,0.00031727,0.00023569,6.298e-05,0.00021947,0.00021231,0.00026527,0.00025286,0.00011355,0.00231298,0.00021803,7.729e-05,0.00144227,0.00012643,0.0013626,0.00028197,0.0075229,0.00023521,0.00013073,2.958e-05,0.00065363,0.00045038,6.393e-05,6.966e-05,0.00013216,0.00071708,1.765e-05,0.00019275,0.00046374,8.492e-05,0.0002376,0.00060973,0.00011069,0.0001188,0.00013836,8.445e-05,0.00024714,0.00026908,5.487e-05,8.54e-05,0.00055487,0.00194656,0.00010926,0.00010782,2.385e-05,0.00032252,7.061e-05,1.24e-05,0.0147834,2.863e-05,0.00012166,0.00100859,0.00070754,0.00013836,0.00022376,0.00016651,3.531e-05,0.00017939,0.00014933,0.00013454,0.00014504,8.874e-05,0.00086403,6.202e-05,0.00062023,6.059e-05,0.00014456,5.487e-05,0.00089695,0.0005229,0.00025811,0.00014265,0.00032443,0.00045897,5.344e-05,0.00015219,0.0001584,5.964e-05,6.489e-05,7.156e-05,0.0001145,1.622e-05,3.912e-05,0.0001188,2.576e-05,9.06e-06,2.147e-05,2.529e-05,0.00038454,0.00019466
ilTriEmor1,0.06027181,0.02262608,0.02015244,0.01152733,0.01263902,0.02981448,0.00108293,0.02076606,0.02973969,0.01206088,0.00059156,0.00202301,0.00190173,0.00041898,0.0008744,0.00066539,0.02123394,0.00020134,0.00097028,0.00119703,0.0006419,0.00075599,0.00020949,0.0043279,0.00221524,0.00246165,0.0002186,0.00180872,4.31e-06,0.02036002,0.00204986,0.00089981,0.00034995,0.00014382,0.00045829,0.03135187,3.979e-05,0.000814,6.04e-05,0.00439501,0.00097411,0.00013471,9.108e-05,0.00014717,5.75e-06,0.00014669,0.00013758,0.00023634,0.00046309,0.00052445,5.034e-05,0.00036865,0.00044727,0.0002023,1.198e-05,8.485e-05,6.568e-05,0.00028476,0.00012656,5.705e-05,0.00013183,0.0001582,0.00034468,0.00035235,7.383e-05,0.00018888,6.999e-05,0.00061841,9.684e-05,0.00020757,7.047e-05,6.424e-05,6.759e-05,2.157e-05,8.437e-05,2.061e-05,0.00011074,4.89e-05,6.184e-05,0.00018169,5.465e-05,6.184e-05,7.67e-06,0.00024401,4.027e-05,9.012e-05,3.308e-05,1.438e-05,0.00010211,3.5e-05,0.00021668,4.506e-05,3.5e-05,5.657e-05,3.212e-05,0.00034228,6.28e-05,2.828e-05,8.63e-06,9.54e-05,6.04e-05,6.52e-05,0.00053164,9.06e-05,0.00014669,2.924e-05,2.733e-05,1.246e-05,3.5e-05,4.506e-05,0.00018504,2.828e-05,2.685e-05,9.827e-05,5.369e-05,0.00014046,3.36e-06,1.055e-05,7.862e-05,3.36e-06,4.79e-06
ilTyrJaco4,0.03540173,0.01225935,0.02429962,0.13393816,0.00183941,0.00845206,0.00496596,0.00512128,0.00220134,0.01468073,0.00224065,0.00091131,0.00949808,0.00035858,0.00072339,0.00085427,0.00189981,0.0001999,0.00204746,0.00017641,0.00128284,0.00022483,7.335e-05,0.00033317,0.0017953,0.06348322,0.00047459,0.00069607,3.26e-05,0.00051198,0.00024832,0.00028476,0.00014046,4.554e-05,0.00033126,0.00024209,2.301e-05,0.00019847,0.00377469,7.095e-05,9.108e-05,0.00032071,4.41e-05,0.00010355,6.903e-05,8.485e-05,0.00022387,0.00034947,0.00014382,5.657e-05,5.225e-05,0.00053404,0.00010019,5.369e-05,0.00010499,1.39e-05,7.862e-05,0.004907,0.00023634,8.917e-05,0.00016922,4.842e-05,6.903e-05,0.00070853,5.849e-05,1.198e-05,0.00018888,0.00046836,6.088e-05,0.00014717,0.00017018,0.00016059,6.616e-05,1.822e-05,5.657e-05,0.00014382,0.00011074,3.739e-05,8.437e-05,0.00068073,0.00014765,6.184e-05,0.00048658,1.774e-05,5.561e-05,2.397e-05,0.00301007,0.00022196,0.00014621,5.321e-05,4.362e-05,7.862e-05,0.00013567,0.00047939,0.00027037,7.958e-05,0.00010786,4.65e-05,0.00050336,0.00021477,1.63e-05,8.437e-05,2.972e-05,1.342e-05,9.012e-05,0.00088303,8.102e-05,3.5e-05,2.157e-05,1.103e-05,0.00074449,1.246e-05,0.00020038,3.212e-05,1.726e-05,4.506e-05,6.663e-05,5.177e-05,1.39e-05,9.588e-05,1.92e-06
ilUdeOliv2,0.24031289,0.00336847,0.02943987,0.00245472,0.01100575,0.00262865,0.00293915,0.00980067,0.0024873,0.00203306,0.00129229,0.00954959,0.00499856,0.00111644,0.00209296,0.00222568,0.00968759,0.00424581,0.00045855,0.00046239,0.00073119,0.00064447,0.00021322,0.00056493,0.00026641,0.00021802,0.0001035,0.00043603,9.966e-05,0.00070149,0.00028079,0.00017873,0.00041351,0.00034595,0.00032631,7.235e-05,7.187e-05,0.0003287,5.127e-05,0.00029851,0.00032726,0.00020508,0.00019166,9.2e-05,6.23e-06,0.00012218,0.00025252,0.00019789,7.331e-05,0.00028845,0.00038764,0.00017633,8.289e-05,0.0001586,2.54e-05,7.235e-05,0.00020891,0.00218639,0.0004413,0.00011404,7.714e-05,7.475e-05,0.00019598,0.00012218,5.127e-05,0.00041687,0.00020795,0.00015285,5.367e-05,3.929e-05,6.133e-05,3.019e-05,8.816e-05,0.00040776,9.344e-05,0.00017825,4.6e-05,3.833e-05,4.696e-05,8.481e-05,9.823e-05,0.00014327,0.0004116,9.296e-05,0.00022664,0.00012458,0.000115,9.679e-05,0.00012889,8.625e-05,5.127e-05,3.402e-05,0.00016052,2.156e-05,0.33188021,2.587e-05,3.977e-05,0.00011739,4.744e-05,4.6e-05,2.444e-05,9.679e-05,4.121e-05,1.006e-05,6.517e-05,0.00046909,7.762e-05,6.66e-05,3.929e-05,1.629e-05,1.485e-05,0.00011548,1.917e-05,8.529e-05,2.012e-05,6.373e-05,4.31e-06,0.00079013,7.19e-06,2.348e-05,2.444e-05
ilVanAtal1,0.00529647,0.00161868,0.01059199,0.00204957,0.00235605,0.00113441,0.00083508,0.00137846,0.00135367,0.00029504,0.00288608,0.00027216,0.00047235,0.00010629,0.00045663,0.00028265,0.00019256,8.627e-05,0.00024166,0.00015825,0.00014252,9.676e-05,8.58e-05,0.00038513,7.388e-05,0.00011964,0.0001878,0.00020114,3.861e-05,0.00013155,6.625e-05,3.765e-05,4.719e-05,5.005e-05,6.864e-05,6.149e-05,0.00014395,0.00011249,4.576e-05,9.962e-05,0.00011058,4.48e-05,8.484e-05,0.00015491,0.72983842,1.716e-05,6.339e-05,4.862e-05,1.335e-05,8.389e-05,9.06e-06,7.483e-05,7.34e-05,9.867e-05,1.049e-05,6.244e-05,3.765e-05,2.145e-05,4.576e-05,6.053e-05,2.383e-05,3.241e-05,5.529e-05,6.721e-05,8.58e-05,5.386e-05,4.77e-06,6.244e-05,1.668e-05,8.055e-05,5.624e-05,5.72e-06,5.1e-05,7.579e-05,3.48e-05,2.86e-05,7.769e-05,7.15e-05,6.339e-05,5.577e-05,1.049e-05,1.573e-05,1.478e-05,2.86e-05,2.24e-05,4.957e-05,1.811e-05,2.38e-06,2.479e-05,2.669e-05,2.86e-06,3.765e-05,9.104e-05,4.004e-05,1.049e-05,3.241e-05,2.24e-05,3.527e-05,3.48e-05,5.291e-05,1.43e-05,2.002e-05,1.287e-05,1.716e-05,2.86e-05,0.00017731,2.193e-05,2.765e-05,1.573e-05,2.86e-05,2.002e-05,2.05e-05,4.8e-07,1.239e-05,3.051e-05,2.097e-05,6.2e-06,0.0,2.336e-05,3.81e-06,4.77e-06
ilVanCard2,0.00413647,0.00067713,0.02344888,0.0006719,0.00382073,0.01072658,0.00093818,0.00044032,0.01126058,0.00031098,0.0002135,0.00036329,0.00058868,0.00015169,0.00026438,0.00016358,0.00020114,0.00080076,0.00011079,0.00025392,0.00054208,0.00013314,0.00112268,0.00135473,0.00029529,0.00012126,3.661e-05,0.00022159,5.896e-05,0.00012126,2.52e-05,6.99e-05,0.00013505,6.372e-05,4.993e-05,6.66e-06,7.61e-06,9.796e-05,9.558e-05,6.99e-05,4.137e-05,1.664e-05,5.706e-05,1.664e-05,1.474e-05,3.424e-05,5.373e-05,2.806e-05,6.18e-06,1.997e-05,2.045e-05,6.847e-05,9.99e-06,2.663e-05,5.373e-05,9.035e-05,1.331e-05,2.948e-05,1.046e-05,3.709e-05,1.9e-06,1.902e-05,3.043e-05,1.997e-05,3.424e-05,4.76e-06,2.092e-05,2.615e-05,2.901e-05,1.189e-05,0.50675131,6.18e-06,1.712e-05,2.948e-05,1.379e-05,2.187e-05,1.141e-05,2.85e-06,3.33e-06,2.425e-05,2.425e-05,1.284e-05,3.376e-05,1.95e-05,9.99e-06,1.284e-05,5.373e-05,3.33e-06,0.00010937,1.854e-05,1.9e-06,4.327e-05,6.467e-05,1.95e-05,1.43e-06,4.803e-05,1.236e-05,2.85e-06,1.712e-05,3.376e-05,6.18e-06,1.427e-05,9.51e-06,4.28e-06,1.379e-05,1.807e-05,7.61e-06,7.798e-05,1.712e-05,1.046e-05,2.14e-05,2.38e-06,9.03e-06,1.43e-06,2.38e-06,4.76e-06,9.99e-06,2.85e-06,7.61e-06,1.094e-05,4.8e-07
ilWatBina1,0.01811973,0.00669636,0.00294301,0.00047893,0.02002395,0.00202203,0.00049473,0.0011863,0.00401054,0.00389464,0.13213027,0.00049904,0.00111159,0.0057227,0.00121887,0.00021169,0.00126533,7.471e-05,0.00019444,0.00641715,0.00038123,0.00268487,0.00048851,0.00195354,0.0010431,6.274e-05,8.477e-05,0.00013218,0.00024665,0.00018918,0.00020929,0.00017193,7.471e-05,3.736e-05,0.0002567,0.00011159,2.49e-05,8.908e-05,0.00010249,0.00012835,7.088e-05,0.00025335,0.000159,0.00011351,4.31e-06,8.142e-05,5.651e-05,3.257e-05,2.443e-05,2.251e-05,1.533e-05,0.00012308,0.00034435,7.567e-05,0.00017433,4.215e-05,4.358e-05,1.676e-05,6.561e-05,5.125e-05,0.0001705,7.471e-05,0.00012787,0.00012883,0.00010345,8.956e-05,6.23e-06,0.00017337,2.921e-05,4.55e-05,2.49e-05,9.1e-06,6.466e-05,6.561e-05,4.023e-05,7.66e-06,0.00021935,2.011e-05,1.054e-05,0.00012021,9.674e-05,3.209e-05,8.238e-05,0.00022893,0.0001183,0.00013554,4.358e-05,1.389e-05,3.305e-05,2.011e-05,4.31e-05,1.772e-05,1.628e-05,1.006e-05,3.161e-05,0.00035393,5.556e-05,0.00011734,5.077e-05,1.054e-05,7.66e-06,1.772e-05,7.998e-05,1.149e-05,0.32002107,5.699e-05,4.358e-05,2.059e-05,4.167e-05,4.31e-06,0.00013889,3.257e-05,0.0001317,7.18e-06,2.059e-05,8.238e-05,0.0,1.485e-05,1.92e-06,8.525e-05,3.448e-05
ilXanIcte2,0.29912787,0.01723994,0.01839895,0.01400048,0.0017658,0.0025613,0.02109243,0.00443487,0.00091906,0.02093678,0.00090038,0.00077682,0.01444349,0.00395019,0.00048755,0.00095833,0.00065182,0.00049952,0.00040086,0.01625144,0.00081034,0.00027011,0.00094253,0.00029358,0.00044013,0.00056944,0.00029071,0.00168582,7.95e-05,0.00064943,0.0001681,0.00025383,0.0002433,0.00045546,8.716e-05,5.939e-05,4.55e-05,0.00011159,0.00021791,0.00050431,0.00016092,7.95e-05,0.00022653,0.00014272,3.35e-06,0.00053688,7.807e-05,8.525e-05,0.0002318,9.243e-05,5.316e-05,9.483e-05,0.00020498,0.00124617,0.00012596,5.747e-05,8.094e-05,0.00053257,0.00030556,0.00011207,9.626e-05,0.00033381,0.00075287,6.466e-05,0.00010201,0.00010776,0.00011734,0.00038841,0.00013937,6.37e-05,6.13e-05,0.00020402,0.00018103,0.00012404,1.628e-05,3.161e-05,6.849e-05,0.00025862,1.197e-05,0.00015086,0.00021216,8.621e-05,1.437e-05,0.00019109,5.316e-05,0.00064655,0.00010489,0.00010728,0.00036638,3.209e-05,0.00013937,2.347e-05,0.00034579,0.00027011,3.592e-05,0.00028113,7.184e-05,0.00010632,0.00020259,7.759e-05,0.00012261,6.082e-05,0.00035536,2.395e-05,1.58e-05,0.00066715,6.466e-05,2.634e-05,0.00027682,1.245e-05,2.395e-05,3.83e-06,2.826e-05,1.197e-05,5.27e-06,5.699e-05,0.00019061,9.6e-07,0.0001523,6.082e-05,6.23e-06
ilXanSpad1,0.13303587,0.00404113,0.01725347,0.00316069,0.00337494,0.00262315,0.00088809,0.00475897,0.02493735,0.00466523,0.00082401,0.00143759,0.00226351,0.00064515,0.07773984,0.00091726,0.00089574,0.00017838,0.00168388,0.00087757,0.00840794,0.00104926,0.00044524,0.00475753,0.00042946,0.00214873,7.987e-05,0.00140555,6.695e-05,0.00017886,9.804e-05,0.00029364,8.513e-05,0.00031612,0.01076805,0.0009187,3.3e-05,0.00130703,0.00025155,0.0001693,0.0002133,0.00023434,7.365e-05,9.182e-05,7.7e-05,8.56e-05,0.00064706,0.00012817,0.00020038,0.00062267,5.93e-05,5.452e-05,0.00013582,0.00035629,8.608e-05,8.608e-05,0.00014204,3.443e-05,0.00014108,0.00108321,0.00209517,0.00049593,0.00029507,7.987e-05,5.835e-05,0.000945,9.134e-05,0.00015112,2.774e-05,8.656e-05,0.00012626,1.148e-05,0.00136872,0.00107413,8.943e-05,3.587e-05,7.269e-05,5.739e-05,0.00012291,0.0001033,0.00017647,4.782e-05,0.00015017,0.00030225,8.8e-05,0.00022429,2.965e-05,2.487e-05,0.00018604,0.00014108,2.056e-05,6.934e-05,2.678e-05,0.00012243,6.121e-05,0.00047011,0.00017551,1.148e-05,0.00037829,0.00023195,3.109e-05,2.535e-05,2.056e-05,1.817e-05,7.317e-05,0.00110856,2.487e-05,1.435e-05,0.00016595,7.604e-05,6.552e-05,0.00052654,9.23e-05,0.00071736,0.00011813,0.00065088,8.274e-05,2.39e-06,3.443e-05,0.00022812,0.0
ilXesCnig1,0.26587027,0.03110962,0.00317712,0.00327908,0.00167305,0.00509957,0.00483054,0.00210148,0.00729057,0.00527956,0.04659359,0.00113499,0.00165103,0.00026663,0.00174198,0.00432551,0.00036525,0.00024844,0.00149689,0.00135472,0.00169411,0.00110148,0.00017329,0.00048684,0.00450503,0.00138822,0.00106271,0.00195261,0.00013643,0.00029679,0.00051077,7.659e-05,0.00019531,0.00022116,0.00102441,7.42e-05,7.563e-05,0.00061178,7.899e-05,0.00011537,0.00015366,0.00010005,0.00032073,0.00033557,9.335e-05,0.00067544,0.00024509,0.02581139,4.5e-05,0.00138104,4.548e-05,0.00013547,0.00072954,7.755e-05,3.159e-05,2.106e-05,8.377e-05,2.154e-05,0.00070321,0.00017951,0.00011058,9.191e-05,0.00047439,2.106e-05,0.00019435,0.00033844,3.016e-05,8.042e-05,4.31e-06,8.617e-05,4.404e-05,3.973e-05,4.978e-05,0.00085495,0.00045476,6.223e-05,0.00534371,2.968e-05,0.00026185,0.00018238,0.00026807,0.00036477,0.00010148,9.813e-05,9.67e-05,0.00015893,1.867e-05,0.00010196,0.01857683,0.00012733,3.207e-05,9.095e-05,2.92e-05,0.00017855,0.00011824,7.133e-05,0.00015175,0.00010005,0.00127382,3.447e-05,0.00023648,0.00011106,1.771e-05,0.00014744,3.494e-05,0.00019818,5.026e-05,1.915e-05,0.00019866,0.00010244,7.085e-05,4.931e-05,1.963e-05,5.218e-05,2.346e-05,5.266e-05,3.351e-05,1.101e-05,5.27e-06,0.00022259,1.44e-06
ilXesXant1,0.31968132,0.03485141,0.00474773,0.00177019,0.00599666,0.00724797,0.01015958,0.00350693,0.01182991,0.01946727,0.00092117,0.00079838,0.00171811,0.00072814,0.00049451,0.00091209,0.00149737,0.00020354,0.00022504,0.00101051,0.00043956,0.00249164,0.00028858,0.00074343,0.00174725,7.501e-05,0.00022217,0.00267272,0.00017678,0.00073817,0.00037267,0.00022026,0.00019589,0.00025323,0.00028428,0.00011945,1.29e-05,8.505e-05,0.00031008,0.00021309,0.00036216,0.00017487,0.00054276,5.59e-05,2.87e-06,0.00011897,0.00016245,0.00067606,0.00128428,0.00020258,8.743e-05,0.00039847,0.00021644,6.307e-05,2.58e-05,0.00010081,5.399e-05,1.529e-05,0.00012136,7.501e-05,0.00024606,7.931e-05,0.00091304,3.822e-05,0.00017535,0.00025179,7.453e-05,0.00017774,0.00026804,0.00036455,1.003e-05,3.297e-05,0.00016866,0.00013521,5.16e-05,2.867e-05,0.0001032,3.822e-05,5.59e-05,4.109e-05,7.023e-05,7.453e-05,0.00010177,0.00286144,0.00019064,0.00057525,1.911e-05,2.628e-05,0.00042427,9.317e-05,3.058e-05,6.593e-05,0.00070903,0.00030387,3.44e-05,0.0001032,0.00010368,4.634e-05,0.00013951,0.00058194,6.211e-05,0.00012327,0.00183612,2.676e-05,0.00019064,0.00027138,9.126e-05,2.15e-05,8.505e-05,1.43e-06,3.058e-05,2.054e-05,5.877e-05,0.00022838,1.72e-05,1.386e-05,1.003e-05,5.73e-06,6.928e-05,7.358e-05,1.194e-05
ilXylAreo1,0.34452694,0.00718693,0.00741249,0.00552408,0.06677778,0.00118264,0.00284168,0.00476395,0.00094278,0.02437291,0.00445112,0.00034859,0.00226085,0.00148498,0.04665999,0.00206056,0.00042251,9.442e-05,0.00197949,0.00312303,0.00032332,0.00068002,0.00231569,0.00040153,0.00051693,0.00036862,0.00038531,0.00048689,0.00020744,0.0009938,0.00012303,0.00580544,0.00108345,0.00441965,0.00024702,0.00030424,2.67e-05,0.00053076,0.00015403,0.00097043,0.00086409,0.00013877,0.00037864,0.00061183,1.431e-05,0.00030663,0.00048689,0.00050787,0.0001731,0.00040629,1.907e-05,5.818e-05,0.00253362,0.00137005,4.864e-05,0.00022747,0.00044635,5.484e-05,0.0001836,0.00266476,0.00040296,0.00023319,0.00046113,0.00024511,6.676e-05,0.00023987,0.00039151,0.00030901,0.00014974,0.01871817,0.0021979,0.00023605,0.00386314,0.00013734,0.00021602,0.00011588,0.00060897,0.00026037,0.0001979,0.00017454,0.00019218,0.00115689,0.00014926,0.00014449,8.393e-05,6.39e-05,5.103e-05,0.00040582,0.00018169,4.959e-05,0.00012399,3.195e-05,0.00048689,0.00085169,8.679e-05,0.00845732,9.013e-05,0.00101526,0.0003133,0.0003939,0.00030138,0.00025179,4.435e-05,0.0003238,0.00023939,0.00029089,0.00055842,2.003e-05,9.633e-05,0.00029757,0.00025274,0.00040486,6.104e-05,8.155e-05,0.00101955,0.00021602,2.86e-06,2.814e-05,0.00023271,0.00128994,1.669e-05
ilYpoCagn1,0.23115149,0.03509204,0.01163615,0.0032977,0.06152157,0.00344535,0.01323921,0.00322867,0.00898035,0.00558102,0.02295398,0.00071524,0.0031534,0.00025935,0.0026908,0.00033509,0.00475503,6.616e-05,0.00155417,0.00011697,0.00109923,0.00043816,0.00039118,0.00134947,0.00214813,0.0001582,8.965e-05,0.00338495,4.41e-05,0.00474113,0.00106663,0.00075743,0.00135379,0.00208198,5.849e-05,0.00026174,0.00016059,0.00018025,0.00034803,0.00133365,5.992e-05,0.00025455,6.711e-05,0.00013854,4.79e-06,0.00017689,0.00052397,0.00023154,7.67e-06,2.828e-05,2.397e-05,0.00013135,0.00124209,3.643e-05,4.027e-05,8.102e-05,0.00211409,8.773e-05,0.00010882,0.00013615,7.622e-05,0.00010642,5.609e-05,0.00017881,0.00036529,2.733e-05,2.493e-05,0.03975168,0.0001908,0.00020566,3.643e-05,0.00022483,0.00321285,0.00033845,3.356e-05,3.84e-06,1.486e-05,7.239e-05,1.39e-05,6.711e-05,0.00027996,6.951e-05,6.616e-05,6.568e-05,3.5e-05,0.00031879,2.493e-05,5.27e-06,5.034e-05,6.328e-05,2.349e-05,1.198e-05,0.00084372,0.00038063,1.151e-05,0.00023011,3.404e-05,5.273e-05,2.205e-05,0.0001117,8.102e-05,0.00473682,6.424e-05,3.84e-06,4.746e-05,0.00023011,0.00015484,6.23e-06,0.00025887,0.00032167,0.00018169,4.938e-05,0.000128,4.554e-05,5.705e-05,0.00027277,5.369e-05,5.75e-06,1.726e-05,0.00156663,0.0
ilYpoCagn5,0.01287716,0.00496641,0.0016118,0.00103359,0.00742418,0.00285509,0.00062092,0.00092898,0.00127111,0.00197265,0.00033589,0.00049424,0.00038436,0.00021017,0.00026296,0.00014443,0.00068474,5.71e-05,0.00015595,0.00022745,0.00021881,0.00036612,0.00012668,0.00042322,0.0005072,0.00021305,4.511e-05,0.00015547,1.775e-05,9.837e-05,4.894e-05,0.00026631,8.541e-05,8.061e-05,3.407e-05,9.645e-05,1.919e-05,3.263e-05,8.925e-05,4.846e-05,0.00015691,2.303e-05,4.559e-05,7.054e-05,6.24e-06,4.319e-05,4.511e-05,6.526e-05,6.238e-05,6.382e-05,3.167e-05,6.382e-05,9.789e-05,8.397e-05,1.2e-05,3.167e-05,2.639e-05,9.6e-06,9.645e-05,3.647e-05,8.397e-05,2.735e-05,5.086e-05,1.919e-05,0.00013196,0.00011516,8.16e-06,3.791e-05,2.543e-05,3.791e-05,2.543e-05,1.392e-05,6.046e-05,2.303e-05,1.008e-05,5.28e-06,4.031e-05,3.599e-05,1.152e-05,0.00013532,3.84e-06,2.447e-05,1.727e-05,2.687e-05,1.008e-05,3.503e-05,2.063e-05,1.296e-05,3.647e-05,1.344e-05,7.2e-06,1.152e-05,1.536e-05,3.791e-05,1.44e-05,2.975e-05,1.775e-05,1.871e-05,1.775e-05,8.205e-05,2.495e-05,9.6e-06,1.104e-05,0.0,1.775e-05,5.134e-05,4.223e-05,1.152e-05,2.495e-05,1.008e-05,4.559e-05,1.2e-05,1.344e-05,1.92e-06,3.407e-05,2.063e-05,9.6e-07,4.8e-07,2.351e-05,1.056e-05,1.92e-06
ilYpoPade1,0.0055774,0.00591635,0.00138798,0.00099375,0.00110288,0.00108654,0.00082692,0.00107308,0.00085144,0.001975,0.00048029,0.00043317,0.00034279,0.00026875,0.00028173,0.00014375,0.00120769,7.692e-05,0.00010288,0.00011202,0.00032837,0.00023029,7.885e-05,0.00012163,0.00026538,5.962e-05,5.096e-05,7.596e-05,5.144e-05,0.00011106,6.394e-05,3.99e-05,6.538e-05,8.317e-05,5.24e-05,1.923e-05,1.49e-05,3.702e-05,7.212e-05,4.135e-05,3.462e-05,2.163e-05,4.471e-05,3.75e-05,6.73e-06,2.212e-05,2.644e-05,3.99e-05,1.779e-05,2.885e-05,6.394e-05,4.327e-05,7.644e-05,3.702e-05,1.875e-05,3.317e-05,3.462e-05,1.635e-05,3.99e-05,1.25e-05,1.635e-05,1.971e-05,2.019e-05,2.163e-05,1.971e-05,1.587e-05,1.202e-05,5.913e-05,2.4e-06,2.788e-05,2.4e-06,1.44e-06,6.731e-05,1.442e-05,2.404e-05,2.356e-05,2.019e-05,1.394e-05,1.827e-05,1.683e-05,7.21e-06,1.827e-05,6.25e-06,7.21e-06,8.17e-06,1.923e-05,1.538e-05,1.202e-05,1.106e-05,1.875e-05,1.635e-05,3.85e-06,1.538e-05,3.942e-05,2.88e-06,1.442e-05,6.73e-06,4.8e-07,5.77e-06,1.298e-05,2.356e-05,7.69e-06,5.29e-06,0.0,1.683e-05,1.346e-05,1.587e-05,8.17e-06,1.058e-05,8.17e-06,1.154e-05,5.77e-06,3.37e-06,1.058e-05,2.067e-05,7.69e-06,8.65e-06,9.6e-07,9.6e-07,7.21e-06,1.44e-06
ilYpoPade2,0.08054026,0.01217723,0.00949357,0.00146975,0.0134121,0.00827108,0.00478323,0.00394426,0.00953692,0.00406622,0.0145393,0.00225631,0.0019819,0.00032825,0.0015717,0.00049214,0.0172444,0.00015531,0.00032825,0.000303,0.00032444,0.00106717,0.00038971,0.00533587,0.00024202,6.003e-05,0.00071177,0.00023821,5.479e-05,0.23792568,0.00088614,0.00021868,0.00028252,8.004e-05,0.00032158,1.953e-05,0.0001677,0.00238018,0.00013673,0.00032396,0.0005212,0.00068938,8.861e-05,0.00016579,1.62e-05,0.0015112,0.0837899,0.00014007,0.00020819,9.624e-05,4.383e-05,0.00022868,0.00137256,8.337e-05,1.763e-05,0.00018914,0.00022487,7.242e-05,0.00031348,0.00030157,7.194e-05,0.00026441,0.00037875,0.00069747,0.00026394,7.956e-05,6.717e-05,0.00177323,0.00010719,0.00022106,6.336e-05,0.00027156,1.286e-05,0.00019057,3.668e-05,1.81e-05,0.00011434,0.00046451,0.00010148,8.576e-05,9.671e-05,1.763e-05,9.814e-05,9.957e-05,0.00020057,7.909e-05,0.00021534,4.764e-05,4.574e-05,5.574e-05,0.00013244,0.00024631,7.718e-05,1.143e-05,2.477e-05,4.955e-05,0.00010148,1.096e-05,6.622e-05,8.242e-05,2.859e-05,8.58e-06,3.573e-05,6.575e-05,7.003e-05,0.00597951,8.147e-05,2.096e-05,7.861e-05,3.525e-05,7.766e-05,4.29e-06,1.62e-05,5.72e-06,3.43e-05,4.192e-05,7.62e-06,1.91e-06,2.144e-05,5.86e-05,4.76e-06
ilYpoPlub1,0.10419222,0.01422249,0.00909563,0.01006968,0.00624892,0.00138059,0.01542095,0.00165257,0.00109034,0.07616579,0.00674195,0.00054733,0.00371504,0.0151086,0.00666891,0.00062518,0.01048294,0.00015185,0.00167708,0.00045267,0.00035944,0.00107304,0.00024652,0.00036185,0.00024748,0.00016531,0.00651129,0.00047765,8.506e-05,0.00152715,0.0001211,0.00045795,0.00018164,0.00209467,9.515e-05,0.00198462,3.652e-05,0.00030706,0.00024844,0.00014945,0.00035416,0.00317876,0.00022201,0.00087362,1.778e-05,0.00044738,8.265e-05,0.00013695,8.121e-05,0.00038299,5.238e-05,0.00276646,0.0001927,6.583e-05,0.0002172,3.46e-05,0.00025324,0.00022633,0.00114464,0.00035031,0.00048438,0.00013791,0.00040654,6.487e-05,7.785e-05,0.00037194,8.554e-05,0.00019558,0.00025949,0.00025661,0.00023162,0.00544354,0.00022585,0.00013023,0.00127919,0.00039981,0.0004964,0.00065738,5.238e-05,9.37e-05,0.00015617,0.0004075,0.00018789,0.00036521,8.746e-05,0.0001384,8.409e-05,0.00012398,0.0004248,0.00013695,0.00024123,2.259e-05,4.517e-05,0.00028015,8.938e-05,0.00047045,0.00010043,0.00015185,0.00113311,0.0001432,0.00025805,0.00045651,0.00010187,3.94e-05,0.00170207,2.835e-05,0.00093032,0.0001581,1.73e-05,0.0001754,4.085e-05,3.075e-05,0.00010235,7.544e-05,0.00010139,7.112e-05,2.595e-05,0.00036953,0.00061413,0.00126718,2.979e-05
ilYpoRore1,0.37615827,0.03946859,0.00823741,0.00552326,0.09476451,0.0679012,0.00386571,0.00139185,0.00481631,0.00315108,0.00230312,0.0045976,0.02738849,0.00112902,0.00255396,0.000706,0.00807626,0.00015971,0.0007036,0.00013669,0.00043693,0.00052134,0.00026043,0.00149209,0.00213477,0.00017602,0.00036787,0.00029976,0.00018801,0.00152902,0.00187146,0.00084077,0.00050168,0.00701103,7.434e-05,7.818e-05,2.158e-05,0.00016691,0.00011415,0.00053717,0.00011127,7.194e-05,0.00010743,0.00030456,2.302e-05,0.00034484,5.42e-05,0.00018657,8.681e-05,0.00013094,6.475e-05,0.00017266,5.899e-05,0.00025803,0.00483453,0.00013765,0.00015492,4.412e-05,9.592e-05,3.837e-05,5.947e-05,8.873e-05,0.0001036,3.597e-05,0.00019808,7.866e-05,0.00056403,0.00022638,0.00031511,6.763e-05,3.36e-06,2.398e-05,7.098e-05,0.00045851,8.058e-05,3.933e-05,4.365e-05,0.00046427,5.564e-05,0.00060671,6.715e-05,2.158e-05,0.00018225,9.448e-05,0.00016019,0.00011127,0.00011415,7.29e-05,0.00014916,0.00041247,0.00015779,0.00012326,7.29e-05,0.00014388,5.564e-05,0.00023357,2.302e-05,1.583e-05,0.00015923,2.734e-05,3.84e-06,8.441e-05,3.022e-05,1.871e-05,4.94e-05,1.918e-05,3.261e-05,0.00011847,3.118e-05,4.508e-05,2.4e-06,9.496e-05,1.199e-05,8.777e-05,1.871e-05,3.501e-05,3.022e-05,4.8e-07,5.755e-05,5.947e-05,4.8e-06
ilYpoSedl1,0.08642019,0.00362933,0.00368702,0.00615481,0.01936298,0.00111683,0.0051101,0.00154471,0.00093798,0.00088894,0.00185962,0.00309423,0.04072981,0.00054856,0.00183173,0.00160288,0.05663846,0.00224375,0.00046202,0.00024231,0.00044808,0.00276635,0.00027163,0.00092067,0.00010144,0.0002976,0.0001899,0.00170192,0.00237163,0.01160481,0.00017452,0.00011827,0.0003524,0.01509375,0.00010433,2.067e-05,5.865e-05,0.00052788,9.423e-05,0.00067644,0.00019375,0.0001476,0.00077933,8.221e-05,2.885e-05,0.00014231,4.76e-05,0.00041298,3.173e-05,0.00013606,0.00013606,0.00275481,0.00013317,0.00057212,2.74e-05,5.24e-05,0.00064567,0.00234856,0.00081538,0.00011106,3.558e-05,9.135e-05,0.00027596,4.808e-05,0.00014327,0.00193846,0.00017452,0.00024423,0.00011106,0.00017452,0.00108221,4.375e-05,0.00014279,0.00017837,2.644e-05,6.827e-05,4.663e-05,0.00057548,6.25e-06,0.00146346,0.00011346,0.00030577,0.0002,0.02615144,6.49e-05,0.00018702,0.00060817,2.356e-05,0.00021779,0.00054087,5.625e-05,4.038e-05,0.0002375,0.00019375,0.00023077,0.0002875,2.115e-05,0.00430433,6.779e-05,0.00015529,0.00016683,3.558e-05,5.77e-06,0.00010385,5.481e-05,0.00017837,6.538e-05,0.00010625,8.75e-05,6.25e-06,9.952e-05,0.00079712,7.356e-05,2.4e-06,2.019e-05,5.913e-05,1.587e-05,2.404e-05,5.625e-05,0.00015481,1.635e-05
ilYpsScab1,0.51079703,0.00872858,0.00753423,0.00998899,0.00621446,0.0018832,0.00212015,0.00143609,0.00140929,0.07774581,0.00175921,0.0012853,0.0013595,0.00037003,0.00382815,0.00039923,0.001854,0.00010579,0.0005596,0.00027573,0.00022451,0.00043705,0.00062135,0.00055242,0.00023791,0.00023887,0.0007214,0.00131594,0.00047295,0.0010675,0.00011537,0.00024126,0.00094399,0.00023408,0.0003394,0.00019387,0.00021972,0.00013021,0.00011776,0.00034418,0.00015653,0.00039253,0.00012398,0.00222738,4.691e-05,8.904e-05,0.0001685,0.00020057,0.00010388,0.00020775,0.00015366,0.00047918,0.00081714,0.00230972,4.835e-05,0.00011489,4.021e-05,3.542e-05,0.00045955,0.00014457,0.00016754,2.154e-05,0.00323265,0.00027621,9.574e-05,6.367e-05,1.915e-05,0.00013451,0.0001618,0.00013164,0.00016754,0.00031211,0.00013882,0.00012303,3.686e-05,7.946e-05,9.813e-05,0.00071326,0.00021302,7.755e-05,0.00031977,8.042e-05,9.095e-05,6.127e-05,4.404e-05,0.00021494,7.66e-06,7.803e-05,9.574e-05,0.00034993,0.00097798,2.92e-05,2.441e-05,0.0001484,4.26e-05,0.00016276,0.00016467,0.00046434,0.00020823,4.069e-05,5.074e-05,1.149e-05,0.00017329,0.00023169,0.00012159,4.548e-05,0.00019627,1.44e-06,0.00014265,0.00011824,5.074e-05,0.00024557,2.393e-05,5.361e-05,6.989e-05,0.00050886,4.31e-06,1.867e-05,0.00018238,6.75e-05,2.011e-05
ilYpsSequ2,0.11025731,0.06531337,0.00983613,0.0094346,0.00463632,0.00564255,0.00650359,0.00186057,0.02272832,0.01519406,0.00215333,0.00223143,0.00201294,0.00169094,0.00153378,0.00078869,0.00137135,0.00017537,0.00157451,0.00062434,0.00037853,0.00029372,0.00057115,0.01077911,0.00169046,0.00087254,0.00049497,0.00094106,5.271e-05,0.00029276,0.00045712,0.00052563,0.00060613,0.00050503,0.00012218,6.756e-05,5.51e-05,8.002e-05,0.000977,6.996e-05,0.00241639,0.00012985,0.00015381,0.00058457,3.594e-05,0.00015189,7.571e-05,0.00015093,6.756e-05,0.00015285,0.00019023,0.00026641,0.0008874,0.00051126,4.79e-06,6.325e-05,0.00023383,1.821e-05,0.00015046,5.75e-05,2.108e-05,0.00031912,0.00048778,0.00024677,7.571e-05,0.00011548,5.414e-05,0.00049018,0.00062386,1.533e-05,7.427e-05,0.00223862,0.00013129,0.00014614,1.629e-05,1.39e-05,0.00015429,0.00017441,4.648e-05,0.00067657,4.887e-05,0.00017058,5.558e-05,7.523e-05,6.948e-05,0.00122568,0.0001241,4.6e-05,0.00097029,3.115e-05,2.731e-05,0.00014471,0.00022904,0.00014039,2.396e-05,0.00032151,0.00011164,0.00012458,0.00013129,0.03428749,1.965e-05,0.00012362,0.00060374,8.769e-05,8.481e-05,0.00012554,2.923e-05,1.485e-05,8.816e-05,0.00020652,0.00015429,1.773e-05,3.306e-05,3.162e-05,2.252e-05,7.187e-05,4.79e-06,8.15e-06,2.875e-05,0.00129085,1.485e-05
ilZeuPyri1,0.06162572,0.0456262,0.00787333,0.01852581,0.00551625,0.00829685,0.02922228,0.01595793,0.00924952,0.01042256,0.00081405,0.00165679,0.00257409,0.00049235,0.00043451,0.00532887,0.01496797,0.00038432,0.00050287,0.00023566,0.00070889,0.00188767,0.00042782,0.00066587,0.00677151,0.02577916,0.00011472,0.05012906,0.00041157,0.00086138,0.00118356,0.00531358,0.00029685,0.00014197,0.00014388,3.537e-05,3.298e-05,6.644e-05,0.00218499,0.00019694,0.00104971,4.446e-05,0.00017639,0.00023518,9.08e-06,0.01531501,0.0011869,0.000163,6.788e-05,0.00019981,4.35e-05,0.00015966,0.00017591,0.00091539,5.593e-05,0.00021415,0.00028203,1.147e-05,0.00028107,4.111e-05,0.00011759,0.00018595,0.00013671,0.00011472,0.00012572,9.751e-05,3.155e-05,0.00051434,0.00019598,0.00023327,0.0018848,6.69e-06,0.00054398,0.00022897,9.895e-05,0.0003021,0.00011616,9.608e-05,2.438e-05,0.00094694,0.00219168,8.078e-05,8.604e-05,0.00011185,9.847e-05,9.895e-05,8.13e-06,4.78e-06,8.987e-05,1.434e-05,7.17e-05,7.027e-05,0.00011616,9.08e-06,7.218e-05,4.924e-05,0.0002543,0.00057457,0.00012811,0.00060134,6.692e-05,3.681e-05,6.931e-05,4.35e-05,0.00014675,9.369e-05,0.0001305,4.541e-05,0.00011855,9.56e-06,0.00113671,4.876e-05,1.291e-05,2.39e-05,4.637e-05,1.386e-05,2.055e-05,2.39e-06,0.00011138,0.0014283,9.6e-07
ilZygFili1,0.24346533,0.0184065,0.01106074,0.00153037,0.00238259,0.00806169,0.0172133,0.00280249,0.0051736,0.01588857,0.00145337,0.00605691,0.00214252,0.00098661,0.01052702,0.00533859,0.00333955,6.074e-05,0.0011363,0.0003802,0.00093352,0.00115495,7.652e-05,0.00567097,0.00038881,0.00017934,0.00022095,0.00274797,0.00056863,0.0013099,0.00022908,0.00016978,0.00117121,0.00045624,0.00016978,3.539e-05,0.00096509,0.0001363,0.00074271,0.00136633,0.00077236,0.00012673,0.00088618,0.00013295,3.396e-05,5.93e-05,0.00016069,0.00018986,7.843e-05,8.608e-05,0.00010187,0.00034194,0.00017982,0.00059206,7.174e-05,0.00100478,0.00030033,1.339e-05,0.00112434,0.00016738,6.456e-05,0.00011813,0.00020182,0.00021903,5.069e-05,0.00124199,0.00470493,0.00044763,0.0002219,0.00026303,0.00082401,5.74e-06,8.847e-05,0.00061454,4.974e-05,0.00010808,3.156e-05,0.00012147,0.00071306,0.00188331,0.00019895,0.00028503,0.00010091,0.00052128,7.508e-05,0.00044811,0.00026734,2.63e-05,0.00013965,0.00011621,1.052e-05,7.939e-05,0.00029507,0.00020564,2.009e-05,0.00024725,4.782e-05,0.00046437,8.847e-05,0.0057164,0.00011286,2.869e-05,5.261e-05,4.639e-05,0.00010426,0.00047585,0.00034864,0.00034338,7.365e-05,2.774e-05,7.7e-05,9.708e-05,6.265e-05,3.443e-05,2.869e-05,3.109e-05,9.09e-06,5.26e-06,0.00019464,0.00021043,4.209e-05
inChrCarn1,0.01727108,0.00832111,0.05069605,0.00162744,0.02890424,0.01397618,0.00451501,0.01800667,0.03181801,0.00203716,0.00145736,0.00030777,0.00193997,0.00027823,0.00212244,0.00618818,0.00055884,8.671e-05,0.00101334,0.00019581,0.00033254,0.00168556,0.00010481,0.00121772,0.00170367,0.00058552,9.29e-05,0.00081753,0.00011625,0.00030014,5.526e-05,0.00119962,0.001192,0.00047261,0.00030443,0.00011625,4.383e-05,1.81e-05,0.00229919,0.00017437,0.00017437,5.05e-05,7.432e-05,0.00011815,1.239e-05,8.623e-05,0.0038566,0.00010767,9.671e-05,0.00021772,8.58e-06,2.573e-05,0.00029443,4.955e-05,1.286e-05,0.00130395,0.00010005,5.717e-05,0.00049119,0.00358361,0.00033969,3.049e-05,0.00018866,0.00022058,6.575e-05,0.00011005,2.382e-05,2.525e-05,3.621e-05,0.00015722,0.00020295,3.24e-05,0.0002425,0.0003373,1.334e-05,0.00033397,0.00017913,3.144e-05,0.0001091,0.00025393,0.00011577,0.00014721,0.00022868,3.621e-05,8.623e-05,0.00012863,2.382e-05,0.00010195,6.146e-05,4.335e-05,6.146e-05,8.814e-05,7.289e-05,0.00051644,4.145e-05,0.00012339,0.00011148,3.954e-05,7.861e-05,0.00027299,7.15e-06,1.429e-05,2.001e-05,3.43e-05,1.477e-05,3.954e-05,0.00294855,7.956e-05,0.00250214,1.62e-05,1.334e-05,8.242e-05,1.286e-05,9.909e-05,4.431e-05,0.00046212,4.29e-06,2.86e-06,1.429e-05,4.859e-05,0.00010434
ioIscEleg1,0.52387709,0.02565567,0.01305117,0.01121664,0.03592539,0.00343042,0.00768101,0.00466188,0.00131086,0.00379101,0.0031143,0.00101052,0.00169871,0.0005428,0.00803969,0.01648828,0.00043137,0.00015352,0.00243807,0.00022956,0.00066762,0.00117121,0.0001956,0.0007054,0.00014012,0.00051841,0.00081588,0.00045576,0.0001999,0.00014682,8.321e-05,0.00040124,0.00038116,0.00087757,0.0001956,0.00019512,0.00022143,0.00133812,0.00019656,0.00030655,0.00011765,0.00011573,5.93e-05,0.00010282,3.73e-05,0.00025586,9.517e-05,0.00030703,0.00021808,0.00017599,5.5e-05,5.691e-05,0.00023864,0.00062936,5.978e-05,0.00022382,0.00046198,3.587e-05,0.00020086,0.0030263,0.00023482,5.739e-05,8.321e-05,7.413e-05,0.0001143,0.00022334,0.0001143,0.00014491,3.539e-05,0.00020851,0.0001846,0.00013678,0.0001693,0.00010521,0.00027116,4.974e-05,0.00033812,1.148e-05,0.00011239,0.00038259,7.891e-05,0.00056337,7.604e-05,4.448e-05,4.352e-05,0.00016643,0.00038116,0.00016499,0.00118938,8.656e-05,0.00023051,7.891e-05,0.00015112,0.00026686,3.922e-05,5.978e-05,0.00035055,0.0001803,0.00339694,7.508e-05,3.635e-05,1.865e-05,3.013e-05,8.13e-06,3.539e-05,2.2e-05,8.034e-05,0.0001516,4.83e-05,7.939e-05,0.00019895,0.00011095,4.543e-05,8.417e-05,3.443e-05,0.00037303,4.782e-05,2.487e-05,6.265e-05,0.00012291,0.0
ioPlaPenn1,0.42664508,0.04471847,0.01320767,0.00887818,0.00942398,0.00180767,0.00931271,0.02961727,0.00282926,0.0022235,0.03700336,0.00166043,0.00553525,0.0003012,0.07500576,0.00671319,0.00064844,0.00014964,0.00700815,0.00076595,0.00031031,0.00780528,7.05e-05,0.00044077,0.00028585,0.00032614,0.00285228,0.00051415,0.00012806,0.00055779,3.741e-05,0.00042206,0.00037074,0.0024307,9.928e-05,0.00058753,0.00027002,0.0026494,0.00011655,0.00045132,0.00013765,0.00042494,2.398e-05,0.00037122,0.00061295,0.00029161,7.434e-05,0.00031367,0.00013573,0.00021055,0.00014005,5.803e-05,0.00026379,0.00014532,5.659e-05,0.00014053,0.00026235,2.974e-05,0.00016211,0.00037506,0.00013765,0.00012854,0.00021343,0.00012278,0.00015348,0.00026475,8.01e-05,0.0001247,4.892e-05,0.00022158,1.871e-05,8.153e-05,9.784e-05,3.357e-05,0.00013285,9.688e-05,0.00018273,8.729e-05,5.612e-05,0.00012278,0.00013189,0.0003482,0.00044748,4.892e-05,3.789e-05,0.00012806,0.00018369,0.00028058,0.00024412,0.00035588,0.00119233,0.00018609,0.00033477,0.00010695,0.00027242,3.741e-05,4.796e-05,2.11e-05,0.00024029,0.00012566,5.995e-05,0.00010695,4.508e-05,0.00022782,5.899e-05,5.755e-05,0.00016787,0.00023309,0.00012422,0.00033909,7.434e-05,7.19e-06,2.4e-06,4.748e-05,3.597e-05,0.00013909,0.0,0.00012998,7.482e-05,9.59e-06,9.6e-07
ioSymStri1,0.15035786,0.03344541,0.01296489,0.00430736,0.00327754,0.00894709,0.04998653,0.02139346,0.00199759,0.00625349,0.00154497,0.001595,0.00245262,0.00089322,0.00048918,0.00037807,0.00484127,0.00017027,0.00033959,0.00171813,0.00031361,0.00933141,8.658e-05,0.00039683,0.00030592,7.167e-05,0.00073978,0.00219,2.982e-05,0.00137759,0.00025349,0.00300866,0.05582684,0.00025204,0.0001164,6.878e-05,0.00054161,5.099e-05,0.00024291,0.0002963,0.00059307,0.00026311,2.646e-05,0.00128956,3.85e-06,0.00023906,0.00040452,6.926e-05,0.00014382,8.947e-05,8.562e-05,0.00043098,0.08751467,0.00414141,0.00012025,0.00194949,9.909e-05,6.878e-05,3.559e-05,9.909e-05,6.734e-05,0.000443,0.00122848,0.00015055,0.00158874,7.552e-05,4.81e-05,0.00022367,2.405e-05,0.0002684,0.00088408,0.00025012,5.387e-05,4.425e-05,0.00013083,0.00017027,0.00018567,0.00046417,4.858e-05,0.00024435,4.81e-05,7.215e-05,2.357e-05,0.00020875,1.828e-05,0.00041318,1.347e-05,1.395e-05,2.213e-05,4.089e-05,0.00051804,5.676e-05,0.00112458,0.00028379,1.78e-05,2.838e-05,0.00122463,3.85e-06,0.00034151,0.00012362,4.089e-05,5.724e-05,3.704e-05,1.539e-05,2.165e-05,5.724e-05,5.964e-05,0.00213179,1.587e-05,1.684e-05,5.676e-05,3.03e-05,3.078e-05,0.00013853,2.694e-05,9.14e-06,6.73e-06,1.347e-05,0.00017941,4.281e-05,9.62e-06
ipIsoGram3,0.35775694,0.00442679,0.00236077,0.00145311,0.00823349,0.00464785,0.001111,0.02885024,0.00085167,0.00359904,0.0019555,0.00176746,0.00486029,0.00665837,0.13227129,0.00128756,0.00839282,0.00022153,0.00107416,0.00408565,0.00025646,0.00034785,0.0002933,0.00032201,0.02542536,0.00030909,9.378e-05,0.00086172,0.00011579,0.00055789,0.00016364,0.00027416,0.00053349,7.368e-05,6.029e-05,7.416e-05,0.00036651,0.00013301,0.0014201,0.00048708,0.00047799,0.00113158,9.33e-05,0.00053397,2.01e-05,0.00038038,0.00020813,6.411e-05,0.00068612,0.00048182,0.00013493,0.00084498,0.00055981,0.00074833,5.167e-05,0.00017033,0.00016029,5.024e-05,0.00079378,0.00060096,0.00019091,0.00022823,0.00032057,7.99e-05,0.00100383,5.55e-05,5.933e-05,0.00026172,0.00027847,0.00010431,0.00014928,3.349e-05,0.00030766,9.33e-05,5.024e-05,0.00017321,0.00076316,0.00015933,0.00022105,2.823e-05,1.627e-05,6.029e-05,2.584e-05,0.00098995,6.651e-05,0.00016029,0.00432201,0.00079043,0.00026459,3.349e-05,0.00025502,0.00010718,5.885e-05,0.00016172,3.78e-05,0.00039665,0.00055263,4.067e-05,0.00035742,4.258e-05,0.00010766,0.00013828,3.83e-06,3.923e-05,0.00590239,0.00023636,0.00017273,0.0003067,0.00016172,3.876e-05,0.00025933,0.00014402,0.00012057,8.373e-05,0.00052967,3.349e-05,5.74e-06,1.818e-05,4.498e-05,1.531e-05,6.268e-05
ipLeuNigr2,0.4527658,0.02131466,0.00265517,0.00411494,0.01340565,0.00121887,0.00737644,0.02553448,0.00255412,0.00599425,0.00131274,0.00350718,0.00179406,0.00099761,0.13278879,0.14646169,0.00123755,5.843e-05,0.00083908,0.00099521,0.00037835,0.00212452,7.854e-05,0.00037644,0.00034818,0.00080029,0.00012356,0.00046408,2.443e-05,0.00015661,0.00025287,8.046e-05,0.00123659,0.00025048,0.00018966,5.651e-05,0.00034052,0.0004909,0.00014224,0.00019875,0.00029071,0.0002591,0.00012213,0.00019492,3.257e-05,5.22e-05,0.00014464,0.00036111,0.00055556,0.00023707,0.00017672,4.215e-05,0.00015421,7.759e-05,0.00011734,9.148e-05,0.00029741,1.44e-06,0.00134866,0.00013314,0.00012261,1.916e-05,0.0004636,6.226e-05,0.00031082,0.0015158,0.00032759,0.00026341,7.711e-05,5.077e-05,6.849e-05,4.167e-05,9.866e-05,0.00084531,7.375e-05,1.389e-05,0.0005819,9.291e-05,6.274e-05,5.699e-05,0.00012356,0.00031657,0.00065709,0.00044109,2.586e-05,0.00020498,6.561e-05,6.944e-05,0.0001092,0.00010201,6.657e-05,0.00261159,0.00010632,0.00046648,1.916e-05,0.00068199,6.7e-06,5.891e-05,0.00030987,0.00015709,0.00012596,4.454e-05,4.693e-05,0.00032184,0.00051676,0.0001001,2.634e-05,3.352e-05,0.00036973,0.00107615,0.00010489,0.00021743,0.00193295,0.00015948,0.00023132,0.00041475,1.006e-05,0.00026197,2.826e-05,3.017e-05,6.034e-05
ipNemDubi1,0.22469971,0.01672557,0.00597989,0.05145211,0.00903927,0.0026954,0.00371695,0.00748611,0.00176437,0.00150958,0.01061446,0.00123994,0.04197653,0.00060441,0.19418391,0.00258285,0.00935584,0.00830651,0.02631705,0.01542289,0.0002045,0.00073611,0.00024856,0.00042337,0.00089368,0.00231897,0.00019205,0.00094875,0.00034626,0.00292577,0.00040996,0.0002136,0.00091284,0.00045833,0.00010489,6.226e-05,0.00012308,0.00013075,0.00028352,0.00054215,0.01019013,0.00057519,5.699e-05,0.00034243,5.22e-05,0.00784339,0.00012261,0.00116571,4.167e-05,0.00017337,1.964e-05,0.00033764,6.513e-05,0.0009205,0.00011255,2.874e-05,0.00015469,0.00037883,0.00473851,0.00016475,5.46e-05,8.908e-05,0.00129262,9.866e-05,9.531e-05,0.00018439,2.011e-05,0.0006796,0.00017241,0.00026533,4.837e-05,0.00011782,0.00075862,0.00054502,0.00024569,2.634e-05,0.00015134,0.00301341,1.964e-05,0.0001614,0.00016523,0.00010249,0.00177586,0.00034339,8.86e-05,0.00015613,4.693e-05,0.0001681,6.657e-05,0.00038649,0.00140948,3.209e-05,5.699e-05,6.13e-05,0.00090469,5.651e-05,5.603e-05,8.477e-05,0.00017098,0.00023563,0.00034866,9.195e-05,3.257e-05,0.00028257,0.0002591,2.251e-05,0.00020259,3.975e-05,0.00024761,6.657e-05,2.826e-05,0.00013362,2.155e-05,3.736e-05,9.58e-06,3.496e-05,3.065e-05,2.395e-05,5.029e-05,8.238e-05,1.293e-05
ipNemPict2,0.16176651,0.01785598,0.00310335,0.00808708,0.19900048,0.001289,0.00276746,0.00328086,0.00319043,0.00328995,0.00648995,0.00050383,0.00754258,0.00148804,0.20826316,0.00201866,0.00160383,0.00019139,0.06698947,0.00989091,0.00017129,0.01603732,0.00015072,0.00051579,0.00046746,0.00044067,0.00028612,0.00059856,5.694e-05,0.0011311,0.00015167,8.565e-05,0.00030622,0.00135694,6.411e-05,0.00021818,0.00020383,0.00014258,0.00016699,0.00024593,0.00015837,0.00018612,0.00026603,0.00038756,0.0004311,0.00013541,0.00045455,0.00014115,3.206e-05,0.00059378,2.44e-05,0.00011627,0.0002445,0.00214737,2.392e-05,0.00054976,0.0021689,2.44e-05,0.00025789,0.00096077,0.00011531,0.0035,0.00041531,0.00040048,0.00021866,0.00014641,1.053e-05,5.359e-05,0.00038565,1.675e-05,3.11e-05,0.00013636,8.469e-05,0.00027129,7.129e-05,3.876e-05,0.00019569,0.00095694,0.00018947,0.00016651,0.00053206,9.139e-05,0.0001244,0.00022153,1.627e-05,0.00043732,0.00010478,0.00028469,7.56e-05,0.00021005,8.852e-05,0.00016077,0.00044115,0.00089187,0.00017464,0.00069522,8.182e-05,5.407e-05,0.00043014,0.00041531,8.612e-05,6.507e-05,5.26e-06,0.00013971,0.00016794,9.091e-05,0.00069043,1.866e-05,0.00022392,0.00177225,3.541e-05,0.00017225,2.297e-05,9.187e-05,0.00010622,0.0002244,2.87e-06,1.91e-06,8.852e-05,6.89e-05,8.61e-06
ipProMont4,0.51586561,0.00943137,0.01338977,0.0099517,0.01720899,0.0018374,0.01469201,0.00338785,0.00115591,0.00226016,0.00618317,0.003033,0.05353132,0.0019297,0.0373056,0.03791966,0.0481889,0.00039455,0.00752702,0.00041368,0.0004285,0.00368101,0.0001296,0.00053993,0.00019895,0.00024103,0.00018604,0.00067193,0.00031899,0.00046341,8.61e-06,0.00012291,0.00020516,0.00260736,7.461e-05,8.226e-05,2.582e-05,0.00022238,0.00015208,0.00016547,0.00056337,0.00062315,0.00010617,7.987e-05,3.587e-05,0.00051889,0.00012626,0.00015256,0.00053563,7.174e-05,0.00015543,0.00010521,0.00014491,0.0031583,8.178e-05,8.847e-05,0.00032425,5.165e-05,0.00093974,0.00011334,0.00041798,6.839e-05,0.00012434,8.465e-05,0.00010378,0.0007561,6.791e-05,1.148e-05,0.00056385,0.0031186,6.552e-05,4.352e-05,5.022e-05,0.00026255,0.00284744,0.00012195,0.00074701,0.00023673,4.591e-05,8.608e-05,0.00041463,0.00054711,5.117e-05,4.304e-05,7.939e-05,2.822e-05,1.196e-05,0.00050885,0.00030129,0.00446772,5.691e-05,2.248e-05,0.00017504,1.004e-05,0.00037303,9.421e-05,7.891e-05,0.00038307,0.00014395,8.321e-05,0.00073171,4.304e-05,2.248e-05,2.917e-05,2.869e-05,3.635e-05,4.352e-05,2.535e-05,4.448e-05,0.00023242,3.013e-05,0.00011573,5.261e-05,6.791e-05,8.61e-06,3.83e-06,7.17e-06,1.43e-06,4.304e-05,0.00012386,4.3e-06
iyAncNigr1,0.04689852,0.00303351,0.00533557,0.0015663,0.00415031,0.00239588,0.01620297,0.00143609,0.00686549,0.00259406,0.00070752,0.00896075,0.01754667,0.00959406,0.1919574,0.00273959,0.01178794,0.00111202,0.00075778,0.00077645,0.08878985,0.00041886,0.00814696,0.00232408,0.00219387,0.00012159,0.00022451,0.00105409,0.00014888,0.0010383,5.457e-05,0.00045237,0.00062231,0.00016994,0.0003327,0.00010292,5.17e-05,0.10090282,0.00085687,0.00024557,0.00022403,0.00010388,0.00083198,6.558e-05,3.542e-05,0.00011154,3.686e-05,6.798e-05,0.00021398,4.835e-05,3.447e-05,8.281e-05,0.00020249,8.329e-05,0.00047726,3.59e-05,0.00031355,8.712e-05,0.00019244,3.734e-05,4.021e-05,5.649e-05,5.792e-05,0.00010627,0.00024605,0.00026137,0.00012303,0.00410579,0.00014313,0.00010866,0.00011297,1.532e-05,7.42e-05,0.00021254,1.34e-05,4.596e-05,0.00022116,0.00010388,0.00015175,4.835e-05,0.00068023,0.00010771,9.67e-05,0.00025371,0.00010914,5.649e-05,4.787e-05,1.675e-05,0.00010914,4.213e-05,3.207e-05,0.00013499,0.00013116,6.75e-05,3.35e-06,2.25e-05,3.782e-05,1.819e-05,0.00136333,5.266e-05,0.00101819,4.069e-05,1.628e-05,2.681e-05,3.782e-05,0.00017472,7.899e-05,4.404e-05,4.835e-05,4.643e-05,5.888e-05,3.734e-05,0.0001034,2.585e-05,3.159e-05,2.202e-05,7.372e-05,1.436e-05,3.255e-05,4.883e-05,1.44e-06
iyAndBuce1,0.027742,0.01253034,0.00728189,0.00199188,0.01864357,0.00122312,0.00470186,0.00332489,0.01190779,0.00132107,0.00279408,0.03580602,0.00347253,0.00063497,0.00339752,0.00037602,0.00156283,9.747e-05,0.00021405,0.00029527,0.00047205,0.00043287,0.00023316,0.0010688,0.0001075,0.00046871,0.00491448,0.00036789,0.00010129,0.00107071,4.73e-05,0.00237076,0.00015576,0.0001075,9.412e-05,5.73e-06,2.341e-05,0.00035738,6.785e-05,0.0001376,4.921e-05,0.00077162,0.00031056,0.00020019,2.628e-05,0.0009656,0.00192881,0.00031056,0.00012566,0.00015767,0.00024845,3.01e-05,8.552e-05,0.0002193,2.007e-05,5.351e-05,2.962e-05,1.816e-05,0.00046011,0.00016914,6.45e-05,0.00017487,0.00013521,0.00043192,4.348e-05,0.0002236,0.00030053,0.00012852,2.867e-05,0.00032489,6.307e-05,0.00084711,0.00012661,0.00010893,3.536e-05,1.768e-05,0.00021691,5.065e-05,0.00015528,0.00018395,8.361e-05,0.00021214,0.0008667,0.00016245,9.08e-06,0.00010655,1.672e-05,1.43e-06,0.00011276,5.303e-05,0.01123746,8.218e-05,6.641e-05,0.00029957,7.215e-05,5.686e-05,7.262e-05,0.00014095,0.00054276,0.0001849,5.972e-05,0.00033827,1.003e-05,4.826e-05,8.17e-05,0.00334783,0.0006904,0.00010416,0.00026804,1.051e-05,7.931e-05,2.867e-05,1.959e-05,0.00010893,2.15e-05,1.624e-05,3.34e-06,4.252e-05,6.976e-05,8.122e-05,0.00053034
iyAndDors1,0.01025084,0.0028315,0.00511824,0.00071087,0.00322882,0.00616802,0.00054811,0.00040498,0.01574677,0.00089756,0.00904356,0.00049354,0.00272331,0.00030685,0.00158305,0.00019148,0.01743322,0.00025467,0.00037578,0.00012063,0.00455912,0.00029248,0.00067736,0.0006472,0.00191096,8.76e-05,8.521e-05,0.00102106,0.00013021,6.941e-05,7.228e-05,0.00018717,6.845e-05,0.00010914,0.00022595,2.776e-05,4.931e-05,6.223e-05,0.000236,8.712e-05,0.000146,0.00038631,0.00533652,0.00017281,9.6e-07,6.079e-05,5.17e-05,0.00010914,2.011e-05,0.000146,1.819e-05,4.739e-05,7.133e-05,9.574e-05,7.42e-05,0.00015845,3.35e-06,9.287e-05,5.457e-05,0.00024414,5.314e-05,4.739e-05,3.686e-05,0.4566247,3.159e-05,2.537e-05,6.175e-05,0.00042413,9.526e-05,8.808e-05,4.26e-05,2.585e-05,2.011e-05,2.441e-05,2.824e-05,9.526e-05,5.74e-06,3.877e-05,2.537e-05,3.303e-05,0.00012973,6.22e-06,5.505e-05,2.393e-05,0.00010005,7.18e-05,4.404e-05,4.79e-06,2.298e-05,2.154e-05,2.011e-05,5.744e-05,2.154e-05,1.628e-05,1.532e-05,0.0001168,2.298e-05,1.628e-05,0.00012398,0.00010292,2.346e-05,3.255e-05,0.00033174,1.005e-05,1.58e-05,0.00011967,4.452e-05,2.106e-05,2.393e-05,2.585e-05,0.0012786,2.633e-05,2.87e-06,1.197e-05,1.58e-05,4.26e-05,8.62e-06,3.83e-06,4.643e-05,2.154e-05,4.452e-05
iyAndFulv1,0.20421806,0.00529011,0.00731172,0.00056148,0.00343564,0.00855331,0.00187224,0.00221374,0.00260231,0.00138713,0.0087243,0.00301249,0.00719068,0.0052805,0.00584822,0.00051969,0.00551201,0.00046926,0.00020317,0.00029683,0.00203746,0.00022815,0.00086936,0.0027464,0.00032085,7.541e-05,0.00016138,0.00225793,0.00045677,0.00142603,0.00047166,0.00078242,5.524e-05,3.458e-05,0.00028626,7.205e-05,1.633e-05,0.00017099,0.00040298,0.00122478,0.00037416,0.00026081,0.00382421,0.00016571,1.297e-05,0.00022719,9.414e-05,5.572e-05,0.00015466,0.00028434,0.00015946,0.00270845,0.00018108,5.716e-05,0.00044284,7.973e-05,0.00049087,0.00018972,0.00025889,0.00041451,8.453e-05,0.00740586,0.00033958,0.00083093,5.235e-05,0.00031508,0.00011431,0.00040394,0.00015994,3.506e-05,7.877e-05,0.0003487,0.00019212,0.0003391,4.131e-05,0.00011479,0.000317,0.0001172,3.074e-05,0.00016619,5.62e-05,5.572e-05,3.41e-05,0.00034966,0.00039673,0.00055956,9.606e-05,1.777e-05,4.323e-05,0.00041306,0.00014217,8.549e-05,4.563e-05,2.834e-05,5.235e-05,0.00034198,3.602e-05,0.0001806,6.34e-05,0.00054419,0.00013737,0.00048991,0.00013977,4.32e-06,1.489e-05,0.00061383,0.0001316,0.00037512,3.842e-05,3.026e-05,8.213e-05,0.00038953,2.594e-05,4.803e-05,6.34e-05,0.0002243,2.88e-06,5.28e-06,1.105e-05,0.00026705,2.161e-05
iyAndHaem1,0.016265,0.00454633,0.00578925,0.00117715,0.01446952,0.00084494,0.00623284,0.00277052,0.00519155,0.00079741,0.01421699,0.00151704,0.02005425,0.00056793,0.02623188,0.00104609,0.00306769,0.00013154,0.00049016,0.00039846,0.00190494,0.00078012,0.00095295,0.00164522,0.00024196,7.105e-05,0.00423764,0.00369419,0.00127556,0.00096976,2.976e-05,0.03430101,0.04712386,0.00027124,2.592e-05,0.00032597,0.00073404,0.00237014,0.04624052,0.01252088,0.00015218,0.00364666,0.00025492,0.00015362,5.137e-05,0.00079405,0.00015651,0.00019875,0.00012674,0.00037494,4.801e-05,0.00037638,0.00075564,0.00022852,0.00012866,3.457e-05,0.00014162,0.00038022,0.00033413,0.00036102,1.008e-05,2.112e-05,0.00072108,0.00443207,0.00048296,0.00014882,0.00018627,0.00093999,0.00012722,0.00091263,0.00054105,2.832e-05,6.577e-05,0.00017331,0.00011906,5.905e-05,0.00111138,0.0027638,5.233e-05,0.0001205,0.00037542,0.00025396,6.337e-05,0.00011378,0.00031157,0.00018435,0.00029861,1.536e-05,0.00090398,0.00038454,0.00105281,5.329e-05,0.00039126,3.409e-05,3.409e-05,0.00046855,9.6e-06,5.809e-05,0.00018819,0.00051512,0.00012194,1.392e-05,2.688e-05,0.00011282,0.00016659,3.505e-05,0.00028805,0.00013682,0.00010514,0.00023428,0.06772252,0.00024484,2.4e-05,2.112e-05,8.305e-05,1.728e-05,5.041e-05,1.488e-05,0.00013922,0.00014162,9.6e-07
iyAndHatt1,0.03697989,0.00588697,0.00319636,0.00144109,0.00119109,0.00146073,0.00507615,0.00202538,0.00073276,0.01178352,0.00141571,0.00066284,0.00683956,0.00229023,0.00145977,0.00049377,0.00054215,0.00022749,0.00060632,0.00061398,0.00771504,0.00021312,0.00070594,0.00036494,0.00016236,0.00011494,0.00019684,0.00125,8.046e-05,0.00044061,0.00130029,0.00406322,0.00036111,8.86e-05,0.00012213,1.724e-05,0.00010632,0.00022653,0.00011063,0.00028879,0.00149808,0.00275479,0.00024042,0.00031657,2.395e-05,8.238e-05,9.914e-05,4.167e-05,0.00023228,4.598e-05,9.1e-06,0.00021648,0.00031322,0.00013218,0.00091331,0.00010201,0.00012596,0.00022989,0.00019444,4.598e-05,1.82e-05,0.00010249,0.0004387,0.00022318,0.00027778,0.00025766,9.291e-05,0.00083956,3.688e-05,0.00027059,1.964e-05,5.987e-05,0.00075383,0.00024713,9.914e-05,4.885e-05,0.00011303,0.00022749,1.437e-05,0.00011877,4.406e-05,8.429e-05,1.772e-05,0.00026724,4.023e-05,0.00026149,0.00012596,2.778e-05,8.62e-06,8.094e-05,0.00029167,0.00016475,4.167e-05,0.00028305,3.83e-06,7.902e-05,8.764e-05,1.533e-05,0.00023036,1.628e-05,0.00011686,0.00018487,9.1e-06,5.891e-05,0.00020498,0.00035441,0.0001183,0.00115565,6.992e-05,1.054e-05,0.00036973,1.916e-05,3.161e-05,4.406e-05,0.00020929,8.14e-06,5.316e-05,5.75e-06,0.00015182,3.257e-05,1.293e-05
iyAndMinu1,0.39264282,0.00771817,0.00465808,0.00080782,0.11278875,0.01536528,0.00502146,0.00083119,0.00409871,0.00120267,0.0116247,0.00119599,0.01469051,0.00098951,0.0057382,0.00051216,0.00049928,0.00025083,0.00056843,0.00017549,0.02053124,0.00049642,0.00036767,0.00192799,0.00028708,4.626e-05,0.00046257,0.0012537,7.582e-05,0.00102194,0.0001278,0.00050882,0.00047973,0.00023176,0.00010587,5.389e-05,0.00016738,0.00028755,0.00051788,0.00018216,8.441e-05,0.00016452,0.00021602,0.00018216,9.06e-06,0.00051311,0.00011636,0.00010634,8.345e-05,0.00015832,3.529e-05,6.915e-05,0.0001011,4.053e-05,0.0001731,0.00013019,0.00022699,5.866e-05,1.764e-05,0.00104912,0.0002866,0.00044349,4.912e-05,0.00127659,0.00130711,2.432e-05,5.675e-05,0.00023462,0.00044015,6.009e-05,2.957e-05,0.00034478,0.00016691,0.00019504,6.009e-05,0.0003629,0.00027992,3.147e-05,1.24e-05,3.529e-05,0.00025894,0.00018932,0.00011063,0.00134621,0.00120744,0.00024082,0.00028231,5.579e-05,1.955e-05,7.153e-05,2.718e-05,0.00048832,3.863e-05,4.769e-05,1.097e-05,0.00056938,3.004e-05,1.383e-05,2.527e-05,0.00018455,4.244e-05,6.104e-05,1.526e-05,4.435e-05,2.241e-05,9.108e-05,0.00010825,5.198e-05,0.00039914,0.00080877,0.00011159,3.243e-05,1.717e-05,1.192e-05,0.0001793,5.961e-05,1.574e-05,2.909e-05,0.0,0.00077206,0.0001135
iyAnoNige1,0.01011489,0.00195261,0.00671135,0.00078985,0.00101915,0.00287985,0.00414648,0.00117281,0.00278506,0.00095309,0.00228865,0.0015079,0.00410819,0.00181953,0.00096314,0.00049402,0.00091096,0.00048588,0.00253135,0.00079751,0.16763619,0.00017855,0.00587315,0.00170847,0.00038009,0.0001034,0.00033365,0.00095452,0.00046338,0.00010148,5.074e-05,0.00162183,0.00023791,6.462e-05,6.654e-05,0.00010723,3.83e-06,6.032e-05,0.00228578,0.00104117,0.0001527,0.0021484,0.00093059,0.00040785,4.26e-05,8.377e-05,3.255e-05,8.042e-05,2.011e-05,2.681e-05,4.165e-05,0.00672379,7.611e-05,0.0001192,0.00047391,6.271e-05,7.707e-05,0.00021972,0.00012063,6.462e-05,1.388e-05,4.356e-05,7.563e-05,0.00574677,9.478e-05,1.436e-05,8.62e-06,6.51e-05,2.154e-05,4.213e-05,1.915e-05,0.00010723,4.26e-05,2.25e-05,3.064e-05,3.877e-05,7.324e-05,0.44389564,0.00010962,3.686e-05,0.00010244,5.409e-05,1.388e-05,4.883e-05,5.409e-05,0.0003102,3.016e-05,9.57e-06,3.877e-05,0.0002585,7.468e-05,0.00011106,0.00025562,2.106e-05,3.83e-06,1.628e-05,1.053e-05,2.489e-05,5.601e-05,7.946e-05,0.00010483,6.367e-05,3.83e-05,0.00036668,2.25e-05,4.835e-05,2.058e-05,0.00117855,1.245e-05,1.34e-05,0.00022786,1.58e-05,7.66e-06,3.83e-06,1.005e-05,2.681e-05,4.31e-06,0.0,1.915e-05,3.494e-05,1.44e-06
iyAthRosa1,0.01186242,0.00877948,0.01511457,0.00045158,0.00289358,0.00224832,0.00193097,0.00078236,0.10457766,0.00162176,0.00192761,0.05546596,0.00088447,0.00156759,0.00089789,0.00033845,0.05645542,0.00027661,0.00018408,0.00056663,0.00029338,0.00088734,0.00246261,0.55934995,0.00029818,1.965e-05,0.00010642,0.00014525,5.561e-05,0.00027373,0.00012704,0.00035187,0.00083126,6.568e-05,0.00022627,7.478e-05,2.78e-05,0.00022627,0.00017114,6.616e-05,0.0001908,0.00011122,7.095e-05,0.00013279,3.931e-05,5.225e-05,9.252e-05,0.00019367,1.342e-05,6.568e-05,0.00029962,0.00019463,0.00012704,2.78e-05,1.534e-05,2.445e-05,2.445e-05,2.109e-05,7.239e-05,0.00010211,1.726e-05,4.267e-05,4.794e-05,5.417e-05,6.136e-05,2.061e-05,1.965e-05,6.568e-05,1.822e-05,2.061e-05,5.321e-05,8.869e-05,6.23e-06,3.739e-05,4.219e-05,1.822e-05,0.00023394,6.424e-05,1.63e-05,2.78e-05,4.075e-05,5.177e-05,4.842e-05,0.00010259,0.00012512,6.663e-05,1.39e-05,3.84e-06,4.986e-05,4.027e-05,1.63e-05,3.308e-05,5.369e-05,2.349e-05,9.971e-05,0.00024832,3.787e-05,5.896e-05,4.123e-05,7.143e-05,8.006e-05,2.541e-05,5.75e-06,4.986e-05,7.958e-05,1.918e-05,1.822e-05,7.958e-05,3.36e-06,1.92e-06,0.00010259,1.678e-05,0.00011361,4.31e-06,5.753e-05,1.486e-05,6.71e-06,4.31e-06,3.404e-05,1.294e-05,4.31e-06
iyBomHort1,0.00893852,0.00279011,0.00304083,0.00109798,0.00196782,0.00080451,0.0017877,0.00075985,0.00132805,0.00381172,0.00125552,0.00056868,0.00105235,0.00055764,0.00037368,0.00032997,0.00225456,0.00014025,9.222e-05,0.00082133,0.00034822,0.00051297,0.00017915,0.0002805,0.00042939,0.00016427,0.00030644,0.00157973,5.524e-05,0.00012104,0.00043516,0.43724207,0.00015466,6.676e-05,8.165e-05,2.978e-05,1.92e-06,1.969e-05,0.00012584,0.00012008,7.012e-05,0.00016378,5.716e-05,6.004e-05,4.8e-06,0.00025168,3.89e-05,1.489e-05,2.738e-05,2.402e-05,2.305e-05,7.349e-05,5.476e-05,8.165e-05,4.515e-05,2.834e-05,1.441e-05,9.51e-05,4.419e-05,2.209e-05,4.275e-05,8.838e-05,9.894e-05,4.851e-05,0.00042747,9.99e-05,3.36e-06,0.00037512,3.89e-05,2.161e-05,4.467e-05,7.2e-06,0.00015322,5.524e-05,2.161e-05,1.681e-05,0.00025312,2.498e-05,1.489e-05,9.174e-05,1.633e-05,5.572e-05,6.24e-06,2.738e-05,1.92e-06,6.292e-05,3.314e-05,5.76e-06,3.314e-05,1.441e-05,1.249e-05,1.777e-05,1.969e-05,2.498e-05,7.2e-06,1.969e-05,1.44e-06,2.786e-05,6.724e-05,4.275e-05,3.506e-05,3.794e-05,1.777e-05,2.209e-05,8.598e-05,2.4e-06,2.546e-05,1.969e-05,1.105e-05,9.13e-06,0.00018156,1.393e-05,1.729e-05,1.393e-05,2.4e-06,1.393e-05,4.8e-06,0.0,8.65e-06,3.506e-05,1.249e-05
iyBomPasc1,0.00523213,0.00117026,0.01177314,0.00057122,0.00188969,0.00752086,0.00135156,0.00038993,0.0028307,0.00216019,0.00037554,0.00043645,0.00068201,0.00042494,0.00019712,0.00018273,0.00071031,0.0008259,0.00014436,0.00017746,0.01989448,7.722e-05,0.01161775,0.00053141,0.00093861,4.988e-05,8.969e-05,0.00011223,3.741e-05,9.353e-05,0.00027674,0.00011655,1.007e-05,4.125e-05,0.00022158,1.391e-05,5.28e-06,2.734e-05,0.489753,3.693e-05,5.851e-05,2.446e-05,0.00013717,5.18e-05,8.15e-06,3.837e-05,2.398e-05,0.00012086,9.11e-06,4.844e-05,1.103e-05,8.106e-05,2.686e-05,9.11e-06,4.412e-05,8.15e-06,1.391e-05,7.146e-05,1.631e-05,6.71e-06,2.062e-05,5.995e-05,5.18e-05,1.631e-05,7.722e-05,1.631e-05,1.199e-05,3.981e-05,1.151e-05,1.966e-05,6.71e-06,2.158e-05,1.487e-05,1.966e-05,3.453e-05,2.446e-05,7.05e-05,3.645e-05,1.44e-06,1.151e-05,1.871e-05,4.125e-05,2.302e-05,5.036e-05,2.206e-05,1.151e-05,4.8e-07,1.055e-05,2.014e-05,6.24e-06,8.63e-06,9.11e-06,1.727e-05,6.427e-05,9.59e-06,4.221e-05,2.4e-06,5.516e-05,2.446e-05,1.247e-05,9.11e-06,1.966e-05,2.686e-05,8.15e-06,1.199e-05,5.564e-05,1.055e-05,0.00048058,1.103e-05,1.103e-05,1.007e-05,8.15e-06,7.19e-06,1.727e-05,4.556e-05,7.19e-06,0.0,0.0,4.8e-07,2.974e-05,3.36e-06
iyBomPrat1,0.05940909,0.00747129,0.01147703,0.00289713,0.00477464,0.01132727,0.00195694,0.00198852,0.02472153,0.00399474,0.00285598,0.00567321,0.00423589,0.00114641,0.00044498,0.0003,0.00155694,0.00013014,0.00028517,0.00260239,0.00253301,0.00102153,0.04685837,0.001189,0.00468517,0.00010096,0.00035742,0.05664785,0.00077273,0.00106651,0.00020526,0.00983828,0.00019761,0.00038995,0.00080431,0.00035598,1.244e-05,0.00013732,0.00044928,0.00019904,4.211e-05,0.00639665,0.00076124,0.00075167,3.206e-05,0.00132967,0.00044833,0.00122871,8.708e-05,0.00022823,0.0001866,0.0005134,0.00040526,0.00035598,0.00040861,0.00029617,5.024e-05,4.833e-05,0.00059761,0.00027608,5.263e-05,0.00012057,0.00117464,0.00022919,0.00345885,0.0002555,4.593e-05,0.00037943,4.354e-05,0.00012919,0.00014785,0.00023158,0.00015694,1.914e-05,7.321e-05,0.0030134,0.00010957,0.00014976,0.0001311,2.249e-05,3.78e-05,9.569e-05,3.493e-05,0.00010048,5.981e-05,0.00052297,0.00094545,0.00011148,6.651e-05,8.66e-05,9.091e-05,0.00058517,4.737e-05,5.072e-05,1.77e-05,0.00022727,4.258e-05,2.201e-05,0.00012632,3.83e-06,0.0001823,2.39e-06,2.105e-05,0.00016172,9.904e-05,6.938e-05,0.00021388,0.00032871,0.00012057,3.35e-06,0.00185072,5.55e-05,3.397e-05,2.823e-05,0.03178373,0.00028612,0.0005488,5.74e-06,0.00017177,0.00017464,4.019e-05
iyBomTerr1,0.03674053,0.00256019,0.00226139,0.00085612,0.00197602,0.00226715,0.00229161,0.00202494,0.01846427,0.00283165,0.00089832,0.00098273,0.00190024,0.0004048,0.00142446,0.00058849,0.00073813,0.00016882,0.00035971,0.00046571,0.0036259,0.00034293,0.01298561,0.00128153,0.00041391,0.00013957,0.00023789,0.00038129,0.00033621,0.00019424,0.00330408,0.00030743,0.00018129,4.173e-05,0.00028681,0.00010072,0.00015588,8.585e-05,0.00099664,5.468e-05,0.00016739,0.00055348,0.00402878,0.00023453,2.254e-05,0.00012566,0.00018609,6.667e-05,0.00026475,0.00067434,2.494e-05,2.59e-05,0.00084556,0.00014532,1.439e-05,0.00444556,4.365e-05,5.76e-06,0.00011942,0.00011751,6.043e-05,7.482e-05,5.468e-05,0.00048393,0.00041775,0.00044077,9.496e-05,0.00059089,1.199e-05,0.0002235,0.00038945,5.564e-05,0.00028249,0.00020384,3.741e-05,0.00047914,4.652e-05,4.652e-05,7.002e-05,2.686e-05,5.803e-05,5.803e-05,0.00018273,0.00120528,9.736e-05,0.00020048,2.782e-05,2.878e-05,2.35e-05,7.674e-05,0.00014868,9.64e-05,0.00013477,4.652e-05,1.103e-05,0.00030983,5.755e-05,0.00015348,0.00012038,0.00012662,0.00057314,0.00035444,4.652e-05,3.933e-05,0.00021823,0.00041631,1.343e-05,1.583e-05,0.00018945,2.782e-05,0.00016499,4.46e-05,9.161e-05,3.981e-05,0.2893036,0.00011271,2.446e-05,1.92e-06,0.00010216,0.00020144,5.76e-06
iyBuaLabo1,0.01855194,0.00780038,0.04739876,0.00159694,0.00228578,0.00139588,0.01294734,0.00404548,0.00256774,0.0032786,0.09910627,0.00285017,0.00320632,0.00092245,0.00238679,0.0018023,0.00067353,0.00021254,0.00094782,0.00022451,0.00310675,0.00250551,0.00081666,0.00995117,0.00020775,0.0001235,0.00026041,0.00090282,0.0001527,0.0003327,9.478e-05,0.00904165,0.0006922,0.00026472,0.00014792,9.909e-05,0.00016419,0.00020488,0.00165917,0.00035711,0.00016228,0.00120297,0.00010101,0.0001235,5.17e-05,6.51e-05,0.00158976,6.175e-05,7.851e-05,3.83e-05,0.00064481,3.83e-05,2.824e-05,0.00012159,0.00017999,0.00012733,6.989e-05,3.303e-05,3.159e-05,0.00016946,8.76e-05,3.351e-05,3.207e-05,0.00011249,3.255e-05,0.00012973,0.00024126,0.0006855,4.308e-05,0.00036716,7.133e-05,5.888e-05,8.138e-05,1.963e-05,0.00012207,0.00015414,0.00127812,6.223e-05,9.382e-05,5.218e-05,7.899e-05,0.00042987,1.388e-05,6.845e-05,0.0001235,0.00099713,2.537e-05,5.553e-05,3.016e-05,0.00023504,1.436e-05,0.0001776,1.628e-05,4.117e-05,1.005e-05,0.00023648,0.00011393,5.936e-05,9.382e-05,0.00011824,0.00017951,7.66e-06,0.00011632,9.239e-05,0.00034945,8.186e-05,4.739e-05,4.069e-05,2.681e-05,0.00019387,5.792e-05,9.622e-05,0.35464241,1.005e-05,1.963e-05,6.941e-05,2.298e-05,4.596e-05,1.484e-05,3.83e-06,1.34e-05
iyCamRapt1,0.15052775,0.0259201,0.06676746,0.00144402,0.0269866,0.00582153,0.00080048,0.00132297,0.02092297,0.00529761,0.00909522,0.10546986,0.00310813,0.00273684,0.00221866,0.00031914,0.00491388,0.00040048,0.00060048,0.00064593,0.00155646,0.00229474,0.00308756,0.00365694,0.00055885,0.00024402,0.00024115,0.00017847,5.072e-05,0.00023493,8.66e-05,0.00057033,0.00056651,0.00032297,0.00014354,7.895e-05,3.349e-05,0.00033636,0.00043062,0.000489,9.139e-05,0.00041627,0.00071435,0.00097273,5.837e-05,8.469e-05,0.00064354,0.00010813,0.00013062,0.00078038,0.00044354,0.00022344,0.00036507,0.00010861,0.00057129,0.00017129,0.00012488,0.00010431,0.00017512,0.00015311,0.00010622,9.522e-05,0.00018947,0.00014163,9.713e-05,0.00016603,0.0001933,0.00068995,2.536e-05,0.00016651,7.56e-05,7.608e-05,5.167e-05,0.00060335,7.99e-05,0.000189,0.0004555,4.163e-05,0.00020813,4.737e-05,2.105e-05,4.402e-05,0.00038373,0.00014115,0.00012536,0.00015167,6.699e-05,0.00010478,0.00017656,0.00018612,4.354e-05,3.636e-05,2.967e-05,3.828e-05,6.794e-05,0.14079234,4.545e-05,5.024e-05,9.713e-05,9.282e-05,3.397e-05,7.56e-05,2.584e-05,1.675e-05,6.268e-05,0.00022536,1.244e-05,3.301e-05,4.067e-05,1.388e-05,6.364e-05,3.589e-05,0.0005,1.962e-05,0.00024976,5.311e-05,3.83e-06,4.8e-07,1.435e-05,6.411e-05,9.09e-06
iyCerRyby1,0.10026348,0.01368878,0.00284487,0.00215322,0.0015389,0.00496516,0.00627589,0.00196086,0.00059379,0.00731217,0.00158138,0.00153508,0.03505776,0.00330024,0.00988353,0.00082578,0.00608305,0.00052076,0.00076277,0.00241862,0.00745489,0.00026635,0.00045823,0.00030215,0.00016277,0.00192363,0.00080239,0.0010716,0.00021241,0.00266158,0.00010453,0.00039475,0.00093604,0.00027017,0.00021384,3.198e-05,0.00050788,0.0031222,0.005242,0.00042243,6.969e-05,0.00055227,0.00032267,0.00099141,1.814e-05,0.00085251,0.00149403,0.00091408,0.00023723,0.00017995,2.291e-05,0.0007179,0.00120239,5.346e-05,0.00022196,0.00046158,0.00035131,0.00028831,0.00194033,0.00020668,0.00022912,0.00019809,0.00016516,0.00056754,7.255e-05,0.00534415,6.778e-05,0.00221241,1.671e-05,0.00022482,0.00192029,7.494e-05,0.00012601,7.971e-05,6.826e-05,3.771e-05,0.00013365,0.00010501,0.00021098,0.00053079,0.00132124,0.00044582,0.00019523,0.00014129,0.00025203,0.00014368,0.00035895,0.00014033,0.00047685,3.819e-05,0.00450788,8.735e-05,8.401e-05,9.117e-05,5.346e-05,0.00012363,6.205e-05,9.07e-06,4.535e-05,0.00020286,1.909e-05,0.0002,3.198e-05,0.0002864,2.148e-05,0.00045298,0.00012697,0.00444964,0.00308687,8.926e-05,1.384e-05,0.00022291,8.258e-05,9.308e-05,0.00036086,5.394e-05,3.15e-05,1.193e-05,0.00021146,7.589e-05,1.91e-06
iyCliInci1,0.19838351,0.00430633,0.01344871,0.00428955,0.00267689,0.00397651,0.00333749,0.02350479,0.00389358,0.00155992,0.00049377,0.00478859,0.00647939,0.00122531,0.00288015,0.03156663,0.01102349,0.00198706,0.00047603,0.00060834,0.00117546,0.00049425,0.01122723,0.02431304,0.00015149,0.00070374,0.00025216,0.00141755,0.00018552,0.0021117,0.00205801,0.00018792,0.0007349,0.00016683,0.0002627,0.00011985,0.00018169,0.00020757,0.00283317,0.00079051,0.000314,4.89e-05,0.00428332,0.00012704,5.177e-05,7.143e-05,0.00187967,0.00016107,6.759e-05,0.00574545,4.267e-05,0.00017306,0.00050096,3.212e-05,0.00012033,5.225e-05,2.78e-05,0.00060403,0.00086577,0.00026031,0.00036002,0.00032023,0.00041227,0.00038447,0.00041227,0.00012895,0.004593,0.00243001,4.746e-05,0.00024065,0.00016779,2.589e-05,0.00110499,0.00048035,0.00011026,9.492e-05,0.00020901,7.91e-05,6.184e-05,2.876e-05,1.294e-05,0.000186,4.602e-05,9.012e-05,0.05542378,0.00040508,0.00033988,3.164e-05,4.554e-05,1.965e-05,0.00027996,3.835e-05,0.00024209,0.00047315,2.924e-05,0.00018456,0.00024401,3.5e-05,2.253e-05,0.00023873,0.00010163,0.00011457,7.239e-05,5.561e-05,0.00069847,0.0061232,0.0004185,8.437e-05,0.00013375,3.404e-05,6.424e-05,0.00019415,9.396e-05,0.00027948,0.00014765,0.00011745,1.246e-05,1.342e-05,2.013e-05,4.842e-05,7.239e-05
iyCoeConi1,0.01639174,0.01068459,0.01050072,0.03680605,0.00648392,0.00579405,0.00104897,0.00642343,0.00231733,0.00076092,0.01042151,0.00165627,0.00146279,0.00211378,0.00100048,0.00048488,0.00502496,0.00149496,0.00236438,0.00020499,0.00012962,0.0021445,0.00013682,0.00047432,0.00031445,0.01923188,0.0002554,0.00014306,6.145e-05,0.00097552,0.00010706,0.1669688,0.00030629,0.00071291,0.0001037,8.353e-05,9.554e-05,4.849e-05,0.00031733,8.641e-05,0.00048008,0.00018675,3.601e-05,0.00020499,1.44e-05,8.209e-05,0.00049976,5.185e-05,4.225e-05,7.249e-05,3.12e-05,7.105e-05,5.617e-05,6.097e-05,0.00037638,0.00023428,0.00011666,7.345e-05,0.00057993,0.00011618,0.00081661,0.00015506,5.137e-05,0.00014546,1.776e-05,0.0001109,2.784e-05,5.569e-05,2.592e-05,3.601e-05,9.073e-05,0.00014594,0.00011234,0.00010082,3.217e-05,4.849e-05,0.00010562,2.448e-05,3.169e-05,0.03783005,4.033e-05,1.056e-05,0.00017571,0.00022804,1.488e-05,0.00032117,4.609e-05,0.00022564,7.633e-05,4.993e-05,3.84e-06,1.872e-05,1.44e-05,2.448e-05,6.673e-05,0.00017811,1.68e-05,3.697e-05,3.265e-05,0.0003471,4.177e-05,2.784e-05,4.8e-06,5.281e-05,5.761e-05,2.448e-05,3.937e-05,4.897e-05,4.129e-05,6.481e-05,1.488e-05,1.008e-05,1.248e-05,2.16e-05,3.457e-05,2.448e-05,3.36e-06,0.0,2.208e-05,5.953e-05,1.44e-06
iyDolMedi1,0.02228674,0.00308731,0.00682681,0.006375,0.00292366,0.00426431,0.00201956,0.00234685,0.00152672,0.00099284,0.00639456,0.00065458,0.00175525,0.0007395,0.00173426,0.00071183,0.00060496,0.00017891,0.00076622,0.00294418,0.05226145,0.00041985,0.4396312,0.00019561,0.00561212,0.00020802,0.00028721,0.00290506,0.00060878,0.0007209,4.008e-05,0.00051288,0.00047853,0.00021994,9.828e-05,0.00146231,9.637e-05,0.00043416,0.07105391,0.00039981,0.00038597,0.00020134,0.00093082,0.00031345,0.00139122,0.00021565,3.912e-05,0.00103817,1.718e-05,9.637e-05,2.863e-05,2.624e-05,0.00148569,0.00013168,0.00012214,3.769e-05,7.824e-05,2.385e-05,0.00017748,0.0001312,0.00031202,6.298e-05,0.00097996,0.0011479,0.00029723,0.00018845,2.958e-05,0.00030868,3.387e-05,0.00023903,7.63e-06,0.00016174,4.819e-05,5.01e-05,3.101e-05,1.527e-05,0.00060115,0.00010067,2.242e-05,4.532e-05,4.58e-05,2.338e-05,0.00015983,8.59e-06,0.00034542,6.25e-05,6.775e-05,0.00045324,0.00016412,5.534e-05,2.91e-05,4.58e-05,9.54e-06,4.437e-05,6.68e-06,1.05e-05,6.68e-06,0.00025095,0.00017414,0.00016651,0.0052042,3.292e-05,0.00021565,0.00034781,0.00084876,1.43e-06,0.0001875,5.773e-05,0.00017796,0.00010496,0.00264218,5.391e-05,1.193e-05,2.052e-05,1.527e-05,0.00042605,9.06e-06,8.11e-06,1.718e-05,9.065e-05,3.82e-06
iyEctCont1,0.04379181,0.00521542,0.01326458,0.00221012,0.00212386,0.00283133,0.00138747,0.01209012,0.00098892,0.00157157,0.00070361,0.00262361,0.00708675,0.01120193,0.0021412,0.0004906,0.00303084,0.00024193,0.00073157,0.00077301,0.00391663,0.0003947,7.663e-05,0.00020578,0.00089012,0.00015373,9.205e-05,0.00049301,1.976e-05,0.00217398,0.00012337,0.00051036,0.00012675,0.00020096,7.663e-05,0.00021398,1.831e-05,0.00023422,0.00031084,4.096e-05,0.00025157,0.00047663,9.494e-05,8.337e-05,1.494e-05,1.976e-05,0.00014024,0.00027036,8.771e-05,6.699e-05,0.00011325,0.00134699,0.00012193,5.928e-05,4.241e-05,0.01535904,0.0001412,8e-05,0.00056675,0.0007441,0.00287663,4.771e-05,0.00012289,0.00081301,0.00013108,0.00067566,6.313e-05,9.446e-05,1.108e-05,5.205e-05,2.651e-05,2.602e-05,9.639e-05,0.00047614,4.771e-05,1.06e-05,6.795e-05,0.00011084,4.048e-05,0.00042554,2.94e-05,1.446e-05,0.0005041,0.00066602,2.265e-05,9.157e-05,5.928e-05,0.00010699,0.00021639,0.00084048,2.41e-06,0.00032,1.687e-05,0.00015904,0.00017783,0.00059422,4.386e-05,2.795e-05,1.349e-05,0.00038843,2.41e-06,2.458e-05,2.313e-05,1.735e-05,2.12e-05,2.747e-05,0.00128386,0.00010361,0.00038072,6.169e-05,4.289e-05,9.06e-05,5.928e-05,8.241e-05,1.108e-05,6.458e-05,3.277e-05,3.86e-06,8.19e-06,2.602e-05,6.554e-05
iyEctLitu1,0.00541499,0.00208934,0.00105572,0.00170557,0.00048271,0.00050528,0.00124352,0.00392795,0.00059846,0.00038905,0.00095437,0.0002536,0.00158165,0.00022911,0.00081796,0.00152738,0.00026801,0.00020557,0.00033622,0.0029707,0.00015034,0.00014745,0.00231268,9.654e-05,0.01736167,0.00043132,6.484e-05,0.00026897,9.75e-05,0.00062344,4.899e-05,0.00114361,4.563e-05,6.82e-05,3.65e-05,2.45e-05,6.244e-05,6.196e-05,0.00038713,0.00011768,0.00037272,3.794e-05,0.00027426,3.074e-05,5.28e-06,6.724e-05,0.00023295,7.781e-05,8.17e-06,2.978e-05,1.057e-05,7.493e-05,8.405e-05,2.017e-05,1.393e-05,3.89e-05,0.00011527,3.554e-05,0.0001172,4.611e-05,0.00012968,2.834e-05,0.00030596,0.00035927,0.00010855,0.00019981,2.88e-06,0.00026273,1.633e-05,1.777e-05,1.153e-05,1.249e-05,0.00013353,3.026e-05,1.489e-05,2.594e-05,4.707e-05,6.052e-05,4.563e-05,3.074e-05,5.956e-05,0.00016378,2.161e-05,0.00084822,1.297e-05,1.825e-05,5.235e-05,1.393e-05,1.921e-05,2.017e-05,6.196e-05,2.786e-05,0.00021278,5.716e-05,1.009e-05,9.558e-05,1.393e-05,5.908e-05,2.257e-05,0.00034438,6.724e-05,7.68e-06,0.00077378,0.00021374,1.297e-05,0.00093132,0.00123871,1.777e-05,0.00082805,2.354e-05,0.00011671,6.532e-05,4.8e-06,1.297e-05,8.17e-06,3.122e-05,3.84e-06,1.105e-05,9.6e-07,6.24e-06,9.13e-06
iyIchXant1,0.08522712,0.01010925,0.02733637,0.00194777,0.00211404,0.0069746,0.00094442,0.00154816,0.00157643,0.0009104,0.00524533,0.00836703,0.00723191,0.00542118,0.12896885,0.00190752,0.00309439,0.00080355,0.0026229,0.00028174,0.00065884,0.00033828,0.00167369,0.00531001,9.344e-05,0.00025012,0.00132008,0.00161907,0.00024245,0.00044034,7.667e-05,0.00021754,0.00017345,0.00031145,0.00019358,5.319e-05,5.127e-05,0.00061763,0.00015764,0.00035889,0.00015429,0.00087734,0.00150743,0.00050503,0.00012602,0.00052947,0.00033541,0.00169765,3.737e-05,0.00072257,0.00014758,0.00069717,6.421e-05,0.00037135,0.00032535,5.319e-05,3.69e-05,0.00168088,0.00205175,0.00309104,0.00069957,5.654e-05,5.894e-05,0.00035314,5.319e-05,0.00010685,0.00083565,0.00035793,0.00011739,0.00074221,0.00042693,0.0007379,4.169e-05,0.00420795,0.00318591,0.00397173,0.00097317,0.00045184,0.00010206,0.00045999,0.00200335,0.00015525,1.437e-05,0.00018591,0.00035458,5.223e-05,0.000138,6.996e-05,0.00031193,0.0006047,0.00085434,1.629e-05,3.929e-05,0.00022472,2.252e-05,0.00038572,0.00015716,4.887e-05,0.00012746,2.444e-05,0.00012937,0.00023,3.45e-05,2.012e-05,0.00031385,0.00079684,0.00043603,0.00039962,0.00015525,2.492e-05,3.83e-06,0.00014039,0.00014998,5.798e-05,5.606e-05,2.252e-05,3.642e-05,4.169e-05,5.414e-05,6.564e-05,0.00016818
iyLasLatv2,0.01083254,0.01168134,0.00242297,0.02547225,0.00244115,0.00092392,0.00851196,0.0058689,0.00091914,0.00235837,0.00268421,0.00065215,0.00409282,0.00110478,0.00063589,0.00113206,0.00085837,0.00055311,0.00039809,0.00189952,0.00039426,0.00059043,0.02343732,0.00010813,0.00019569,0.00232871,0.00405694,0.00016411,0.00093828,0.00036842,8.852e-05,0.00045885,0.00060813,0.00018947,7.273e-05,3.254e-05,4.785e-05,0.00018517,8.852e-05,0.00078756,0.00020718,0.00014498,0.00023301,0.00026172,4.785e-05,0.00065742,2.679e-05,2.536e-05,8.182e-05,8.565e-05,1.866e-05,4.354e-05,0.00027129,0.00078947,5.55e-05,0.00015024,3.301e-05,0.00019761,0.00023014,4.163e-05,4.498e-05,0.00023397,0.00012057,0.00020861,3.062e-05,0.00015311,3.062e-05,0.00015837,4.88e-05,7.656e-05,0.00016172,0.00035885,9.282e-05,1.579e-05,5.789e-05,4.78e-06,4.067e-05,2.201e-05,0.00016699,7.081e-05,5.455e-05,5.359e-05,9.57e-06,6.459e-05,6.22e-06,5.407e-05,1.1e-05,1.962e-05,1.148e-05,2.871e-05,0.41472967,1.91e-06,4.593e-05,1.818e-05,1.77e-05,2.871e-05,1.388e-05,7.656e-05,0.00029665,5.359e-05,4.928e-05,8.278e-05,5.26e-06,0.00011627,5.26e-06,6.507e-05,8.421e-05,6.124e-05,7.799e-05,1.531e-05,1.1e-05,1.818e-05,9.09e-06,1.1e-05,1.435e-05,6.7e-06,2.249e-05,1.44e-06,4.31e-06,1.34e-05,1.818e-05
iyLasMori1,0.0132304,0.00559465,0.00418451,0.00245746,0.00290057,0.0006783,0.00107696,0.00113241,0.02998853,0.000413,0.00532361,0.00157075,0.00587811,0.00538767,0.00335994,0.00108174,0.00115774,0.00051147,0.00066922,0.00538337,0.00040966,0.01436329,0.01208843,0.02340535,7.17e-05,0.00148088,0.00139723,0.00106788,0.0002696,0.00038671,4.015e-05,0.00426864,0.00032122,0.00115488,4.732e-05,3.728e-05,7.17e-06,4.924e-05,0.00041491,0.000413,0.00012428,2.629e-05,0.00100048,0.00027725,1.864e-05,0.00064006,0.00051099,1.864e-05,3.824e-05,0.0001673,1.243e-05,6.692e-05,9.99e-05,8.174e-05,7.935e-05,1.912e-05,2.533e-05,2.103e-05,0.00036759,0.00017304,3.585e-05,0.00034082,0.00077294,0.00019073,3.394e-05,0.00017782,5.975e-05,0.00033222,4.8e-07,6.836e-05,8.222e-05,7.314e-05,0.00018834,0.00011855,0.00037763,2.916e-05,0.00024522,7.457e-05,6.644e-05,2.772e-05,2.581e-05,0.00018642,2.677e-05,0.00011616,8.891e-05,3.203e-05,1.625e-05,7.314e-05,8.652e-05,0.00015392,0.00025956,2.772e-05,0.0001434,8.413e-05,8.6e-06,8.222e-05,7.266e-05,3.967e-05,8.987e-05,4.78e-05,0.00015392,5.641e-05,4.732e-05,0.00011998,3.011e-05,0.00011998,9.512e-05,2.247e-05,0.00010373,4.111e-05,4.876e-05,1.96e-05,8.27e-05,1.004e-05,8.13e-06,4.637e-05,4.78e-06,8.795e-05,3.107e-05,2.342e-05,1.91e-06
iyLasPaux1,0.14075952,0.00141783,0.00507663,0.00086699,0.00122169,0.01909542,0.00063855,0.00092482,0.00245012,0.00066699,0.00102169,0.0958294,0.02180675,0.00169831,0.00104482,0.00037928,0.00057398,9.205e-05,0.00039566,0.00085301,0.00368964,0.00026795,0.01130072,0.00106458,0.00020096,6.41e-05,0.00011518,0.01399807,0.00063711,0.00054988,0.00016386,0.00071181,0.00016964,5.783e-05,0.00011277,0.00017831,6.843e-05,0.00010602,0.00030024,0.00033639,0.00021108,0.05951759,0.00102988,0.00042361,4.675e-05,6.458e-05,8.145e-05,0.00010072,2.361e-05,5.349e-05,4.964e-05,0.00017542,0.00317976,0.00025735,0.00027229,0.00060289,4.193e-05,6.94e-05,3.277e-05,5.59e-05,3.084e-05,0.00048193,0.0004,0.00211518,0.00067904,0.00035277,2.313e-05,0.0001041,8.241e-05,6.361e-05,8.434e-05,3.422e-05,3.229e-05,0.00012482,7.759e-05,8.964e-05,6.554e-05,0.00102313,7.855e-05,0.00101349,9.301e-05,4.337e-05,3.711e-05,0.01074313,0.00061205,0.00027325,0.00038651,1.157e-05,4.241e-05,0.00021639,0.00050217,8.434e-05,2.265e-05,4.145e-05,3.229e-05,0.00013735,2.313e-05,0.00011614,0.00050988,1.494e-05,0.00134169,4.289e-05,0.00011855,4.241e-05,0.00248289,0.00107807,9.494e-05,0.00018458,2.747e-05,0.00014024,0.00043422,8.145e-05,0.00195277,3.37e-06,0.00064675,0.00027181,2.313e-05,5.78e-06,0.00022602,5.446e-05,2.554e-05
iyMegLign1,0.00987338,0.00320624,0.01915108,0.00128537,0.00182254,0.00140576,0.00671463,0.00198225,0.00522398,0.00107866,0.00073765,0.00085468,0.00104125,0.0001247,0.00069017,0.00031799,0.00058369,0.0002446,0.00027866,0.00023549,0.00102686,0.00014868,0.00023933,0.00065036,0.00056451,7.194e-05,0.00021151,0.0001295,0.00114964,0.00015827,6.427e-05,5.564e-05,0.00020911,0.00029113,7.434e-05,4.652e-05,0.00018417,3.981e-05,9.4e-05,0.00049209,8.585e-05,0.00014245,9.784e-05,0.00011415,2.494e-05,0.00113765,0.00013957,7.386e-05,0.00014964,4.892e-05,2.398e-05,0.00021775,4.077e-05,0.00061439,2.4e-06,1.966e-05,7.674e-05,9.832e-05,0.00028345,0.00019952,1.343e-05,0.00023885,3.261e-05,0.00019952,4.46e-05,4.796e-05,2.206e-05,2.158e-05,2.878e-05,3.165e-05,2.11e-05,9.496e-05,7.67e-06,9.736e-05,3.597e-05,2.542e-05,3.837e-05,8.873e-05,7.242e-05,2.062e-05,5.036e-05,0.00010695,3.213e-05,3.165e-05,3.07e-05,9.161e-05,7.19e-06,3.84e-06,3.453e-05,5.372e-05,0.00029736,1.583e-05,0.00013333,4.173e-05,2.11e-05,2.638e-05,4.8e-06,6.379e-05,3.453e-05,3.981e-05,1.679e-05,3.741e-05,7.67e-06,0.42001631,2.446e-05,4.988e-05,9.257e-05,1.631e-05,2.206e-05,5.947e-05,5.28e-06,8.63e-06,6.24e-06,2.254e-05,1.679e-05,1.583e-05,3.261e-05,4.8e-07,9.11e-06,5.995e-05,1.966e-05
iyMegWill1,0.01374952,0.00533509,0.00645411,0.00069981,0.00392017,0.02240105,0.01385516,0.00168069,0.00478585,0.00650048,0.00087189,0.0040239,0.04656549,0.00055019,0.0003805,0.00044933,0.00040344,0.00051625,0.00030115,0.00036568,0.03002868,0.00023423,0.00030067,0.00156883,0.0028762,8.748e-05,0.00027533,0.00250669,2.438e-05,0.00021654,0.00013671,0.00142639,0.00036759,0.00011138,9.273e-05,5.832e-05,3.35e-06,0.0002347,0.00261616,7.075e-05,1.96e-05,0.00013958,5.402e-05,0.00015774,1.052e-05,0.00135421,0.00042686,0.0001544,3.92e-05,0.00012715,0.00024426,1.434e-05,6.023e-05,0.00011998,1.099e-05,0.00254493,2.342e-05,0.00046511,7.17e-05,0.00017352,0.00013671,8.078e-05,4.971e-05,0.00047658,0.00065918,3.681e-05,4.302e-05,3.681e-05,2.438e-05,5.975e-05,3.776e-05,1.291e-05,0.0001109,1.721e-05,7.266e-05,0.0001348,0.00080449,1.052e-05,7.457e-05,2.581e-05,0.0002065,4.446e-05,8.174e-05,0.00013289,1.912e-05,6.788e-05,4.971e-05,9.226e-05,1.147e-05,9.034e-05,3.203e-05,2.964e-05,8.461e-05,7.027e-05,7.409e-05,0.00011902,0.00015249,4.828e-05,0.00016874,4.207e-05,0.00011616,5.545e-05,2.39e-05,3.35e-06,3.059e-05,4.589e-05,7.075e-05,7.887e-05,3.155e-05,6.21e-06,0.00044216,3.346e-05,2.055e-05,2.87e-06,2.916e-05,1.434e-05,5.26e-06,2.103e-05,2.916e-05,3.82e-06,1.243e-05
iyMimDahl1,0.01955326,0.00269482,0.0024525,0.00104942,0.00684117,0.00094818,0.00231814,0.00224424,0.00104798,0.00040595,0.04116795,0.00139635,0.00343522,0.00141267,0.09610509,0.00279463,0.00138628,0.00285605,0.00070441,0.00098848,0.00049184,0.00069674,0.00132726,0.00060029,7.486e-05,0.00015979,0.00083829,0.00096785,3.263e-05,0.00035845,2.159e-05,0.00336996,0.00013772,0.00010029,8.925e-05,0.00014779,5.998e-05,0.00080038,0.00027207,8.253e-05,0.00089012,0.00026823,0.0001785,0.00057342,0.00016699,5.71e-05,0.00012044,0.0001262,1.44e-06,0.00101679,4.415e-05,0.00074232,0.00051727,3.935e-05,5.95e-05,0.00010749,0.00021737,0.00019194,0.00020298,0.00074472,0.00031094,0.00026008,0.00036516,3.407e-05,6.91e-05,0.00014395,0.00052063,0.00033829,0.00067131,8.829e-05,0.00072985,0.0013119,1.536e-05,0.00059357,3.167e-05,0.00011084,0.00041651,0.00041747,2.735e-05,0.00021209,4.894e-05,0.00033541,6.142e-05,0.00015835,8.685e-05,5.326e-05,3.503e-05,0.00045921,0.00021737,0.00020873,0.00014491,0.00017418,0.0005547,0.0001238,0.00046017,0.00030422,0.00076823,6.478e-05,0.00018666,0.00017418,2.447e-05,0.00020441,1.056e-05,9.549e-05,6.814e-05,0.00034213,2.831e-05,0.00166123,3.935e-05,2.783e-05,2.303e-05,6.286e-05,1.92e-06,9.309e-05,8.061e-05,0.00013052,0.00478983,6.862e-05,0.00011084,2.399e-05,4.8e-07
iyNetDila1,0.01944561,0.00327529,0.16000954,0.00285162,0.01862834,0.00153865,0.00675811,0.00104103,0.0016126,0.00091126,0.00242987,0.02200429,0.00644179,0.00673569,0.00753721,0.0008583,0.00329628,0.00324666,0.00087309,0.0001875,0.001625,0.00088073,0.00771517,0.00098998,0.00020229,0.00014599,0.00030677,0.00067128,0.00046851,0.00020849,7.013e-05,0.00046565,9.971e-05,0.00149284,7.061e-05,1.861e-05,4.676e-05,0.0004604,0.00042366,0.00016126,9.59e-05,0.00013884,0.00163454,6.918e-05,2.29e-05,0.00016174,0.00043559,0.00023998,3.626e-05,5.582e-05,0.00089885,0.00018941,3.006e-05,0.0001541,0.00497042,3.483e-05,0.00015363,0.0848063,0.00012548,0.0015458,4.103e-05,0.0001999,7.204e-05,5.916e-05,4.485e-05,3.053e-05,5.725e-05,3.483e-05,0.0001355,0.00034733,3.96e-05,7.968e-05,9.256e-05,9.54e-06,0.00014265,7.968e-05,9.924e-05,0.00033492,3.96e-05,4.628e-05,6.441e-05,0.00046231,5.677e-05,9.208e-05,0.00013311,0.0003917,2.481e-05,5.01e-05,4.771e-05,0.00062166,3.387e-05,7.538e-05,0.00032872,0.00011784,8.015e-05,0.00062882,2.052e-05,0.00020849,6.68e-06,0.0003917,3.197e-05,3.483e-05,4.77e-06,1.527e-05,2.767e-05,8.015e-05,3.674e-05,3.053e-05,0.00023235,1.718e-05,1.91e-06,2.481e-05,0.00010926,6.584e-05,3.82e-06,6.298e-05,0.0003249,2.86e-06,1.431e-05,7.777e-05,7.63e-06
iyNomFabr1,0.05078503,0.00205278,0.00939443,0.00207965,0.00701967,0.00392274,0.00527831,0.00466075,0.0419333,0.00111228,0.00112524,0.00962428,0.0036905,0.0008834,0.07146257,0.00356334,0.00145489,0.00082774,0.0008191,0.00051056,0.00135509,0.00034885,0.04714971,0.0026262,0.00045585,0.00011516,0.00015931,0.00071113,0.00189012,0.00067179,0.00010461,0.00010653,0.00046161,0.00041267,0.00069914,0.00029031,6.142e-05,0.00025864,0.02462428,0.00047793,0.00025768,0.000631,0.00771737,0.00040691,0.00031286,3.263e-05,0.00029367,4.99e-05,0.00038868,0.0001737,6.43e-05,0.00013388,0.00026679,0.00037428,5.23e-05,0.00061804,1.775e-05,1.296e-05,0.00385461,0.00040787,3.407e-05,7.534e-05,6.094e-05,0.00653311,5.182e-05,0.00045633,0.00020393,0.0001118,0.0008618,0.00020489,0.0001142,5.038e-05,5.038e-05,0.00026488,2.831e-05,0.00077111,6.91e-05,0.00065739,0.00061468,3.167e-05,2.783e-05,0.00013484,0.00014299,1.727e-05,0.00019242,3.215e-05,0.00076104,8.925e-05,0.00011852,0.00021833,0.00097745,0.00087908,0.00042418,0.00016507,2.303e-05,0.00015067,6.67e-05,3.791e-05,5.23e-05,4.367e-05,0.00011708,0.00010461,5.95e-05,0.00042466,2.447e-05,0.00030854,0.00057965,0.00010701,0.00416603,2.639e-05,9.357e-05,9.549e-05,7.869e-05,1.775e-05,0.00020154,0.00338484,7.486e-05,3.84e-06,1.92e-06,1.823e-05,6.574e-05
iyNomFuca1,0.0162211,0.01018609,0.02557554,0.01044412,0.00160719,0.00078273,0.00068537,0.00507338,0.00091079,0.00111031,0.00088058,0.00089736,0.00274868,0.00063405,0.00419712,0.00091607,0.0005458,0.00010168,0.00125036,0.00047386,0.00015971,0.00027146,0.00023022,0.00056067,0.00037554,0.00024844,0.00018417,0.00043165,0.00043645,0.00033237,4.7e-05,0.00017026,0.00010552,0.00041679,1.775e-05,0.00030456,4.46e-05,0.00015156,0.00093477,8.681e-05,0.00041247,0.00048106,0.15198993,6.091e-05,5.42e-05,3.645e-05,4.604e-05,0.00038897,0.00045899,9.065e-05,7.386e-05,0.0002,0.0001482,0.00038082,6.571e-05,7.002e-05,0.00012518,5.18e-05,4.94e-05,0.0009717,0.00037122,9.976e-05,4.412e-05,0.00493141,0.00012182,0.00320624,0.00871799,0.00029353,0.0002801,0.00056978,1.583e-05,1.295e-05,0.00011703,0.00012806,0.00028345,0.00013717,8.153e-05,0.000247,0.00049017,4.412e-05,1.966e-05,7.77e-05,5.995e-05,0.00122254,0.00025564,5.659e-05,0.00014628,1.44e-06,0.00023645,7.29e-05,5.276e-05,0.00112854,1.679e-05,9.209e-05,1.055e-05,0.00042206,0.00018417,0.00020192,8.585e-05,0.00023549,0.00041439,2.494e-05,9.209e-05,8.825e-05,0.00020863,0.00019041,0.00028921,5.899e-05,0.00020671,0.0003765,0.00014197,4.173e-05,0.00054341,2.782e-05,4.8e-06,5.899e-05,1.535e-05,3.36e-06,0.00013046,0.00019376,1.583e-05
iyNysSpin1,0.12333413,0.01770278,0.00692857,0.00162081,0.00209875,0.0068442,0.00226702,0.00540125,0.00137872,0.0087512,0.00308054,0.00282071,0.00334324,0.01403116,0.00844775,0.00092857,0.01055465,0.00075072,0.00606184,0.00208773,0.00095542,0.00078284,0.00222387,0.0299674,0.00026989,0.0001745,0.00019799,0.00048322,0.00055753,0.00052253,0.00052589,0.00052253,0.00029722,0.00013375,0.00013998,0.00428092,0.00011457,0.00017977,0.00131352,0.00490173,0.00111074,0.00137919,0.00221477,0.00052109,0.00039262,0.00025455,0.00035666,5.177e-05,7.478e-05,0.00022291,0.00013519,0.38167833,0.00022531,4.41e-05,0.00078763,0.00069223,8.102e-05,0.00054698,0.00020614,0.00036721,0.0001582,0.00012416,0.000128,0.00023154,0.00010019,5.321e-05,0.0001745,0.00032742,0.00011457,0.00038926,0.00033653,0.00020662,4.698e-05,0.00013854,2.828e-05,0.00571812,5.369e-05,0.00798418,0.00059875,0.00029722,0.000279,0.00011745,5.513e-05,0.00030249,0.00239358,0.00016922,0.00068984,6.472e-05,8.629e-05,0.0003092,3.26e-05,0.0003092,6.52e-05,0.00017929,2.685e-05,0.00026127,0.0003279,2.253e-05,9.108e-05,0.00024161,4.89e-05,0.00036577,0.00013854,1.774e-05,0.00070662,0.00051103,4.602e-05,0.00064286,0.00010882,1.246e-05,0.00019942,0.00034228,0.00020278,2.205e-05,0.0001697,1.87e-05,9.6e-07,2.109e-05,6.71e-06,0.00018217,8.245e-05
iyOphLute1,0.2789011,0.00543783,0.01948008,0.00477484,0.00193375,0.00972732,0.00149448,0.0057398,0.00216659,0.00087614,0.01556265,0.05474556,0.01157033,0.12563514,0.020518,0.00325732,0.01722084,0.00041095,0.0007326,0.00017715,0.0019928,0.0002386,0.0004724,0.00475324,0.0004724,0.00052424,0.0013687,0.00117811,2.256e-05,0.0027398,0.00015458,0.00051224,0.0001085,0.00013826,0.00031637,7.345e-05,1.824e-05,0.00122468,0.00029765,0.00078781,0.00010514,0.01106721,0.00037782,0.00040711,1.776e-05,0.0001277,0.00121315,0.00016467,3.169e-05,5.857e-05,0.00012098,0.00043303,0.00012194,2.88e-05,0.00013778,0.00013682,0.00013538,0.00020019,0.00017619,0.00014978,0.00631109,0.00011522,0.00011906,0.00032981,5.473e-05,0.00053961,0.00188046,0.00262266,0.00019539,7.873e-05,0.00014258,0.00014114,3.745e-05,0.00033989,1.296e-05,0.00014258,0.00019107,0.00014114,4.033e-05,6.577e-05,0.0014023,0.00021747,0.00028709,7.201e-05,0.00220595,3.793e-05,0.00010082,0.00049736,0.00011378,2.448e-05,0.00010706,0.00110946,6.433e-05,3.169e-05,0.00016563,0.00121747,0.00017763,1.152e-05,6.481e-05,7.057e-05,5.329e-05,5.617e-05,0.00019827,3.457e-05,9.602e-05,0.00019059,0.0001061,0.00012722,0.00066347,4.129e-05,1.632e-05,0.00017763,0.00262074,0.00017523,9.6e-07,0.00060202,2.064e-05,7.393e-05,5.185e-05,1.776e-05,3.889e-05
iyPemLugu1,0.03118595,0.01566587,0.00206931,0.01398709,0.07395746,0.00487667,0.0016262,0.00227103,0.00287333,0.0027022,0.01322228,0.00125191,0.00158604,0.00054063,0.00141635,0.00131931,0.00097036,0.00033222,0.02976912,0.00047801,0.00081788,0.00294455,0.00042639,0.00024809,0.00284465,0.00146367,0.00228394,0.0003609,3.585e-05,0.00453728,8.843e-05,0.00027677,0.00018212,0.00015727,0.00019025,5.21e-05,3.537e-05,0.00059034,0.00138145,0.00013862,0.00027151,0.00075478,0.00015201,0.00043977,1.004e-05,0.00135277,0.00012141,8.748e-05,2.103e-05,0.00074904,2.82e-05,6.788e-05,0.00028155,1.195e-05,0.00014388,0.00019694,7.505e-05,4.302e-05,0.00018738,0.00032696,0.00021654,0.00018595,6.644e-05,0.00011663,0.00019264,0.0001391,0.00023231,0.00010373,4.302e-05,5.449e-05,0.00012141,3.203e-05,2.677e-05,0.00018117,0.00014723,0.00015727,7.457e-05,2.055e-05,0.00023423,0.00017734,7.553e-05,0.00019837,5.402e-05,0.00010899,2.916e-05,3.298e-05,3.92e-05,2.725e-05,3.155e-05,6.453e-05,0.00020124,0.40713145,2.772e-05,0.00017543,2.055e-05,9.369e-05,0.00110899,2.916e-05,0.00031644,8.6e-06,5.354e-05,2.199e-05,8.6e-06,3.776e-05,6.119e-05,7.075e-05,4.207e-05,0.00022897,0.00023136,8.795e-05,0.0002414,2.294e-05,0.00012189,6.501e-05,1.816e-05,8.652e-05,4.828e-05,7.983e-05,3.059e-05,2.199e-05,5.019e-05
iyRhoChlo1,0.07817986,0.00991703,0.00745468,0.01091607,0.01025851,0.00308729,0.00217554,0.00379424,0.01492374,0.00170024,0.00647818,0.16641247,0.00096739,0.00098273,0.0062307,0.00253333,0.04714341,0.00020096,0.0049012,0.0002988,0.00057986,0.00410072,0.00072038,0.05668201,0.00084317,0.00024365,0.00018849,0.00037506,0.00013621,0.00061103,0.00021487,0.00573621,0.00016978,0.00411607,0.00013573,0.00012854,6.859e-05,0.00017026,0.000247,0.00024029,8.345e-05,0.00012422,0.00028537,0.00020432,1.151e-05,0.0004777,0.00063165,0.0001482,4.221e-05,0.00016691,0.00027482,0.001706,4.221e-05,0.0001693,2.11e-05,6.187e-05,0.00020384,6.379e-05,0.00028106,5.755e-05,0.00012902,0.00013237,7.098e-05,8.106e-05,4.604e-05,5.612e-05,0.00010791,0.00011655,0.00011894,8.297e-05,5.707e-05,8.01e-05,0.00013189,0.00018082,0.00016978,0.00018177,0.00010647,0.00096835,0.00024844,0.00017506,0.00016547,6.715e-05,7.434e-05,0.00018129,0.00022638,0.00012326,0.00011319,0.00010168,8.681e-05,6.235e-05,3.885e-05,0.00022254,7.05e-05,3.645e-05,8.537e-05,0.0007036,4.365e-05,0.00016211,3.597e-05,0.00015588,0.00014724,5.707e-05,2.35e-05,2.686e-05,0.00026187,0.00013717,7.434e-05,0.00010408,8.441e-05,0.00011655,0.0001271,0.00012422,0.0001952,1.439e-05,7.338e-05,1.391e-05,1.966e-05,1.103e-05,6.043e-05,7.674e-05,0.26589161
iyStePhae1,0.07470546,0.0111796,0.01434579,0.00936686,0.06429406,0.00194971,0.00308956,0.00353544,0.01444875,0.00907471,0.00437261,0.0006772,0.00252203,0.00204071,0.27308333,0.00086494,0.00262069,0.00018487,0.00106274,0.00022605,0.000284,0.0025977,0.00169636,0.00130699,0.00193103,7.902e-05,0.00041667,0.00097845,0.00038841,0.00068199,7.807e-05,0.04225479,0.00015852,0.00212213,0.00083142,0.00032711,9.674e-05,6.897e-05,0.00039224,0.00018151,8.429e-05,0.00013123,0.00124377,7.471e-05,0.00038458,0.00017241,0.00012835,0.00012644,7.902e-05,0.00016715,2.443e-05,7.759e-05,0.00022462,0.00051054,7.088e-05,4.119e-05,6.944e-05,9.531e-05,8.86e-05,0.00010105,0.00014943,0.00021743,0.00021983,0.00087069,0.0001863,0.00021743,9.435e-05,0.00075479,2.203e-05,0.00153257,2.778e-05,0.00021743,0.00035776,0.00023036,0.00049808,5.364e-05,0.00011686,4.981e-05,0.00077969,0.00029071,0.00051724,7.902e-05,0.00021935,0.00028879,8.285e-05,0.00034195,4.215e-05,7.519e-05,0.0001068,0.000466,0.00013266,1.341e-05,0.00013123,0.00011255,0.00011398,0.00018534,3.113e-05,7.567e-05,2.874e-05,0.00020546,5.603e-05,8.669e-05,1.533e-05,9.626e-05,0.00018439,0.00032567,0.00154981,0.00012739,0.00029215,0.00019061,4.502e-05,0.00014368,0.00022749,0.00118247,6.657e-05,8.86e-05,1.054e-05,0.0,7.663e-05,5.891e-05,1.102e-05
iyTenMeso1,0.22804842,0.014279,0.00481112,0.0027814,0.00634564,0.05158677,0.00120757,0.0014257,0.01700527,0.00176222,0.03062943,0.2155187,0.00195781,0.00451822,0.01510499,0.00054123,0.01244823,0.00022963,0.0007953,0.00015005,0.00025695,0.00168073,0.00036673,0.0396999,0.00246836,0.00019223,0.00014861,0.00028092,9.779e-05,0.00095877,9.971e-05,0.00037152,0.00020038,0.00019463,0.00042234,2.541e-05,5.896e-05,9.204e-05,0.00016107,0.00018073,0.00076558,0.0012162,0.00065101,0.00062033,0.00014334,9.636e-05,0.00035762,0.00030393,9.684e-05,0.00045973,0.00029962,0.00042905,0.0003418,3.404e-05,0.00033317,0.0001443,9.06e-05,2.253e-05,6.184e-05,0.00014813,0.00025503,0.00014621,9.444e-05,0.00013471,8.006e-05,0.00012895,0.0008001,0.00020326,2.637e-05,0.00043624,0.00015724,1.151e-05,0.0001836,0.00012176,0.00011937,4.65e-05,0.00232454,6.951e-05,0.00028907,0.00040412,0.00013135,4.123e-05,0.00041611,0.0001745,0.03119415,7.91e-05,0.00072339,5.369e-05,5.753e-05,0.00012704,4.31e-06,0.00065101,3.212e-05,0.00162608,4.219e-05,0.00819271,0.00036625,3.931e-05,0.00012608,0.00010115,4.506e-05,5.273e-05,2.349e-05,5.369e-05,0.00019895,1.151e-05,8.341e-05,9.06e-05,0.00011745,0.00050192,6.52e-05,0.0001419,0.00034995,3.931e-05,0.00012081,0.000779,1.965e-05,0.0001069,4.314e-05,0.00052685,2.445e-05
iyTenNoth1,0.23184601,0.0107451,0.00136681,0.00225873,0.00139216,0.00548207,0.0038001,0.0010153,0.00177571,0.00615973,0.00573123,0.26339455,0.00165519,0.00048207,0.00997226,0.00181779,0.07503969,7.939e-05,0.00181205,0.00016643,0.00027021,0.00039694,0.00012434,0.13565997,0.00040316,0.00038116,0.00072119,0.00052415,6.743e-05,0.00022238,7.317e-05,0.0005538,0.00011621,0.0002506,0.00092348,2.678e-05,1.674e-05,0.00055285,0.00028312,0.00044094,0.00012434,0.00011717,0.00013486,0.00042133,1.196e-05,0.00014395,0.00037494,0.00010569,2.63e-05,0.0001803,0.00063415,0.0004395,4.878e-05,3.635e-05,0.00016738,1.961e-05,4.161e-05,4.304e-05,0.00024725,4.974e-05,0.00013534,1.291e-05,0.00016738,7.365e-05,5.978e-05,0.00010234,6.887e-05,0.00021999,9.804e-05,0.00012147,0.00012865,2.63e-05,0.00028216,5.022e-05,2.869e-05,0.00010856,0.00038881,0.00021282,1.53e-05,7.078e-05,0.00012004,0.00010473,0.00023864,0.00013152,0.00120995,0.00026064,0.00012817,6.7e-06,0.00017025,0.00017695,6.361e-05,4.687e-05,6.22e-06,0.00048254,3.013e-05,0.00023147,0.00032855,2.009e-05,0.00012291,0.0001956,3.826e-05,0.00018699,3.539e-05,1.483e-05,8.513e-05,3.539e-05,4.352e-05,0.00010617,3.443e-05,5.739e-05,5.74e-06,0.00024295,0.00046963,6.7e-06,1.722e-05,2.056e-05,2.391e-05,7.461e-05,3.778e-05,6.408e-05,0.00012291
iyTipFemo1,0.02457663,0.00591523,0.00461782,0.00102921,0.00422222,0.00165182,0.0049478,0.00064799,0.00591715,0.00164751,0.00078496,0.00270929,0.00581944,0.00039751,0.00100048,0.00050814,0.00781944,0.00013075,0.00017193,0.00046121,0.00843726,0.00036542,0.0286954,0.0170522,0.0003046,5.172e-05,0.00038985,0.00104215,6.418e-05,0.00100718,0.00025383,0.00024569,6.561e-05,7.519e-05,0.00030077,0.00014176,4.262e-05,0.00110584,0.01056178,7.567e-05,0.0002251,0.00031705,0.05600862,4.215e-05,0.00016379,0.00013745,3.975e-05,0.00151245,0.0001317,0.00010057,2.634e-05,0.00078592,7.567e-05,0.00018726,4.358e-05,5.46e-05,7.28e-05,0.00020354,6.466e-05,6.897e-05,2.826e-05,0.00011686,7.567e-05,0.00112931,0.00034674,8.046e-05,7.232e-05,0.00230939,0.00019301,2.299e-05,7.567e-05,7.902e-05,4.933e-05,9.626e-05,4.981e-05,4.837e-05,0.00010872,0.00731034,2.778e-05,4.885e-05,0.00012069,0.00012452,4.789e-05,0.00039464,0.00032136,0.00021648,3.448e-05,2.39e-06,1.58e-05,7.95e-05,0.0003204,5.029e-05,4.741e-05,0.0006705,9.58e-06,4.406e-05,2.826e-05,1.389e-05,0.0001183,5.939e-05,0.00014272,4.598e-05,0.00018199,7.184e-05,3.065e-05,0.00011925,2.011e-05,9.483e-05,5.508e-05,9.1e-06,8.046e-05,1.676e-05,9.77e-05,4.406e-05,0.00036446,6.513e-05,0.00038937,2.87e-06,0.00027059,4.023e-05,3.64e-05
iyVesCrab1,0.00412728,0.0017123,0.0041316,0.00113208,0.01237608,0.00105331,0.00088761,0.00049328,0.00288088,0.00040586,0.00091979,0.00053122,0.00045533,0.00012728,0.00026849,0.00020653,0.0001489,0.00121758,0.00031316,0.00023295,0.00018636,0.00025264,0.44078194,0.00105812,0.00012632,0.0001316,0.00023535,6.676e-05,3.89e-05,0.00012392,3.17e-05,9.702e-05,4.563e-05,0.00010903,7.68e-06,2.065e-05,1.489e-05,2.882e-05,7.637e-05,6.244e-05,6.34e-05,2.93e-05,0.00173919,5.812e-05,1.585e-05,0.00066667,2.017e-05,6.052e-05,2.88e-06,2.113e-05,1.201e-05,2.45e-05,3.026e-05,0.00010855,4.32e-06,1.393e-05,1.633e-05,1.105e-05,4.851e-05,0.00012776,1.681e-05,1.633e-05,7.349e-05,0.00046926,3.939e-05,1.009e-05,2.642e-05,7.2e-06,1.921e-05,7.445e-05,2.017e-05,1.057e-05,3.89e-05,1.105e-05,3.506e-05,6.72e-06,6.436e-05,1.921e-05,5.28e-06,8.65e-06,1.489e-05,8.357e-05,1.297e-05,4.947e-05,3.746e-05,1.585e-05,1.729e-05,6.72e-06,4.035e-05,3.074e-05,1.057e-05,2.738e-05,1.825e-05,1.201e-05,7.68e-06,3.506e-05,5.28e-06,0.0005024,1.489e-05,5.043e-05,0.32351297,2.113e-05,6.72e-06,1.009e-05,3.506e-05,2.402e-05,9.13e-06,1.201e-05,2.113e-05,2.69e-05,2.017e-05,8.65e-06,1.92e-06,2.882e-05,1.009e-05,1.441e-05,3.36e-06,1.057e-05,1.105e-05,1.393e-05,0.0
iyVesGerm1,0.00637081,0.00341005,0.00291579,0.00040191,0.00089952,0.001389,0.00141866,0.00063301,0.00103397,0.00256364,0.00024545,0.00149139,0.00583014,0.00213732,0.0002799,0.00012153,0.00072727,0.005211,0.00010335,0.00015072,0.00940048,0.00016029,0.50173923,0.00016842,0.00022967,2.105e-05,8.708e-05,0.00038182,0.00012823,4.88e-05,2.584e-05,0.00138086,4.785e-05,3.254e-05,7.033e-05,8.13e-06,1.77e-05,1.914e-05,4.067e-05,6.22e-05,4.019e-05,2.344e-05,0.00010718,1.722e-05,5.74e-06,8.947e-05,1.053e-05,6.794e-05,1.914e-05,4.976e-05,0.00017656,3.732e-05,7.464e-05,3.78e-05,0.00013589,6.555e-05,1.818e-05,0.00123445,3.349e-05,8.756e-05,1.148e-05,6.89e-05,1.818e-05,1.34e-05,1.388e-05,0.00014019,4.31e-06,2.823e-05,6.22e-06,2.249e-05,2.919e-05,6.7e-06,1.483e-05,2.727e-05,3.828e-05,6.22e-05,1.818e-05,4.545e-05,1.675e-05,0.00073014,4.354e-05,0.00020574,1.818e-05,7.656e-05,1.675e-05,3.923e-05,2.297e-05,3.35e-06,3.349e-05,1.818e-05,1.148e-05,0.00010526,7.66e-06,1.1e-05,3.78e-05,8.134e-05,4.545e-05,2.679e-05,0.00018325,3.493e-05,1.196e-05,3.83e-06,1.292e-05,1.34e-05,0.00010478,1.435e-05,0.00038565,5.26e-06,5.26e-06,1.292e-05,3.971e-05,3.062e-05,4.8e-07,4.31e-06,3.83e-06,2.39e-06,5.74e-06,1.44e-06,6.411e-05,6.22e-06,6.7e-06
iyVesVulg1,0.03046468,0.00276982,0.00388852,0.01011725,0.05687602,0.1389481,0.00068861,0.00134887,0.0042667,0.00081836,0.00036713,0.00038827,0.00515858,0.00119173,0.00660932,0.00101682,0.00159058,0.0002518,0.01039164,0.00037674,0.00075252,0.0002864,0.4784445,0.00523258,0.0007828,0.00012013,4.373e-05,0.00051706,0.00016771,0.00026141,5.43e-05,0.00016194,0.00013407,0.00028928,0.00027054,2.931e-05,5.046e-05,7.593e-05,0.00055262,0.0001384,0.00027919,0.00013359,0.0003037,5.238e-05,1.874e-05,5.67e-05,3.652e-05,3.412e-05,2.403e-05,0.00026526,3.748e-05,0.00020423,7.977e-05,0.00048775,0.00070783,0.00631812,0.00025228,9.563e-05,6.728e-05,7.496e-05,0.00113551,0.0002494,4.277e-05,8.698e-05,9.178e-05,0.0001778,2.018e-05,0.00214416,2.691e-05,5.382e-05,0.0002643,8.17e-06,0.00012494,0.0062691,4.229e-05,0.00151418,2.066e-05,1.201e-05,0.00020375,7.448e-05,0.00186497,4.373e-05,7.21e-06,8.842e-05,5.77e-06,7.689e-05,2.835e-05,1.73e-05,9.274e-05,5.43e-05,7.256e-05,0.00446756,1.249e-05,3.364e-05,6.73e-06,0.00014128,0.00030947,2.931e-05,0.00058866,3.748e-05,6.487e-05,3.844e-05,7.69e-06,2.547e-05,2.21e-05,7.448e-05,3.172e-05,1.778e-05,6.776e-05,0.00017299,5.959e-05,8.409e-05,2.595e-05,4.469e-05,0.00023354,3.364e-05,3.84e-06,9.6e-07,2.451e-05,0.00021768,1.73e-05
iyVesVulg2,0.00051522,0.000549,0.00025404,6.993e-05,0.0003059,0.000147,0.0001803,5.043e-05,0.00030114,0.00019029,2.426e-05,4.757e-05,4.282e-05,3.568e-05,1.998e-05,2.331e-05,4.853e-05,2.046e-05,1.142e-05,1.189e-05,0.99253425,2.664e-05,6.66e-06,3.33e-05,4.139e-05,3.81e-06,4.76e-06,1.047e-05,3.33e-06,4.8e-07,3.33e-06,4.76e-06,2.38e-06,7.61e-06,9.51e-06,1.43e-06,2.38e-06,4.76e-06,9.04e-06,5.23e-06,9.5e-07,1.9e-06,7.61e-06,1.9e-06,0.0,2.38e-06,4.28e-06,4.8e-07,4.8e-07,0.0,1.237e-05,2.85e-06,4.28e-06,2.85e-06,3.33e-06,3.81e-06,4.8e-07,9.51e-06,1.9e-06,9.5e-07,2.85e-06,4.76e-06,1.43e-06,5.71e-06,4.8e-07,1.43e-06,9.5e-07,6.18e-06,0.0,2.85e-06,0.0,4.8e-07,1.43e-06,2.38e-06,9.5e-07,1.9e-06,2.38e-06,4.8e-07,9.5e-07,4.8e-07,4.8e-07,3.33e-06,4.28e-06,4.8e-07,9.5e-07,0.0,9.5e-07,2.38e-06,9.5e-07,0.0,9.5e-07,2.38e-06,4.8e-07,1.43e-06,9.5e-07,0.0,9.5e-07,9.5e-07,9.5e-07,9.5e-07,1.9e-06,9.5e-07,9.5e-07,4.8e-07,4.8e-07,1.9e-06,1.43e-06,1.43e-06,9.5e-07,2.38e-06,2.38e-06,2.38e-06,0.0,1.43e-06,0.0,1.9e-06,4.8e-07,9.5e-07,4.8e-07,1.9e-06,0.0
iyVesVulg5,0.00996694,0.01699952,0.10221897,0.00100815,0.00437374,0.02121658,0.00168471,0.00107954,0.01050455,0.00078725,0.01227887,0.00169478,0.00502444,0.00334643,0.00111835,0.00023862,0.00123718,0.04175515,0.00061955,0.00033781,0.02020604,0.00039435,0.06289698,0.01394729,0.0002506,0.00010637,0.00030474,0.00059559,0.0004988,0.00020987,0.00041926,0.00023047,7.81e-05,0.00010685,9.104e-05,5.079e-05,2.348e-05,5.606e-05,4.696e-05,0.00018975,0.00028174,3.881e-05,0.44260853,0.00010062,4.31e-06,0.00011691,6.229e-05,0.00026689,2.731e-05,0.00010589,5.894e-05,7.762e-05,8.864e-05,1.725e-05,0.00017585,4.121e-05,3.258e-05,5.989e-05,7.139e-05,0.00015668,3.929e-05,5.127e-05,0.00022185,0.00083325,9.1e-06,5.319e-05,3.929e-05,0.0001471,6.277e-05,0.00015333,2.3e-05,3.067e-05,3.162e-05,4.79e-06,0.00010158,4.935e-05,0.00015429,6.133e-05,2.348e-05,3.067e-05,2.492e-05,6.325e-05,1.533e-05,6.421e-05,2.779e-05,5.75e-06,5.27e-06,1.773e-05,4.121e-05,2.779e-05,3.162e-05,8.002e-05,1.725e-05,2.923e-05,7.67e-06,4.552e-05,3.546e-05,9.583e-05,3.498e-05,6.9e-05,0.00062003,1.965e-05,1.294e-05,3.881e-05,5.223e-05,5.079e-05,5.127e-05,3.737e-05,1.437e-05,6.085e-05,1.725e-05,4.312e-05,1.437e-05,1.92e-06,5.75e-06,6.23e-06,8.15e-06,2.06e-05,1.15e-05,6.71e-06,0.0
jaDiaLine6,0.19781356,0.04529976,0.03939128,0.0047109,0.13662034,0.03115351,0.00993898,0.02721065,0.00420194,0.0356,0.01039225,0.00672349,0.0378799,0.00049007,0.00426053,0.00266053,0.00143487,0.00016465,0.00344649,0.00027022,0.00102082,0.0110092,0.00014431,0.00105424,0.00042228,0.0001661,0.00097627,0.00151671,4.988e-05,0.00040678,0.00020823,0.00082179,0.0001046,0.00030557,0.00022906,8.862e-05,0.00023002,0.00033801,0.0002523,0.00024939,0.00133656,2.47e-05,0.00015351,0.00027312,0.00013947,0.00029153,0.00023438,0.00085327,0.00013656,0.00015981,0.00021985,0.00020145,0.00027554,0.00039467,8.959e-05,0.00067554,0.00095932,7.506e-05,0.00014431,0.00016707,7.361e-05,0.00048814,0.00033705,0.00063584,0.00011525,8.039e-05,0.00011235,6.877e-05,0.00011525,0.00014673,4.794e-05,0.00022663,2.567e-05,0.00016852,0.00029443,0.00040775,8.862e-05,0.00012978,0.00053608,0.00054383,7.99e-05,0.00010121,0.00017918,0.00010024,4.407e-05,0.00026247,8.232e-05,0.00029153,2.324e-05,0.00038354,0.00017046,0.00024455,0.00013898,7.458e-05,0.00019564,0.00021356,0.00032203,1.985e-05,0.00019128,0.00070799,1.211e-05,7.167e-05,7.651e-05,0.00017288,1.114e-05,0.0001293,0.00054431,0.00017966,1.356e-05,0.00019225,8.475e-05,4.36e-06,1.017e-05,3.39e-06,5.81e-06,1.598e-05,4.407e-05,2.91e-06,1.162e-05,9.976e-05,9.2e-06
jaMetSeni4,0.27703782,0.03291527,0.02114457,0.00717664,0.00160124,0.04706606,0.00261991,0.18395069,0.00602154,0.00278602,0.00056582,0.07776879,0.0441618,0.00037913,0.00199952,0.00318573,0.00212015,0.00017233,0.11594112,0.00013451,0.00180038,0.00056151,7.228e-05,0.00030589,0.00494064,0.00019435,0.00027382,0.00042365,2.011e-05,0.00057109,0.00023887,6.702e-05,0.00054907,0.00011202,5.17e-05,8.042e-05,3.207e-05,0.00011249,0.0003911,0.00011106,0.00017377,0.00036046,0.00018191,5.888e-05,1.101e-05,4.5e-05,4.356e-05,7.372e-05,6.51e-05,3.925e-05,0.00122978,6.271e-05,0.00020345,0.00014744,2.058e-05,0.00332934,4.356e-05,7.851e-05,0.00012781,0.00011728,0.00016659,4.356e-05,2.441e-05,0.00012015,2.729e-05,0.00024988,0.00065725,0.00011728,0.00012303,5.074e-05,8.09e-05,4.117e-05,9.67e-05,0.00056438,0.00017042,0.00109287,3.925e-05,4.452e-05,0.00013691,5.984e-05,0.00162949,0.00038727,0.00012159,0.00010483,0.00015653,2.92e-05,0.00012973,3.925e-05,8.569e-05,0.00015318,1.963e-05,0.01287697,5.744e-05,0.00010101,3.973e-05,0.0003887,5.361e-05,3.255e-05,0.00013547,0.00015893,1.149e-05,0.00018478,9.143e-05,1.34e-05,6.893e-05,1.963e-05,0.00012638,2.872e-05,4.356e-05,0.00043466,0.00016707,1.628e-05,3.064e-05,2.106e-05,7.516e-05,0.00015797,8.808e-05,0.00014457,2.537e-05,5.792e-05,0.0
jaNemVect1,0.28338825,0.0217937,0.00613228,0.00273973,0.08954059,0.00190783,0.00161414,0.10396562,0.02093887,0.00213515,0.01484097,0.05978223,0.12755014,0.00056877,0.0028639,0.00095272,0.00514279,0.00080564,0.00048424,0.00015473,0.00023734,0.02334909,0.00044269,0.00111032,0.00194174,0.00029799,0.00022015,0.0003085,0.00056829,0.00048185,0.00027316,0.00070153,0.00024737,0.00064565,9.121e-05,7.736e-05,8.166e-05,0.000117,5.205e-05,0.00206017,0.00025406,0.00136485,0.00026695,0.00023161,1.528e-05,0.00014231,0.00027985,0.00031901,0.00014422,4.871e-05,0.00017908,6.734e-05,0.00018195,0.00028367,9.838e-05,5.253e-05,3.247e-05,0.00020248,0.00046275,6.256e-05,0.00018625,0.00021824,3.391e-05,4.919e-05,0.00035864,0.0002001,1.289e-05,8.453e-05,0.00014422,0.0003276,1.003e-05,6.543e-05,9.933e-05,0.00063563,0.00050812,3.486e-05,4.68e-05,0.00069723,5.874e-05,0.0003171,1.098e-05,6.781e-05,0.00043792,0.0001915,0.00014183,0.0002106,5.253e-05,3.152e-05,6.734e-05,0.09651862,3.295e-05,1.528e-05,4.25e-05,0.00020869,3.486e-05,0.00022206,9.55e-06,2.34e-05,4.632e-05,0.0001213,5.874e-05,1.815e-05,1.194e-05,7.64e-06,0.00016762,0.00014279,0.00014613,5.874e-05,1.385e-05,2.674e-05,5.874e-05,0.00021681,8.118e-05,8.214e-05,6.017e-05,2.913e-05,4.25e-05,7.64e-06,9.933e-05,3.534e-05,4.8e-07
jhCanCock6,0.02049713,0.00856651,0.01054593,0.00628565,0.02264498,0.00184354,0.0014,0.00101388,0.00625024,0.00179713,0.06157799,0.01077847,0.0650311,0.00087033,0.00121196,0.00038134,0.01012344,0.00017033,0.05011005,0.00017703,0.00059282,0.13437225,0.00022775,0.0139823,0.00014067,0.00019522,0.00033014,0.0005933,7.656e-05,0.0003866,6.603e-05,0.00056651,0.00012823,0.00661866,8.038e-05,4.833e-05,2.679e-05,0.00061914,7.512e-05,7.416e-05,8.182e-05,0.00035215,0.00014785,0.00014785,3.158e-05,8.565e-05,7.56e-05,0.00019474,3.493e-05,0.00014211,7.608e-05,8.517e-05,3.206e-05,0.00015311,0.00036364,4.067e-05,0.00019761,6.411e-05,8.23e-05,6.459e-05,0.00058995,0.00013254,6.746e-05,5.167e-05,4.019e-05,9.904e-05,7.608e-05,0.0005201,4.737e-05,6.938e-05,1.244e-05,5.694e-05,7.225e-05,0.00300526,7.512e-05,1.627e-05,5.502e-05,3.876e-05,5.646e-05,0.00038995,0.00041627,8.23e-05,0.00010191,3.589e-05,0.00017512,5.359e-05,3.014e-05,8.61e-06,0.00017943,0.00386364,1.866e-05,3.589e-05,3.493e-05,3.158e-05,0.00027273,0.00012919,0.00012632,3.445e-05,3.062e-05,0.00011005,4.689e-05,4.498e-05,0.00091531,8.61e-06,2.01e-05,1.627e-05,1.1e-05,1.005e-05,3.541e-05,2.87e-06,0.00012105,2.44e-05,1.818e-05,4.31e-06,8.373e-05,2.44e-05,6.699e-05,8.61e-06,3.589e-05,3.923e-05,0.0
jrHalOcto1,0.05656528,0.08927451,0.00711334,0.00381253,0.01288618,0.00290722,0.00743663,0.01243568,0.00214395,0.01884266,0.0020966,0.00943855,0.01347298,0.00141081,0.00238211,0.13357006,0.00070014,0.06894261,0.00431325,0.00772071,0.00214825,0.00585701,0.00094309,0.00125825,0.00015256,0.00058489,0.00012004,0.00087231,7.126e-05,0.00068771,0.00015208,0.00017504,0.0003582,0.00180583,0.00013534,0.0001253,7.652e-05,0.02985318,0.00023099,0.00026399,0.00015399,5.308e-05,0.00094739,0.00012099,1.339e-05,7.461e-05,0.00013199,0.00018843,0.00023529,0.0003955,0.04196222,8.321e-05,0.00054615,9.995e-05,3.682e-05,0.00014347,0.00033907,6.648e-05,0.00014921,0.00013199,0.00059637,0.00021043,8.369e-05,0.00027929,0.00010139,0.00051172,0.00044715,0.0003032,8.704e-05,0.00095648,9.804e-05,3.35e-06,0.00013869,0.00011669,7.413e-05,1.004e-05,0.00011239,4.304e-05,9.995e-05,0.00017695,1.53e-05,0.00019703,5.356e-05,0.0002549,7.7e-05,6.648e-05,1.387e-05,1.626e-05,6.648e-05,2.104e-05,4.495e-05,6.695e-05,0.00031516,5.787e-05,4.878e-05,5.5e-05,7.317e-05,9.756e-05,7.604e-05,0.00015352,0.00024916,0.00013391,0.00011143,1.817e-05,2.009e-05,6.934e-05,0.0001143,2.009e-05,0.00030368,0.00010713,2.535e-05,1.913e-05,3.348e-05,0.00018317,5.452e-05,1.817e-05,0.00102822,2.39e-06,1.291e-05,1.626e-05,3.83e-06
kaAplTurb1,0.37099091,0.04500287,0.00496507,0.00460718,0.08366172,0.00171818,0.01362249,0.01062967,0.10924785,0.01245933,0.00721531,0.07241579,0.05442679,0.00035981,0.00397751,0.00300144,0.00425742,0.00048852,0.00294211,0.0004177,0.00133349,0.00060287,0.00030287,0.00047847,0.00966077,0.00082105,0.00055646,0.00041483,6.603e-05,0.00050718,0.00118708,0.0003201,0.00030478,0.00045933,0.00054067,0.00016077,8.134e-05,0.00200574,0.00019139,0.00013014,7.895e-05,0.00019904,6.603e-05,0.00015359,2.632e-05,7.656e-05,7.608e-05,0.00012201,5.981e-05,0.00042679,0.00011962,0.0001201,0.00019665,0.00012919,4.689e-05,7.225e-05,0.00015024,0.00069522,0.00017464,0.00036411,0.00019522,0.00020766,6.124e-05,9.809e-05,5.359e-05,0.00020191,6.124e-05,0.00513732,6.459e-05,3.445e-05,8.23e-05,8.517e-05,0.00019522,0.00017273,0.00011627,6.172e-05,8.947e-05,0.00023349,5.072e-05,4.785e-05,6.89e-05,5.789e-05,0.00021196,4.354e-05,5.694e-05,7.464e-05,8.708e-05,8.421e-05,3.254e-05,0.00015455,0.00024163,0.00011244,6.411e-05,9.713e-05,5.742e-05,1.483e-05,6.268e-05,2.584e-05,0.00015263,7.56e-05,3.636e-05,0.00040574,4.067e-05,7.943e-05,0.00012584,4.976e-05,6.555e-05,4.641e-05,6.124e-05,6.22e-05,6.411e-05,6.124e-05,3.014e-05,0.00013014,1.77e-05,0.00030383,0.00018325,1.44e-06,3.206e-05,3.732e-05,1.388e-05
kaAscMent1,0.02674065,0.00837632,0.029907,0.09212464,0.2566419,0.13877613,0.00321237,0.00473442,0.00352733,0.00052157,0.01093624,0.05602061,0.03440412,0.00067018,0.01468217,0.00107718,0.00125935,0.00022196,0.07103643,0.00018504,0.00028619,0.00047891,0.00018648,0.00053739,0.00043672,0.00010738,0.00129147,0.00073969,6.232e-05,0.00011074,0.00010259,0.00278332,0.00017977,0.00354794,4.746e-05,9.3e-05,5.465e-05,5.513e-05,0.00042522,0.0002977,0.0003303,0.00020901,9.588e-05,0.00037488,2.637e-05,0.0001371,6.328e-05,0.00020901,1.103e-05,0.00027469,0.00856232,6.52e-05,0.00025312,0.00010115,2.828e-05,0.00158581,0.0003931,5.801e-05,0.00025599,0.00056999,0.00011841,0.00127469,0.00010211,0.00048802,0.0001069,0.00020422,2.78e-05,3.164e-05,9.6e-07,0.00012224,1.486e-05,0.00010882,4.41e-05,3.547e-05,0.00065101,2.253e-05,0.00010882,0.00128092,7.91e-05,0.00028955,1.582e-05,7.143e-05,0.00010594,6.424e-05,4.267e-05,0.00011985,4.89e-05,5.129e-05,1.582e-05,0.00065149,0.00016635,5.705e-05,6.568e-05,5.705e-05,0.0001093,0.00025791,4.075e-05,3.452e-05,9.492e-05,0.00010451,2.733e-05,5.513e-05,2.733e-05,3.595e-05,2.205e-05,4.79e-06,0.0037814,0.0002186,6.52e-05,0.00035475,2.349e-05,6.184e-05,1.92e-06,0.00014813,1.44e-06,2.253e-05,6.71e-06,1.103e-05,1.918e-05,2.205e-05,2.4e-06
kaClaLepa1,0.23990896,0.09639962,0.0155932,0.00815333,0.01465597,0.00485577,0.00865213,0.02480115,0.04154336,0.03806517,0.00245424,0.00146095,0.0501265,0.00187159,0.00285242,0.00058649,0.01523527,0.00057834,0.00099904,0.00080882,0.01042741,0.00442262,0.00014614,0.00366651,0.00032822,0.00035937,0.00018304,0.00128989,0.00024916,0.00019262,0.00032247,5.894e-05,0.0007748,0.00082463,7.235e-05,4.696e-05,5.702e-05,0.00014039,0.00010062,0.0002185,0.00018639,0.00079013,0.00083852,0.0001471,1.102e-05,0.00012362,0.00011787,0.00013081,0.00017345,0.00073694,8.721e-05,0.00012937,8.769e-05,0.00047293,4.744e-05,0.0001011,9.631e-05,0.01677192,0.00010014,0.00031289,0.00010829,0.00019837,7.379e-05,0.00052611,0.00012793,0.00013081,5.079e-05,0.0008275,6.804e-05,0.00116483,8.529e-05,4.983e-05,3.881e-05,0.00014327,0.00010254,3.881e-05,5.606e-05,0.00019262,5.846e-05,0.00015573,8.673e-05,1.485e-05,0.00020604,0.00012458,0.00030714,0.00038093,8.002e-05,1.294e-05,3.69e-05,0.00035745,5.031e-05,1.629e-05,0.00012075,3.929e-05,6.517e-05,0.00025827,0.0001495,2.971e-05,0.00011452,9.391e-05,8.62e-06,7.67e-06,0.00011164,1.629e-05,0.00034212,0.00020029,5.51e-05,3.354e-05,0.00012698,1.917e-05,6.612e-05,8.62e-06,6.66e-05,8.864e-05,4.839e-05,6.373e-05,1.44e-06,2.827e-05,0.00012171,0.00010829,2.4e-06
kcLamFluv1,0.2809804,0.05891396,0.00619933,0.00157218,0.0008738,0.00126052,0.01113528,0.00812046,0.00099331,0.05439245,0.00160851,0.0051783,0.06722753,0.00084751,0.02158556,0.0086783,0.00114579,0.01526291,0.00091826,0.03528394,0.00088862,0.00023996,0.0016434,0.00014197,0.00080736,0.00048709,0.00014962,0.00032409,0.00051291,0.0002586,8.317e-05,8.652e-05,0.0001783,8.174e-05,5.402e-05,0.00010707,0.0005392,0.00195315,0.00042495,9.512e-05,0.00115392,0.01419551,0.00107457,5.593e-05,9.178e-05,0.0001109,0.00020985,0.00071845,0.00015583,0.00015296,0.0001195,0.00018834,0.00020841,0.00028346,3.107e-05,0.00015201,0.00037476,0.00116922,0.0012347,0.00053298,0.00029637,8.987e-05,0.00056405,0.0014369,0.00011855,0.00011616,7.361e-05,0.00021415,0.00022801,3.633e-05,8.27e-05,0.00027008,0.00010755,0.00015583,1.147e-05,0.00028346,0.00030306,0.00025621,0.00021558,0.00011902,0.00081023,0.00032744,0.0001587,4.828e-05,9.512e-05,0.00014532,6.453e-05,0.0003413,0.00015392,0.00148518,2.868e-05,9.608e-05,0.00011472,0.00028824,0.00017686,0.00020315,8.317e-05,0.00168929,4.971e-05,0.00136663,0.00023136,0.00028059,0.00023231,0.0004957,5.88e-05,0.00015057,7.6e-05,5.163e-05,8.126e-05,3.585e-05,3.35e-06,4.35e-05,3.346e-05,0.00014436,2.82e-05,0.00012763,4.541e-05,1.721e-05,0.00010373,0.00014627,5.74e-06
laTriPals1,0.03282359,0.11083221,0.00539406,0.16316874,0.00143241,0.003372,0.06444919,0.00186625,0.00480201,0.00195638,0.00089453,0.00103979,0.00232071,0.00320518,0.00037919,0.00024257,0.03609875,0.00040077,0.00022771,0.00055801,0.00053452,0.00777421,0.00024305,0.00033413,0.00029003,0.00023202,0.00088207,0.01116683,0.00085043,0.00075024,4.41e-05,0.00307478,0.00014573,0.00116059,2.541e-05,0.0002464,1.39e-05,3.787e-05,0.00018217,9.3e-05,6.951e-05,0.00033317,5.417e-05,9.971e-05,1.246e-05,0.01865724,0.00016395,0.00018504,9.06e-05,2.541e-05,4.602e-05,0.00211266,8.773e-05,0.00024065,0.00036385,0.00021381,7.718e-05,5.034e-05,0.00099185,3.643e-05,0.00016155,7.191e-05,0.00026702,4.314e-05,0.00027756,0.000221,1.774e-05,1.246e-05,1.726e-05,0.00012176,6.232e-05,2.301e-05,4.746e-05,0.00010355,1.582e-05,7.239e-05,0.00013327,0.00014669,1.055e-05,0.00124688,3.116e-05,0.00017066,1.678e-05,0.00024305,3.835e-05,6.807e-05,4.458e-05,4.31e-06,0.00013135,0.00012033,0.00011026,4.938e-05,3.164e-05,6.71e-06,7.67e-06,0.00011074,1.246e-05,9.348e-05,3.356e-05,3.835e-05,2.493e-05,3.068e-05,1.39e-05,3.356e-05,2.541e-05,2.157e-05,0.00024545,0.00156136,7.67e-06,1.87e-05,0.00018025,0.0001232,2.589e-05,0.00014621,8.869e-05,3.739e-05,9.59e-06,0.0,8.63e-06,1.342e-05,1.39e-05
lpBroSter1,0.09369094,0.0513632,0.01096742,0.22488836,0.01095161,0.00150551,0.00555438,0.0018644,0.00340585,0.0028505,0.08601246,0.00097796,0.00174988,0.00032056,0.00061572,0.00235841,0.00034356,0.00012506,0.00210446,0.00014662,0.00036128,0.00211164,0.00014758,0.00143987,0.00015668,0.00043076,0.12849593,0.00025156,9.391e-05,0.00030043,9.344e-05,0.00035506,0.000184,0.00090465,0.00016339,3.594e-05,3.498e-05,7.954e-05,0.00012266,0.00023287,0.00013177,2.252e-05,0.0001471,0.00033589,1.44e-06,0.0001792,0.00023143,0.00010254,5.223e-05,0.00069765,4.264e-05,9.775e-05,0.00017537,8.146e-05,0.00011164,6.612e-05,2.54e-05,1.773e-05,0.00015812,0.00055151,5.75e-05,0.00011212,4.744e-05,6.373e-05,3.642e-05,6.756e-05,0.0001241,2.635e-05,9.2e-05,7.092e-05,5.846e-05,0.00047293,0.00015716,7.619e-05,0.00073167,3.498e-05,8.194e-05,1.773e-05,1.15e-05,0.0004322,4.504e-05,0.0001955,8.625e-05,6.373e-05,2.492e-05,6.804e-05,5.606e-05,8.15e-06,1.917e-05,0.00014039,0.00034068,9.248e-05,1.917e-05,4.839e-05,1.006e-05,3.21e-05,2.587e-05,4.408e-05,0.0001471,3.737e-05,2.923e-05,7.379e-05,2.635e-05,2.06e-05,5.846e-05,4.839e-05,0.00012362,3.737e-05,4.312e-05,3.162e-05,7.762e-05,6.708e-05,3.546e-05,0.00016818,3.83e-06,4.6e-05,0.00044178,5.127e-05,2.731e-05,3.642e-05,0.0
lpCarAren1,0.11710797,0.08933925,0.07405998,0.20263724,0.00223273,0.0014429,0.02922649,0.00599424,0.00722313,0.00853647,0.00182726,0.00105086,0.00431238,0.00056142,0.00101248,0.00164635,0.02392035,0.00071689,0.00043762,0.0006166,0.00165979,0.00115595,0.0007476,0.00089635,0.00069434,0.00022265,0.00024424,0.0007428,9.597e-05,0.00079511,0.004369,0.00022409,0.0001094,0.00023944,4.127e-05,0.00013964,4.32e-06,0.0001094,0.00023704,9.357e-05,0.00042994,0.00047985,0.00236564,0.00012956,1.583e-05,0.0001118,4.942e-05,0.00117658,1.536e-05,4.079e-05,1.679e-05,0.00067994,0.00019482,0.00023177,3.695e-05,3.695e-05,6.958e-05,0.0001334,0.00017466,8.061e-05,2.783e-05,0.00035413,0.00069386,0.00044482,0.00070154,3.551e-05,6.24e-06,0.00146353,0.00013484,0.00021017,3.119e-05,1.248e-05,0.00026104,0.00017562,5.902e-05,7.726e-05,0.00018618,0.00047505,3.599e-05,0.00013004,4.559e-05,0.00027591,0.00051392,0.00104415,6.67e-05,0.00024664,3.407e-05,5.182e-05,9.117e-05,0.0001737,2.783e-05,4.798e-05,0.00012092,0.00015259,0.00024232,8.637e-05,5.28e-06,0.01766171,7.582e-05,0.00067274,0.00513724,0.00074088,0.00018138,5.71e-05,8.013e-05,0.00041315,1.056e-05,3.263e-05,2.447e-05,0.00027351,0.00015403,2.735e-05,2.879e-05,6.094e-05,7.678e-05,3.407e-05,3.167e-05,3.503e-05,0.00021737,3.599e-05,5.518e-05
lpCarDepa1,0.00839837,0.02281788,0.00262182,0.00271408,0.0022148,0.00116627,0.0010197,0.00055839,0.00100144,0.00533974,0.01573426,0.00025805,0.00029121,0.00045219,0.00071456,0.00019173,0.00052235,9.563e-05,0.00036953,0.00010668,0.00026141,0.00172129,5.718e-05,0.00012446,0.00054974,0.0001086,0.37492023,0.00041182,0.00011197,0.00051754,0.00010428,0.00023979,4.229e-05,0.00035752,7.4e-05,6.439e-05,5.094e-05,1.297e-05,3.364e-05,2.787e-05,0.00013407,4.421e-05,2.018e-05,0.0001235,4.325e-05,0.00019077,2.931e-05,0.00015569,1.297e-05,2.691e-05,1.634e-05,0.00013071,2.451e-05,6.007e-05,2.883e-05,5.43e-05,4.037e-05,1.009e-05,4.709e-05,0.0001384,0.00033494,4.709e-05,4.421e-05,4.469e-05,1.057e-05,7.69e-06,1.346e-05,9.467e-05,7.69e-06,7.785e-05,8.121e-05,6.247e-05,3.46e-05,2.451e-05,0.0001259,5.67e-05,5.334e-05,1.682e-05,4.32e-06,8.89e-05,1.249e-05,4.805e-05,9.13e-06,0.00020951,0.000284,8.025e-05,7.352e-05,5.29e-06,2.787e-05,2.835e-05,5.29e-06,1.49e-05,1.249e-05,3.604e-05,3.988e-05,1.442e-05,1.009e-05,2.739e-05,3.556e-05,4.709e-05,6.73e-06,2.259e-05,2.499e-05,1.922e-05,5.863e-05,4.32e-06,6.25e-06,4.037e-05,1.49e-05,1.874e-05,3.988e-05,2.355e-05,6.73e-06,1.297e-05,3.36e-06,4.81e-06,3.36e-06,9.6e-07,0.00010091,1.153e-05,1.826e-05
lpCarDivu1,0.0125438,0.02262279,0.0188832,0.36757157,0.00138392,0.00239636,0.00092628,0.00778985,0.00603638,0.00056869,0.04109718,0.00037434,0.00062231,0.00034275,0.00119196,0.11940881,0.00019483,5.457e-05,0.0059191,0.00026185,0.00121876,0.00287219,0.00016276,0.00024461,0.00600191,0.01249258,0.00027621,0.00157683,0.00017472,0.00013356,0.00010819,0.00016419,7.994e-05,0.00021302,3.447e-05,0.00018813,8.281e-05,0.00010053,0.00022164,0.00026568,0.00024079,7.372e-05,0.00014265,0.00025132,1.532e-05,2.489e-05,0.00062997,4.165e-05,0.00010627,0.0003169,5.266e-05,8.76e-05,0.00107563,8.186e-05,0.00040641,0.00049306,0.00012446,1.723e-05,6.893e-05,0.00030876,0.00037913,8.712e-05,0.00012973,0.00020584,2.346e-05,0.00054619,6.415e-05,9.813e-05,1.34e-05,0.00012973,1.34e-05,3.064e-05,9.335e-05,6.367e-05,0.0001843,0.00095979,0.00068406,1.149e-05,0.00162279,4.069e-05,0.00040498,0.00021398,3.877e-05,1.292e-05,0.0001168,5.84e-05,6.558e-05,0.0001484,0.00049067,4.356e-05,1.005e-05,0.0001393,8.186e-05,6.462e-05,1.963e-05,8.952e-05,2.968e-05,2.537e-05,4.548e-05,0.00035041,1.723e-05,7.133e-05,3.638e-05,2.058e-05,7.66e-06,7.851e-05,9.143e-05,6.75e-05,3.351e-05,0.00044854,0.00010244,0.00011249,6.702e-05,3.494e-05,6.223e-05,2.202e-05,1.963e-05,1.91e-06,4.643e-05,0.00022259,1.101e-05
lpCarPend1,0.00857177,0.01415362,0.0093495,0.31227268,0.08442103,0.00053433,0.00369083,0.01781709,0.04397648,0.00379117,0.10900816,0.00149928,0.00074604,0.00023188,0.00036438,0.00232501,0.00051416,0.00079021,0.00054777,0.00013106,0.00020787,0.00058617,0.00090062,0.0021061,0.00117283,0.00025588,0.00032021,0.000277,0.00017379,0.00021843,9.217e-05,0.00046904,5.137e-05,0.00035334,3.265e-05,1.68e-05,3.889e-05,4.945e-05,2.928e-05,0.00016995,8.353e-05,6.721e-05,0.00020163,7.489e-05,1.104e-05,8.017e-05,0.00080749,6.721e-05,3.793e-05,0.0001445,4.753e-05,5.041e-05,2.304e-05,4.753e-05,3.745e-05,4.561e-05,6.145e-05,2.352e-05,3.745e-05,0.00018291,6.049e-05,2.016e-05,6.001e-05,4.177e-05,1.248e-05,0.00015699,2.16e-05,7.009e-05,4.465e-05,9.938e-05,2.928e-05,1.776e-05,3.409e-05,6.961e-05,0.00014402,3.937e-05,0.00029141,3.553e-05,7.825e-05,3.169e-05,8.017e-05,0.15981421,0.0003903,4.945e-05,1.488e-05,6.145e-05,8.16e-06,0.00023764,3.313e-05,4.801e-05,1.008e-05,8.545e-05,7.633e-05,2.736e-05,0.00059866,8.497e-05,1.584e-05,0.00022996,1.776e-05,0.00660394,7.2e-06,3.84e-06,7.345e-05,5.953e-05,8.64e-06,6.769e-05,2.352e-05,1.2e-05,3.409e-05,3.745e-05,2.64e-05,5.137e-05,2.304e-05,2.208e-05,4.513e-05,3.265e-05,7.2e-06,1.344e-05,9.12e-06,1.632e-05,9.6e-07
lpCarRost1,0.01991607,0.02626848,0.10262566,0.02167954,0.00114783,0.00286743,0.19110491,0.00432475,0.00456843,0.02682213,0.0010949,0.0009361,0.00151121,0.0008784,0.02504387,0.00124034,0.00113209,4.292e-05,0.03727849,0.00026133,0.00045112,0.00539676,0.0002165,0.00040916,0.00071578,0.0001526,0.0030391,0.00016881,0.00012876,0.00040725,5.198e-05,0.00012113,0.00024464,0.00026848,5.532e-05,4.816e-05,0.00885265,0.00031569,0.00028851,0.00014688,0.00021412,0.0005484,0.00068956,0.00011063,1.288e-05,0.00028994,0.00038102,3.481e-05,0.00010014,0.00050691,5.627e-05,0.00066714,0.00058512,6.009e-05,0.00011731,8.441e-05,0.00017501,1.288e-05,0.00015975,0.00225227,0.00227229,1.717e-05,0.00023653,0.00306104,5.675e-05,0.00026085,2.098e-05,0.00018836,1.383e-05,0.00010157,3.481e-05,9.585e-05,5.579e-05,6.199e-05,0.0001135,2.337e-05,0.01137434,5.389e-05,0.00021507,0.00014497,0.00023939,0.00011016,4.149e-05,9.06e-06,0.00018503,0.00078827,0.00026276,0.00014735,0.00033906,0.00014163,2.289e-05,9.54e-06,0.00023891,0.00157797,9.06e-06,6.485e-05,9.585e-05,8.488e-05,0.00013829,4.101e-05,0.0001073,0.00017263,6.247e-05,7.773e-05,3.147e-05,6.104e-05,0.00316023,1.049e-05,2.337e-05,5.627e-05,7.01e-05,6.2e-06,4.196e-05,2.814e-05,7.868e-05,1.812e-05,1.431e-05,4.29e-06,2.48e-05,0.00025179,4.34e-05
lpCarSylv1,0.01310483,0.08647487,0.06482623,0.16902202,0.03380278,0.00378554,0.02192724,0.01553949,0.01237961,0.01061944,0.00255385,0.00064098,0.00211537,0.00132887,0.00047295,0.01070704,0.00049976,0.00011489,0.03887602,0.0005438,0.0002427,0.00021781,0.00157587,0.00242125,0.00226233,0.01276735,0.00154619,0.00014217,2.681e-05,0.00033078,3.83e-05,0.00028004,9.765e-05,0.00014696,0.00025754,1.675e-05,1.101e-05,8.473e-05,7.659e-05,6.893e-05,0.00025945,0.00013451,0.00314169,7.946e-05,2.87e-06,0.00024509,4.883e-05,0.00010483,1.484e-05,0.00011058,4.452e-05,6.654e-05,0.00010914,6.271e-05,2.489e-05,0.00020967,6.7e-06,3.638e-05,0.00010819,5.553e-05,0.00013787,2.585e-05,4.069e-05,2.729e-05,3.159e-05,9.1e-06,8.664e-05,0.00011441,0.00015893,7.085e-05,1.292e-05,7.516e-05,4.787e-05,4.069e-05,6.989e-05,7.42e-05,0.00052753,0.00010675,9.909e-05,5.361e-05,1.388e-05,0.00077549,4.79e-06,6.75e-05,7.946e-05,5.27e-06,1.628e-05,3.877e-05,3.351e-05,5.697e-05,6.415e-05,1.245e-05,0.00011106,3.207e-05,1.005e-05,9.526e-05,2.058e-05,0.0001843,0.00011441,3.494e-05,6.941e-05,4.356e-05,1.197e-05,2.633e-05,2.92e-05,2.681e-05,2.489e-05,2.729e-05,2.92e-05,2.968e-05,1.58e-05,1.005e-05,6.22e-06,1.245e-05,1.292e-05,1.963e-05,1.723e-05,8.62e-06,2.39e-06,1.34e-05,8.14e-06
lpJunEffu1,0.00309291,0.00986111,0.00301054,0.16607088,0.0069727,0.00030747,0.00095546,0.00078017,0.00126724,0.00482854,0.0005455,0.00020785,0.00012692,0.00020642,0.00020402,0.0003592,0.0003295,0.00174665,0.00026676,0.00036207,0.00014751,0.00021839,0.00065757,0.00069492,0.00082615,0.00080699,0.00019109,5.843e-05,1.149e-05,6.992e-05,1.676e-05,3.736e-05,8.716e-05,0.00038985,3.736e-05,2.155e-05,1.92e-06,4.454e-05,3.592e-05,2.443e-05,4.31e-05,1.868e-05,3.688e-05,2.634e-05,8.62e-06,0.46699808,4.119e-05,0.00010584,1.149e-05,7.519e-05,3.83e-06,1.724e-05,9.1e-06,3.879e-05,1.533e-05,1.054e-05,5.891e-05,5.75e-06,5.651e-05,2.059e-05,2.107e-05,2.682e-05,2.299e-05,3.35e-06,1.293e-05,2.778e-05,3.544e-05,1.676e-05,3.113e-05,2.107e-05,1.245e-05,1.628e-05,5.27e-06,2.347e-05,1.772e-05,3.83e-06,3.496e-05,1.341e-05,3.35e-06,5.27e-06,7.18e-06,6.226e-05,1.628e-05,2.778e-05,1.964e-05,1.437e-05,2.87e-06,1.485e-05,3.879e-05,1.92e-06,4.79e-06,2.826e-05,2.538e-05,8.14e-06,6.7e-06,1.916e-05,6.23e-06,3.352e-05,1.341e-05,2.443e-05,3.975e-05,9.1e-06,1.92e-06,7.66e-06,2.826e-05,1.149e-05,6.7e-06,1.628e-05,2.059e-05,8.62e-06,2.251e-05,0.0,1.054e-05,2.39e-06,5.27e-06,5.75e-06,4.31e-06,1.92e-06,5.75e-06,1.44e-06,1.772e-05
lpLuzSylv1,0.27136368,0.0102022,0.01589459,0.05574653,0.00814423,0.00240585,0.19226737,0.01983613,0.00134547,0.00431576,0.00562961,0.00118879,0.00411691,0.00040728,0.00236847,0.00230139,0.00288117,0.00048778,0.00135122,0.0036229,0.00037949,0.00045089,0.00016148,0.0003172,0.00057307,0.00089459,0.0005678,0.00057834,0.00054145,0.00188261,3.402e-05,0.00015812,0.00068903,0.0001931,0.00010541,7.619e-05,0.00024868,0.00069765,0.0004758,0.00022472,0.00108625,0.00110014,4.935e-05,0.00019118,3.402e-05,0.0005472,0.00033062,4.073e-05,0.00044753,5.271e-05,3.977e-05,0.00107139,0.00068759,0.00277144,3.067e-05,0.00481696,1.533e-05,0.00041207,0.00016004,0.00046957,0.00033781,6.948e-05,0.00019406,5.51e-05,0.00012793,0.0017815,6.133e-05,0.00038524,0.0001495,0.00019837,0.00026306,0.00014758,7.523e-05,8.864e-05,9.823e-05,2.731e-05,0.00033349,0.00020125,5.319e-05,0.00035793,0.0001035,0.00025539,0.00023958,0.00059943,1.198e-05,7.81e-05,0.00015764,0.00038333,5.367e-05,8.05e-05,8.337e-05,0.0003402,3.35e-06,1.773e-05,8.05e-05,4.504e-05,0.00019166,0.00088548,0.00336368,0.00151461,5.271e-05,1.629e-05,9.439e-05,0.00136895,9.344e-05,2.348e-05,2.635e-05,4.217e-05,2.587e-05,1.773e-05,7.67e-06,0.00106229,8.96e-05,2.108e-05,1.44e-06,0.00017154,5.27e-06,1.246e-05,9.535e-05,0.00073359,2.444e-05
lpPhrAust1,0.07975588,0.05044365,0.01099281,0.09720336,0.06839281,0.00661918,0.17579856,0.00374484,0.00525947,0.00223165,0.00245372,0.00193189,0.01293669,0.00222974,0.02150216,0.00077266,0.0044024,0.00017026,0.00153381,0.00086235,0.00120096,0.00064269,0.00147626,0.00079329,0.00096978,0.00033189,0.00070072,0.00090168,7.002e-05,0.00196691,0.00030168,0.00023118,0.00046906,0.00025372,0.00027002,9.592e-05,2.59e-05,0.00072758,0.00022782,0.00012134,0.00019137,0.0015199,0.00092902,0.0002518,0.00062062,0.00018273,5.612e-05,0.00024988,9.832e-05,0.0002705,4.7e-05,4.892e-05,0.00028825,8.633e-05,5.276e-05,0.00018945,5.372e-05,4.988e-05,0.00018321,0.00030983,0.00032566,0.00016211,0.00016978,0.00013381,8.777e-05,0.00186091,0.0003199,0.00018897,1.775e-05,3.07e-05,0.00021631,0.000153,0.00013957,8.393e-05,8.393e-05,1.583e-05,0.00107482,0.00011942,0.00023453,3.357e-05,0.00010935,9.161e-05,9.065e-05,5.28e-06,0.00028873,3.213e-05,0.00011079,0.00016451,0.00010408,7.626e-05,6.427e-05,5.468e-05,7.722e-05,6.187e-05,2.83e-05,0.00025372,1.343e-05,6.043e-05,4.46e-05,3.36e-06,0.00051175,1.199e-05,1.055e-05,3.837e-05,0.00010024,4.508e-05,0.00250456,0.00012086,6.283e-05,0.00013141,9.257e-05,8.393e-05,1.007e-05,4.46e-05,2.59e-05,8.777e-05,2.494e-05,3.645e-05,1.44e-06,4.508e-05,1.44e-06
lpSchLacu1,0.0069307,0.03276179,0.00746776,0.00094995,0.00273773,0.0035231,0.18861838,0.00310346,0.00278922,0.00226323,0.00186237,0.00021848,0.00109913,0.00024013,0.00040423,0.00016314,0.00053657,8.325e-05,0.00022762,0.00031713,0.00061838,0.00069538,7.267e-05,0.00046343,0.00014052,9.721e-05,0.00018624,7.315e-05,1.54e-05,0.00010876,8.807e-05,0.00010443,0.00024013,0.00010106,0.00021848,0.00029933,0.00011165,3.128e-05,5.919e-05,5.005e-05,0.00016314,0.00016025,6.593e-05,0.00119249,5.053e-05,9.095e-05,2.984e-05,0.00012031,1.444e-05,5.053e-05,6.74e-06,0.00015063,3.032e-05,8.422e-05,1.684e-05,0.0004514,5.101e-05,1.155e-05,3.128e-05,3.609e-05,1.588e-05,3.994e-05,6.208e-05,3.128e-05,0.00012223,4.716e-05,4.524e-05,0.00010058,2.214e-05,2.791e-05,1.973e-05,2.31e-05,2.647e-05,5.438e-05,5.919e-05,5.77e-06,9.143e-05,3.561e-05,2.695e-05,4.812e-05,7.7e-06,2.117e-05,2.406e-05,7.555e-05,8.18e-06,6.4e-05,4.475e-05,8.66e-06,3.754e-05,2.551e-05,7.22e-06,4.909e-05,0.00124591,8.47e-05,3.85e-06,2.839e-05,2.166e-05,1.829e-05,6.641e-05,2.069e-05,2.214e-05,5.871e-05,9.14e-06,3.37e-06,2.31e-05,3.128e-05,4.379e-05,0.32333301,1.347e-05,2.839e-05,9.047e-05,1.588e-05,2.839e-05,2.551e-05,8.66e-06,9.62e-06,1.251e-05,1.44e-06,4.187e-05,2.89e-06,4.8e-07
lpSchTriq1,0.03111827,0.05055288,0.0448024,0.24078173,0.00103077,0.0012726,0.0365476,0.00645769,0.00059135,0.03604712,0.00129856,0.00045385,0.00211731,0.00057548,0.0007726,0.00062115,0.00062596,0.00016346,0.00056683,0.0018024,0.00094471,0.00020817,0.00019375,0.0001399,0.00236106,0.00019808,0.00047452,0.00065288,0.0002476,0.00046298,0.00109615,0.00117019,0.00031058,0.00017308,0.00018846,9.423e-05,9.904e-05,3.462e-05,0.00016106,0.00055865,0.00193413,0.00065481,0.00045481,0.00030288,6.73e-06,0.00017933,4.423e-05,0.00010865,1.731e-05,7.404e-05,2.067e-05,4.423e-05,0.00036635,0.00014904,5.481e-05,8.798e-05,3.99e-05,2.115e-05,0.00027596,0.00010913,7.933e-05,2.212e-05,0.00041875,0.00114279,9.567e-05,0.0001351,5.625e-05,0.00082356,0.00032163,9.519e-05,0.01798173,0.00010048,0.00016779,0.00026346,5.577e-05,4.279e-05,0.00031106,0.00015288,4.375e-05,0.0002875,2.885e-05,0.00025673,0.00037067,0.00560433,7.69e-06,0.00019808,5.337e-05,3.702e-05,0.00010625,0.00016827,0.00016923,1.154e-05,0.00012115,2.019e-05,0.00011587,0.00013798,4.038e-05,0.00113173,0.00014087,0.00442885,0.00043702,0.0004875,0.00075192,5.144e-05,7.308e-05,6.635e-05,2.404e-05,3.75e-05,0.00012644,4.279e-05,7.933e-05,5.337e-05,3.606e-05,0.00021827,1.442e-05,5.865e-05,4.904e-05,2.4e-06,0.00083942,4.856e-05,1.442e-05
mCanLor1,0.02240067,0.59847553,0.00273848,0.03646641,0.08316075,0.00286084,0.00133013,0.00313196,0.00500768,0.00669338,0.0014285,0.00077543,0.00085893,0.00111036,0.00068138,0.00108301,0.00048656,0.00014251,0.0021761,0.00087908,0.00017706,0.00306286,0.013988,0.00124088,0.00051248,0.00246497,0.00032294,8.253e-05,0.00087188,0.00045106,0.00010269,0.00032486,0.00016603,0.00054559,0.00023512,3.791e-05,3.551e-05,2.879e-05,0.00022745,0.00021689,0.0001094,6.43e-05,0.00141603,0.000131,4.8e-06,5.902e-05,0.00028359,3.167e-05,3.839e-05,0.0001857,6.43e-05,2.495e-05,0.00012476,5.614e-05,0.00011228,0.00010029,3.311e-05,4.32e-06,9.789e-05,0.00017131,2.783e-05,8.349e-05,9.645e-05,7.582e-05,8.16e-06,8.013e-05,2.447e-05,4.223e-05,9.12e-06,2.975e-05,5.23e-05,7.054e-05,8.829e-05,2.015e-05,9.069e-05,3.119e-05,6.286e-05,2.783e-05,0.00012092,0.00013196,4.367e-05,0.00037476,2.687e-05,2.927e-05,8.16e-06,7.2e-06,7.198e-05,4.8e-06,5.662e-05,4.894e-05,3.503e-05,0.0001118,5.47e-05,3.215e-05,5.28e-06,0.00010173,2.159e-05,2.111e-05,5.422e-05,3.359e-05,8.013e-05,8.16e-06,3.311e-05,2.495e-05,8.733e-05,6.574e-05,6.094e-05,1.248e-05,0.00014251,5.278e-05,1.536e-05,9.069e-05,1.967e-05,4.511e-05,1.919e-05,7.63e-05,1.679e-05,3.36e-06,6.286e-05,5.47e-05,0.0
mCerEla1,0.10755167,0.61719713,0.00924019,0.00088517,0.00123589,0.00902823,0.00410574,0.00151627,0.00270096,0.08165455,0.00066459,0.0007244,0.00134019,0.00035455,0.00061579,0.00051196,0.00023254,0.00012679,0.00031675,0.00028421,0.00119617,0.00020239,0.00011244,0.0013,0.00047416,7.033e-05,0.00010766,0.00039282,0.00011818,0.00026842,0.00108182,8.469e-05,0.00028134,0.00030526,0.00014067,0.00029043,5.933e-05,0.00024067,0.0001177,0.00020239,9.091e-05,0.00010813,0.0001933,0.0001244,6.89e-05,6.172e-05,7.943e-05,0.00014785,5.072e-05,0.00012967,3.828e-05,4.737e-05,5.646e-05,7.416e-05,5.455e-05,0.00011053,7.895e-05,3.541e-05,8.278e-05,7.512e-05,8.804e-05,0.00011292,0.00015885,0.0001067,0.00011196,0.00012679,0.00014258,5.215e-05,1.962e-05,0.00010239,2.919e-05,9.378e-05,9.522e-05,9.904e-05,4.211e-05,6.938e-05,8.086e-05,0.00011388,6.124e-05,5.072e-05,5.167e-05,3.397e-05,8.13e-06,5.933e-05,0.00023014,5.455e-05,6.555e-05,1.866e-05,0.00014545,0.00013206,1.196e-05,6.842e-05,3.541e-05,5.502e-05,2.297e-05,9.091e-05,8.61e-06,8.038e-05,4.306e-05,6.172e-05,9.474e-05,3.541e-05,8.61e-06,1.292e-05,0.00010766,0.00027943,7.033e-05,2.967e-05,1.244e-05,5.407e-05,9.713e-05,7.033e-05,7.56e-05,5.74e-06,0.0001378,7.608e-05,1.579e-05,4.8e-07,2.153e-05,4.88e-05,2.536e-05
mDelDel1,0.18919319,0.46288543,0.01880345,0.11403739,0.00103739,0.00200144,0.00238591,0.00132359,0.00150431,0.01367881,0.01056568,0.00075839,0.00523011,0.02605129,0.0019674,0.00087584,0.00219607,0.00254075,0.0107536,0.000314,0.00092905,0.00132359,0.00080777,0.00030825,0.00046453,0.00011985,0.00029386,0.00031592,3.308e-05,0.00044104,7.91e-05,0.0001697,0.0001836,0.00057526,6.855e-05,0.00010738,1.678e-05,0.0002047,0.00026654,9.54e-05,0.00031304,0.00039741,0.00016539,0.00020374,4.219e-05,0.00016731,9.108e-05,0.00021429,1.151e-05,0.00030681,2.157e-05,0.00011409,0.0001836,5.465e-05,0.00102349,2.78e-05,0.00016539,0.00075407,0.00020326,0.00015964,0.00020134,5.034e-05,7.526e-05,0.00015772,4.842e-05,7.287e-05,9.588e-05,0.00039741,3.212e-05,3.26e-05,9.3e-05,0.00025695,1.438e-05,3.643e-05,7.335e-05,6.232e-05,0.00021381,5.801e-05,2.301e-05,0.00011793,0.00011505,6.568e-05,4.554e-05,2.78e-05,0.00014286,4.41e-05,0.00013806,4.506e-05,1.822e-05,0.00016155,4.41e-05,0.00015916,2.78e-05,8.198e-05,4.602e-05,0.00030633,2.685e-05,8.389e-05,6.472e-05,4.219e-05,4.41e-05,3.26e-05,7.095e-05,2.589e-05,5.369e-05,0.00010163,0.00021477,5.992e-05,7.43e-05,0.00011314,3.02e-05,1.918e-05,4.698e-05,1.294e-05,5.657e-05,0.00021189,5.705e-05,2.88e-06,2.157e-05,1.87e-05,0.0
mEptNil1,0.20830578,0.55043574,0.00244816,0.00322026,0.00166221,0.05185332,0.00201672,0.00414763,0.00168944,0.0038237,0.00180315,0.00124988,0.02313569,0.00071763,0.00047253,0.00074582,0.00994983,0.00062255,0.00048495,0.00035929,0.00294649,0.00700048,0.00023602,0.00029193,0.0002408,0.00090444,0.00040755,0.00025561,6.88e-05,0.00046202,0.00012327,0.00038032,0.00041089,0.00016531,0.00017678,7.979e-05,3.392e-05,2.962e-05,0.0001161,0.0002408,8.743e-05,0.00037363,9.365e-05,0.00060583,1.29e-05,0.00020258,0.00021596,3.249e-05,3.153e-05,6.832e-05,4.587e-05,0.00020879,0.00020736,0.00014381,0.00014286,6.593e-05,4.109e-05,0.00124654,0.00012422,1.433e-05,6.02e-05,4.826e-05,3.679e-05,5.351e-05,2.293e-05,0.00010225,2.676e-05,0.00020019,8.6e-05,5.877e-05,0.00021978,7.692e-05,0.00020784,5.256e-05,4.921e-05,4.109e-05,1.194e-05,8.6e-05,3.34e-06,0.00019064,3.153e-05,4.539e-05,6.116e-05,3.153e-05,0.00015576,0.00014238,1.816e-05,6.69e-06,3.774e-05,3.01e-05,3.966e-05,3.82e-06,2.532e-05,1.768e-05,3.344e-05,4.539e-05,0.00015624,2.15e-05,7.119e-05,1.003e-05,2.007e-05,1.816e-05,1.29e-05,7.17e-06,0.00016866,4.061e-05,1.242e-05,3.966e-05,5.351e-05,2.389e-05,2.962e-05,2.246e-05,1.147e-05,6.21e-06,3.82e-06,1.624e-05,3.82e-06,0.0,3.34e-06,3.966e-05,9.56e-06
mGloMel1,0.21173672,0.38769268,0.01167257,0.00693873,0.01567209,0.00492054,0.00268885,0.00517664,0.00067018,0.02304213,0.01077022,0.00031067,0.00173863,0.00904117,0.00284059,0.00166443,0.00027286,0.00203447,0.01336573,0.00064624,0.00053327,0.00050598,0.00026807,0.00021302,0.0006606,0.00044184,0.00130158,0.00035232,3.494e-05,0.00057204,6.798e-05,9.143e-05,0.00011537,0.00021685,0.00054811,8.281e-05,9.095e-05,0.0013145,0.0002269,0.00026185,0.00029679,0.00013068,0.00025323,0.00116084,0.00010292,0.00010483,0.00014169,0.00012925,0.00010579,0.00024318,2.298e-05,8.425e-05,0.00030349,5.314e-05,0.00013212,8.234e-05,0.00016563,6.079e-05,5.266e-05,0.00244758,0.00106032,5.409e-05,0.00010866,8.521e-05,9.382e-05,8.664e-05,0.00024988,7.851e-05,2.489e-05,0.00023696,0.00015318,4.069e-05,3.303e-05,0.00013116,0.00023073,4.79e-06,0.00179703,9.335e-05,1.675e-05,5.744e-05,7.611e-05,0.0001752,8.76e-05,9.909e-05,0.00026999,5.697e-05,7.372e-05,0.0017999,0.00010148,5.17e-05,9.57e-06,0.00012398,7.276e-05,0.00016419,6.175e-05,0.00058545,5.553e-05,7.994e-05,6.51e-05,6.75e-05,0.00018526,0.00011106,4.739e-05,4.739e-05,4.452e-05,0.00010292,0.00018526,7.42e-05,6.941e-05,5.601e-05,7.276e-05,7.18e-06,0.0001101,0.00011058,3.83e-06,0.00020536,3.207e-05,2.776e-05,1.053e-05,2.968e-05,8.62e-06
mHypAmp2,0.22554358,0.43651054,0.01646743,0.11590805,0.00216619,0.00173755,0.00335776,0.00321839,0.00129358,0.01346169,0.00271791,0.00046887,0.00185872,0.00238937,0.002125,0.00458956,0.00036734,0.00086015,0.00923898,0.00064895,0.00027634,0.0103908,0.0005819,0.00028352,0.00038937,0.00055268,0.00025862,0.00012117,3.305e-05,0.00029167,6.178e-05,0.00017768,0.0002955,0.00030077,0.00014416,6.226e-05,1.245e-05,0.00030795,0.00010584,0.00020642,0.00047031,0.00011446,0.00020354,9.1e-05,8.333e-05,0.00015182,0.00018774,0.00018678,2.107e-05,0.00026149,4.502e-05,0.00012835,0.00015613,0.00010776,0.00017768,0.00013027,0.0002591,2.874e-05,0.00023228,0.00014655,0.00037787,6.13e-05,6.034e-05,6.322e-05,4.215e-05,0.0003659,6.082e-05,4.502e-05,3.305e-05,0.00017433,7.711e-05,7.471e-05,9.962e-05,4.262e-05,9.818e-05,2.73e-05,0.00024665,8.14e-06,2.73e-05,5.268e-05,5.891e-05,0.00024952,0.00010345,1.293e-05,0.00010249,0.00011925,0.00013889,0.00010967,3.209e-05,5.939e-05,5.125e-05,2.969e-05,1.916e-05,4.406e-05,4.406e-05,0.00011973,3.784e-05,0.0035886,8.19e-05,5.556e-05,9.914e-05,8.094e-05,6.274e-05,2.107e-05,4.646e-05,0.00015134,4.31e-05,0.0001159,8.19e-05,7.04e-05,1.006e-05,4.454e-05,3.927e-05,7.04e-05,5.22e-05,6.7e-06,3.209e-05,8.14e-06,3.736e-05,0.00011159,0.0
mLagAlb1,0.00854541,0.16370985,0.02600621,0.1386826,0.52971845,0.00282696,0.00137859,0.00249857,0.02112954,0.01692925,0.00347371,0.00019551,0.00051434,0.00051864,0.00026291,0.00024761,0.00018308,0.0001501,0.00064962,0.00095746,0.00032887,0.00176577,4.924e-05,0.00052199,0.0001912,0.00046272,0.00010851,0.00012954,2.103e-05,0.00013384,8.461e-05,5.88e-05,0.00035086,0.00010994,0.0003762,5.641e-05,2.294e-05,1.53e-05,4.207e-05,8.843e-05,9.465e-05,0.00010086,2.39e-05,0.00037954,8.6e-06,2.533e-05,3.011e-05,2.916e-05,3.489e-05,0.00039293,1.052e-05,1.769e-05,0.00020124,4.254e-05,2.151e-05,3.633e-05,4.254e-05,2.247e-05,5.832e-05,0.00018356,4.111e-05,2.294e-05,0.00011185,3.155e-05,1.338e-05,5.115e-05,1.912e-05,3.25e-05,2.486e-05,5.067e-05,9.417e-05,1.099e-05,3.394e-05,2.103e-05,4.589e-05,1.291e-05,6.071e-05,2.39e-06,1.816e-05,6.405e-05,1.769e-05,1.434e-05,2.438e-05,1.291e-05,1.195e-05,4.924e-05,4.541e-05,2.82e-05,5.784e-05,1.434e-05,2.725e-05,8.6e-06,3.776e-05,1.243e-05,1.721e-05,1.338e-05,3.92e-05,1.673e-05,6.071e-05,2.868e-05,1.434e-05,2.103e-05,4.3e-06,2.438e-05,5.115e-05,4.828e-05,1.291e-05,1.864e-05,1.338e-05,5.26e-06,9.56e-06,1.434e-05,8.6e-06,2.39e-06,2.008e-05,1.004e-05,3.203e-05,9.56e-06,1.673e-05,3.82e-06,4.8e-07
mMelMel3,0.00728523,0.67958965,0.00207862,0.00245158,0.00189166,0.00149041,0.00448562,0.00098706,0.0018116,0.00169703,0.00577661,0.00028044,0.00052445,0.00013087,0.00027852,0.00032071,0.00016874,6.807e-05,0.000279,0.00019319,0.0003418,0.00098562,4.267e-05,0.00018217,0.00019895,0.00039885,0.00201774,0.00039837,2.109e-05,0.00016395,5.129e-05,0.00028859,8.006e-05,0.00033365,3.452e-05,4.41e-05,2.828e-05,4.123e-05,9.923e-05,3.691e-05,0.00020038,2.637e-05,4.314e-05,0.00020422,2.876e-05,9.444e-05,3.404e-05,6.28e-05,5.034e-05,6.088e-05,1.726e-05,1.582e-05,0.00010115,4.65e-05,1.055e-05,3.739e-05,3.84e-06,2.88e-06,5.081e-05,3.835e-05,3.931e-05,2.924e-05,0.0001908,3.404e-05,3.212e-05,4.314e-05,1.774e-05,2.397e-05,4.362e-05,4.267e-05,1.822e-05,3.883e-05,3.979e-05,8.15e-06,0.00033653,2.013e-05,9.827e-05,2.157e-05,1.438e-05,9.06e-05,3.739e-05,5.75e-06,2.733e-05,9.492e-05,7.19e-06,4.89e-05,1.103e-05,1.965e-05,2.253e-05,1.151e-05,9.11e-06,5.177e-05,1.582e-05,3.452e-05,2.589e-05,1.246e-05,4.267e-05,6.71e-06,3.212e-05,0.00059971,2.637e-05,2.493e-05,7.19e-06,3.356e-05,8.63e-06,1.007e-05,3.835e-05,1.151e-05,1.582e-05,2.061e-05,3.02e-05,1.726e-05,1.87e-05,3.36e-06,2.253e-05,2.88e-06,2.88e-06,1.92e-06,2.88e-06,1.726e-05,2.541e-05
mMusMuc1,0.02229608,0.23748185,0.00364374,0.00728844,0.01001719,0.0017192,0.00145177,0.00178653,0.00823639,0.11814518,0.00111079,0.00050907,0.00161843,0.00070869,0.00032139,0.00116094,0.00022397,0.00029226,0.0006829,0.07176361,0.00029943,0.00130229,0.01967813,0.00061748,0.00084909,0.00475358,0.00113801,0.00012178,0.00028223,0.00030229,8.5e-05,0.00027889,0.00011557,0.00019723,7.545e-05,3.964e-05,1.337e-05,7.545e-05,0.00017096,8.548e-05,0.00011796,4.776e-05,0.00313085,0.00011366,5.73e-06,0.00043601,8.118e-05,8.023e-05,1.862e-05,8.93e-05,2.913e-05,1.958e-05,4.823e-05,0.00017192,0.00010267,4.919e-05,2.722e-05,1.098e-05,9.503e-05,8.596e-05,7.975e-05,5.969e-05,0.0001256,7.593e-05,6.543e-05,0.00013228,3.247e-05,2.579e-05,6.399e-05,8.166e-05,2.483e-05,0.00014374,0.00013754,6.399e-05,5.396e-05,5.731e-05,4.346e-05,2.436e-05,8.405e-05,4.346e-05,3.534e-05,0.00029513,3.868e-05,8.835e-05,1.815e-05,1.242e-05,4.298e-05,1.242e-05,5.826e-05,3.868e-05,1.815e-05,3.582e-05,3.677e-05,3.82e-05,1.624e-05,2.388e-05,3.677e-05,0.00013658,6.304e-05,4.776e-05,0.00027221,5.731e-05,4.3e-06,5.25e-06,3.104e-05,2.006e-05,2.292e-05,3.343e-05,3.629e-05,6.21e-06,3.534e-05,7.16e-06,1.91e-06,6.017e-05,2.627e-05,4.78e-06,4.585e-05,1.862e-05,1.337e-05,1.43e-06,9.6e-07
mOrcOrc1,0.04233445,0.51613493,0.00207895,0.09115742,0.05142344,0.00080048,0.00224019,0.00398565,0.00354115,0.12630574,0.00109139,0.00097225,0.00836077,0.00473254,0.00655072,0.00322488,0.01707847,0.00015407,0.01233158,0.0004378,0.00018086,0.01243971,0.00046986,0.00056459,0.00059282,0.00236507,0.00011292,0.00019091,2.632e-05,0.00018565,0.00010574,0.00071627,0.0009201,0.01031579,0.00102775,2.01e-05,3.349e-05,0.0003201,0.00012105,0.00039713,7.177e-05,3.78e-05,7.99e-05,8.325e-05,1.388e-05,0.00014545,0.00019426,2.392e-05,1.962e-05,0.00085359,4.354e-05,6.411e-05,0.00010957,6.077e-05,0.00023397,5.12e-05,2.775e-05,4.689e-05,0.00017321,0.00011914,6.459e-05,9.809e-05,9.33e-05,2.201e-05,3.397e-05,2.344e-05,7.368e-05,0.00031914,0.00016555,7.751e-05,0.00012392,4.067e-05,0.00012249,0.00018612,6.22e-05,2.823e-05,6.794e-05,3.206e-05,7.416e-05,7.656e-05,0.00010526,5.024e-05,7.177e-05,4.45e-05,1.435e-05,3.828e-05,6.22e-06,4.737e-05,3.014e-05,1.722e-05,8.947e-05,8.134e-05,4.211e-05,8.23e-05,1.435e-05,0.00014689,2.775e-05,2.153e-05,0.00011483,3.254e-05,8.13e-06,4.689e-05,4.31e-06,1.818e-05,6.555e-05,1.483e-05,8.182e-05,2.536e-05,0.00087368,4.976e-05,2.488e-05,9.665e-05,3.254e-05,5.311e-05,1.292e-05,0.00012679,0.00010239,5.502e-05,4.8e-07,1.579e-05,2.01e-05
mPipPyg2,0.01966284,0.33170738,0.03734914,0.00342481,0.01212883,0.0050455,0.00620402,0.00516331,0.00496408,0.00214272,0.01295738,0.00039033,0.00107711,0.00469205,0.00084483,0.00049665,0.00065613,0.01078544,0.00040948,0.00353352,0.00051389,0.00268151,0.03301197,0.00378352,0.0006159,0.00017146,0.00078496,0.00047079,4.933e-05,0.00031944,7.759e-05,0.00017241,0.00046504,0.00021121,0.00044684,0.00018391,3.352e-05,3.496e-05,8.86e-05,0.00013554,8.19e-05,0.0001317,0.00109435,0.00123036,0.00014559,0.01040661,0.00027251,9.483e-05,3.879e-05,0.00013889,1.82e-05,4.885e-05,0.00011303,4.358e-05,4.262e-05,4.646e-05,0.00045259,9.58e-06,0.00013937,0.00024234,2.969e-05,4.55e-05,6.849e-05,3.784e-05,3.209e-05,0.0001183,0.00011494,0.00010584,2.011e-05,4.406e-05,0.00010345,6.274e-05,0.0001614,5.268e-05,1.724e-05,1.58e-05,0.00225814,2.347e-05,3.831e-05,0.00011398,2.011e-05,0.00016715,3.352e-05,0.00013123,3.065e-05,5.651e-05,2.538e-05,0.00047989,7.184e-05,3.209e-05,1.102e-05,6.226e-05,0.00029262,9.579e-05,4.358e-05,0.00019492,0.00020977,6.034e-05,6.7e-06,7.184e-05,0.00030125,1.533e-05,2.395e-05,2.682e-05,5.268e-05,7.902e-05,0.00014416,0.00027011,4.167e-05,3.927e-05,6.418e-05,2.87e-06,2.203e-05,8.908e-05,9.58e-06,8.716e-05,2.443e-05,7.66e-06,3.975e-05,3.065e-05,2.39e-06
mPleAur1,0.10929928,0.49271607,0.02394628,0.00608153,0.00129305,0.00126043,0.00147434,0.00916978,0.00119664,0.00336211,0.00973189,0.000447,0.00143885,0.00517794,0.00227434,0.0013295,0.00064173,0.00432086,0.00149544,0.00120144,0.0001741,0.00090168,0.00983453,0.0006446,0.00030695,0.00021199,0.0002211,0.00021343,7.578e-05,0.00026667,0.00013285,0.00058945,0.00022062,0.0002446,7.482e-05,0.0002777,2.59e-05,4.796e-05,0.00018849,0.00022542,0.00029592,0.00016019,0.00047002,0.00071942,5.803e-05,0.00077554,0.00031223,0.00013621,0.00010168,0.00018225,4.269e-05,7.962e-05,0.00017506,0.00012086,8.058e-05,3.645e-05,0.00039041,2.926e-05,0.00016499,0.00026235,0.00017746,9.065e-05,0.00010695,0.00014916,2.926e-05,0.00012422,0.00026187,7.578e-05,6.091e-05,0.00016307,0.00015635,0.00012662,0.00020815,0.00031559,0.0002,1.535e-05,0.00095827,0.00014916,1.823e-05,0.00029976,1.823e-05,0.00014772,7.434e-05,0.00012374,5.228e-05,6.523e-05,9.017e-05,0.00018561,0.00010647,4.988e-05,4.508e-05,0.00015396,9.976e-05,8.393e-05,3.645e-05,0.00033237,8.921e-05,0.0001458,0.000153,0.00023453,0.0001458,0.00018082,6.859e-05,1.391e-05,0.00023405,0.00016115,0.00033477,0.00020815,5.036e-05,0.00010408,0.00010839,5.084e-05,4.508e-05,0.00014916,4.221e-05,0.0003458,2.158e-05,1.247e-05,6.091e-05,4.221e-05,0.0
mSteCoe1,0.22453445,0.41567033,0.03979617,0.04911675,0.00100287,0.00387129,0.00412919,0.0028555,0.00202201,0.00941818,0.00160766,0.0011866,0.0247201,0.03752679,0.00179904,0.00105311,0.00452392,0.00121435,0.01006268,0.0002622,0.00486555,0.00116077,0.00055885,0.0002866,0.00054976,0.00032775,0.00019952,0.00027033,2.057e-05,0.00044785,8.995e-05,0.00026842,0.00015598,0.00036172,0.00043062,4.402e-05,8.61e-06,0.0002622,0.00029378,0.00017033,0.00015789,0.00025885,0.0001823,6.699e-05,4.833e-05,7.321e-05,0.00019474,2.584e-05,2.344e-05,0.00023541,6.077e-05,0.00022057,7.321e-05,4.258e-05,0.00136411,3.254e-05,8.134e-05,0.00316651,0.00020048,8.947e-05,0.00037129,6.172e-05,6.124e-05,0.00012392,2.584e-05,0.00012105,0.0002,0.00021196,0.00011531,7.56e-05,0.00018804,0.00015598,5.885e-05,4.785e-05,2.919e-05,0.00010909,0.0002,9.09e-06,0.00012536,0.00013732,0.00022201,7.464e-05,7.847e-05,4.689e-05,0.00016555,5.407e-05,7.943e-05,3.732e-05,4.689e-05,7.081e-05,3.732e-05,0.00024689,5.502e-05,4.689e-05,5.55e-05,0.00050718,3.158e-05,1.148e-05,0.00012775,1.77e-05,7.416e-05,1.388e-05,4.163e-05,3.35e-06,4.067e-05,3.254e-05,0.00010813,7.656e-05,5.024e-05,3.301e-05,1.531e-05,6.077e-05,8.421e-05,2.105e-05,9.57e-06,0.0001201,0.00018325,2.727e-05,0.0,5.933e-05,7.66e-06
paTetJugo1,0.00070588,0.00031946,0.00051506,0.00012243,0.00022573,0.00013965,0.00015352,0.00014586,0.00016595,0.00011334,8.034e-05,3.348e-05,6.743e-05,2.152e-05,4.352e-05,4.495e-05,2.439e-05,5.261e-05,2.535e-05,1.1e-05,4.256e-05,4.017e-05,4.543e-05,3.443e-05,3.491e-05,1.483e-05,1.387e-05,6.7e-06,2.39e-06,1.387e-05,5.74e-06,2.009e-05,1.1e-05,8.13e-06,1.43e-06,5.74e-06,0.98501052,4.78e-06,1.196e-05,4.78e-06,9.56e-06,1.004e-05,7.17e-06,6.7e-06,4.3e-06,1.148e-05,6.7e-06,1.1e-05,2.39e-06,1.43e-06,9.6e-07,2.87e-06,5.26e-06,2.87e-06,2.87e-06,1.578e-05,1.387e-05,5.26e-06,1.243e-05,5.74e-06,5.26e-06,2.39e-06,6.7e-06,3.83e-06,3.83e-06,3.35e-06,1.43e-06,5.26e-06,3.83e-06,3.83e-06,3.83e-06,2.39e-06,4.8e-07,5.26e-06,1.43e-06,9.6e-07,2.39e-06,9.6e-07,2.87e-06,2.39e-06,2.39e-06,1.43e-06,5.74e-06,7.65e-06,4.8e-07,0.0,4.8e-07,2.39e-06,4.3e-06,7.65e-06,3.83e-06,4.8e-07,4.3e-06,5.26e-06,9.6e-07,2.87e-06,2.87e-06,2.39e-06,1.43e-06,4.3e-06,5.74e-06,1.43e-06,9.6e-07,9.6e-07,2.39e-06,3.83e-06,2.39e-06,0.0,4.8e-07,1.43e-06,1.91e-06,4.3e-06,1.91e-06,1.43e-06,2.87e-06,9.6e-07,4.8e-07,0.0,1.43e-06,2.39e-06,4.8e-07
pxEimPrae1,0.05037548,0.08716284,0.00184004,0.00375335,0.00398276,0.00149138,0.00377826,0.00254933,0.00289128,0.00347749,0.00060249,0.00116715,0.19511782,0.00674569,0.00125958,0.0025728,0.00264799,0.0001317,0.00090517,0.00043008,0.00143439,0.01076772,0.00051916,0.00061925,0.00050623,0.00092146,0.00018822,0.00313027,0.00042433,0.00028161,0.00017625,0.000625,0.00033046,0.00047941,0.00014655,1.437e-05,6.992e-05,0.00010967,0.00104262,0.00035105,0.00011973,0.00045977,0.0079205,0.00011015,1.533e-05,0.0003046,0.00049473,0.00014847,0.00015852,0.00095067,9.483e-05,0.00011494,0.00012739,0.00035393,0.0001772,1.916e-05,0.00012117,0.00014224,5.125e-05,6.274e-05,5.795e-05,0.00214751,0.00011111,0.00037404,0.00012069,0.00013458,0.00011303,0.00020354,1.82e-05,0.00014943,0.00011925,1.389e-05,0.00019732,0.00023803,0.00015086,3.448e-05,4.502e-05,6.513e-05,5.891e-05,6.849e-05,0.00180556,0.00036973,3.496e-05,0.00018918,0.00033812,0.00049713,8.142e-05,3.209e-05,0.00022318,0.00068247,9.818e-05,9.1e-06,0.000284,0.00019109,6.7e-06,0.00831657,7.519e-05,0.00012979,0.00036207,0.00017385,0.00028161,0.00017912,5.75e-06,1.102e-05,9.195e-05,4.837e-05,0.00092193,2.826e-05,0.00127059,0.00067529,4.406e-05,0.00019971,1.054e-05,0.00025335,6.561e-05,3.448e-05,0.00020833,1.102e-05,0.00013745,0.00181992,2.107e-05
qcStrAcum1,0.07005356,0.04252702,0.12186275,0.02930799,0.00207652,0.00307461,0.00620038,0.00650502,0.0688001,0.00343472,0.00635629,0.01228216,0.00711908,0.00036968,0.002967,0.00227212,0.0730703,0.00063128,0.00268914,0.00037255,0.00777427,0.00370875,0.00219751,0.0022946,0.00063558,0.00028264,0.00015878,0.00139359,0.00014873,0.00079723,0.0006198,0.00344381,0.00102774,0.08552846,6.552e-05,0.0001803,0.00012339,0.0008264,0.00032042,0.00081301,0.00157771,0.0001846,0.00046294,0.00033477,2.439e-05,7.365e-05,9.66e-05,0.00017169,2.248e-05,0.00025777,5.022e-05,0.00027116,0.00015734,9.039e-05,1.961e-05,0.00278718,6.456e-05,0.00024199,0.00015734,0.00014299,0.00046533,7.939e-05,0.00071593,0.00054376,2.343e-05,4.495e-05,8.321e-05,0.01358584,7.269e-05,8.56e-05,0.0001076,0.00024629,0.00033668,8.8e-05,0.00011478,0.00082927,0.00016595,0.00959063,3.443e-05,0.00024247,6.456e-05,0.00013343,0.0001143,0.00010473,0.00017886,0.00071449,7.843e-05,4.495e-05,3.3e-05,0.00068867,0.00016738,0.00011143,0.00012099,0.00010043,6.504e-05,0.0001253,7.413e-05,3.35e-06,0.00015925,0.00042755,6.169e-05,6.982e-05,7.078e-05,6.934e-05,5.643e-05,0.0002549,0.0003056,2.056e-05,0.00013104,0.00020995,0.00020995,0.0002946,5.978e-05,8.226e-05,0.00020564,6.361e-05,4.8e-07,5.069e-05,5.882e-05,5.117e-05,1.961e-05
qhLepNord3,0.00655385,0.0136472,0.10078889,0.00102824,0.00260507,0.0093954,0.00261896,0.02596793,0.00304452,0.262236,0.00073384,0.00023791,0.0017506,0.0003662,0.00023217,0.00025706,8.425e-05,0.0001709,0.00015606,0.00017999,0.00259694,0.00167018,0.00018143,0.0003619,0.00046912,3.782e-05,0.00026233,0.00108234,1.867e-05,0.00020775,9e-05,0.00015606,0.00029057,0.00018813,0.00024318,0.00043083,5.697e-05,3.925e-05,9.526e-05,7.133e-05,4.739e-05,3.351e-05,3.112e-05,4.739e-05,6.175e-05,2.154e-05,2.011e-05,7.18e-06,5.697e-05,0.00017281,2.393e-05,1.388e-05,0.00072618,7.085e-05,1.245e-05,0.00038344,0.00011728,1.532e-05,4.79e-06,4.26e-05,2.824e-05,4.165e-05,2.202e-05,4.31e-06,0.00010005,3.207e-05,3.399e-05,2.106e-05,2.393e-05,4.787e-05,8.664e-05,1.771e-05,9.1e-06,4.548e-05,0.00034849,5.74e-06,6.175e-05,8.14e-06,4.8e-07,5.026e-05,9.1e-06,3.973e-05,1.197e-05,4.452e-05,2.39e-06,4.883e-05,2.393e-05,1.58e-05,1.532e-05,6.22e-06,1.149e-05,9.57e-06,4.978e-05,3.159e-05,1.628e-05,2.441e-05,5.266e-05,2.393e-05,0.00021589,4.26e-05,3.782e-05,4.356e-05,7.18e-06,8.62e-06,2.393e-05,8.664e-05,4.117e-05,2.92e-05,9.57e-06,2.39e-06,3.542e-05,2.968e-05,2.776e-05,2.489e-05,0.00024414,1.532e-05,5.74e-06,0.0,6.22e-06,2.058e-05,3.83e-06
qqAmaFero1,0.46121182,0.00761143,0.00361623,0.0089097,0.00136503,0.00319212,0.0182123,0.01909894,0.00101105,0.00122526,0.03404803,0.00300817,0.01133429,0.00070653,0.00456676,0.00196254,0.00069885,0.05539529,0.00384678,0.00042843,0.00396254,0.00049039,0.00083237,0.00016571,0.00027426,0.00075937,0.00154035,0.00081508,8.646e-05,0.00043132,0.00014169,0.0101513,0.00022238,0.00013785,9.942e-05,8.117e-05,6.484e-05,0.00103842,0.00044861,0.00016571,0.00025985,0.0003074,0.00013449,0.00026705,1.777e-05,0.00023583,0.00018252,9.27e-05,4.611e-05,3.939e-05,5.764e-05,5.043e-05,0.00012536,0.00011143,0.00010951,0.000122,6.004e-05,3.362e-05,0.00052113,0.00013833,0.00018876,0.00054227,0.00015178,0.00030403,0.00010038,0.00110134,0.00010711,7.493e-05,0.00012104,5.187e-05,6.1e-05,0.00041643,0.00032661,3.65e-05,5.956e-05,5.331e-05,6.34e-05,9.894e-05,0.00024496,0.00022238,1.969e-05,8.886e-05,6.148e-05,7.637e-05,0.00017099,5.524e-05,0.00014505,9.51e-05,5.812e-05,4.419e-05,0.0004659,6.964e-05,0.00010711,2.305e-05,2.161e-05,1.441e-05,7.445e-05,2.498e-05,0.00027137,5.572e-05,6.868e-05,4.611e-05,1.441e-05,2.4e-06,1.921e-05,0.00011143,5.524e-05,0.00059078,8.357e-05,2.257e-05,0.00010903,8.549e-05,5.572e-05,4.755e-05,4.707e-05,0.00013112,4.515e-05,9.6e-07,0.00010327,4.755e-05,7.2e-06
qqArgBrue1,0.35293932,0.05347922,0.09411276,0.08030865,0.02207262,0.00600239,0.00281558,0.03414811,0.00226039,0.00681558,0.00105638,0.00046441,0.00693932,0.0082709,0.00174869,0.00142284,0.00021739,0.00043287,0.00206976,0.00209317,0.00097038,0.00076445,0.00150263,0.00046488,0.00029288,0.00146154,0.00015194,0.00062637,0.0002752,0.0003612,0.00017582,0.0012752,0.00025991,0.00065313,9.842e-05,7.023e-05,3.727e-05,7.883e-05,0.00012327,0.00084806,0.00032394,0.00031008,0.0045915,6.785e-05,1.003e-05,0.0001161,0.00020067,6.211e-05,0.00021118,0.00012757,1.768e-05,1.147e-05,0.00011992,0.00024654,7.931e-05,0.00074869,0.00018156,4.3e-05,0.00014811,0.00015098,0.00034353,0.00030769,0.00028571,0.00013951,0.00016149,0.01747922,0.00013521,2.246e-05,0.00031343,0.0001419,8.648e-05,4.491e-05,0.00018634,5.59e-05,2.15e-05,1.624e-05,3.106e-05,0.00010655,0.00058337,9.556e-05,1.338e-05,0.00010941,3.82e-06,0.0003182,0.0001677,4.634e-05,6.593e-05,0.00010033,0.00010702,1.529e-05,0.00019828,0.00013139,5.112e-05,3.297e-05,3.01e-05,3.774e-05,0.00010989,0.00012183,7.17e-06,8.887e-05,0.00027568,7.64e-06,6.641e-05,4.921e-05,0.00015337,0.00010559,0.00104682,0.00011753,3.058e-05,0.0001419,8.743e-05,0.00128285,4.778e-05,0.00021261,4.682e-05,4.539e-05,1.577e-05,1.003e-05,3.583e-05,1.242e-05,3.106e-05
qqMetBour1,0.45105225,0.00869895,0.00399808,0.00350384,0.10434564,0.00661985,0.004221,0.06134084,0.0023092,0.00336577,0.00178667,0.00082407,0.00490988,0.00166155,0.00175887,0.00426127,0.00026462,0.00108917,0.00386433,0.00091898,0.00563663,0.00048849,0.00127469,0.00024353,0.00090412,0.00072244,0.00069128,0.00052013,3.356e-05,0.00026654,0.00026654,0.00039358,0.00027709,0.00013806,0.00019223,3.979e-05,0.00021237,0.00012752,0.00027421,0.00028188,0.00013567,0.00013567,0.00056951,8.965e-05,6.71e-06,0.00021812,0.00013663,3.739e-05,3.02e-05,0.00025072,4.027e-05,3.26e-05,0.00112368,0.00010019,0.00016635,0.00048802,0.0001069,1.342e-05,0.00016347,0.0001232,0.00050719,7.574e-05,0.00013663,0.00061841,3.691e-05,0.00046309,0.00027565,0.00011074,6.71e-06,0.00025312,0.00017066,1.534e-05,0.00023442,0.00012128,6.28e-05,0.00018121,2.445e-05,1.151e-05,3.308e-05,0.00010019,9.636e-05,0.00024401,0.00011985,0.000721,0.0002047,6.711e-05,0.00011218,0.00013039,3.452e-05,4.314e-05,0.00023394,0.00163758,5.465e-05,5.27e-06,0.00026031,0.00024161,0.00070518,1.87e-05,0.0001836,0.00017114,1.055e-05,3.452e-05,4.075e-05,1.39e-05,0.00011505,7.095e-05,7.143e-05,3.595e-05,0.00096261,2.253e-05,5.225e-05,5.417e-05,6.951e-05,0.00012656,0.00011457,7.814e-05,6.855e-05,0.00015868,0.00011841,5.75e-06,8.15e-06
qqOdiSpin1,0.30255215,0.00480144,0.04172344,0.08305598,0.00291388,0.00474928,0.00229043,0.00874833,0.00144498,0.00077751,0.01540287,0.00073732,0.00592201,0.00036411,0.02059569,0.01894737,0.00031866,0.00017081,0.00561866,0.00013732,0.0042512,0.0007201,0.00023493,0.00031388,0.00023732,0.00012775,0.00089713,0.0047512,0.00014163,0.00056603,7.464e-05,0.00035407,0.00033206,0.0037866,2.105e-05,0.000189,0.00024354,0.0023201,0.00106938,0.00047703,0.00153923,0.0001866,0.00031962,0.00031196,1.627e-05,0.00015789,0.00031627,0.00034498,5.407e-05,4.402e-05,6.22e-05,0.00011866,0.00024833,0.00335742,0.00054354,0.00081435,0.00130239,3.541e-05,0.0003201,0.00138804,0.00297895,0.00020813,0.00012536,0.00260622,0.00022392,0.00023971,0.00046746,0.00092488,0.00065167,0.00182057,0.0003177,0.0001689,0.00014928,0.00033493,0.00044163,0.00345263,0.00028086,0.0001445,0.00014689,0.00019665,0.00066411,0.00094641,0.00021388,0.00052153,0.00041196,0.00032775,0.00022967,0.00075694,0.00051053,0.00153732,0.00037129,0.03238517,0.00045263,0.00042871,0.00013397,0.00041818,0.00100861,2.632e-05,0.00035598,0.00064402,0.00015263,0.00012344,4.689e-05,0.00021866,0.0005134,1.196e-05,0.0002555,0.00032775,0.00063636,0.00047943,9.809e-05,3.254e-05,0.00069474,0.00057321,3.971e-05,0.00030096,0.00107512,0.00022919,0.00221148,0.00020718,0.00013014
qqParLuna2,0.03137374,0.0292966,0.05417106,0.00269813,0.00897125,0.00682702,0.01072496,0.11931672,0.00978821,0.01964926,0.00135553,0.00070149,0.00131768,0.00161332,0.00063057,0.0007173,0.00067369,0.00206517,0.00048011,0.00257499,0.00211021,0.00376905,0.00016243,0.00053426,0.00140057,0.0001677,0.00017825,0.00018208,5.702e-05,0.00027887,0.00017489,0.00019502,0.00082127,0.00028654,0.00020843,2.731e-05,8.62e-06,6.325e-05,0.00013608,0.00013512,0.00016483,0.00017154,0.00010829,6.469e-05,5.75e-06,0.00010062,0.00020795,8.098e-05,6.469e-05,9.679e-05,1.965e-05,8.721e-05,0.00020268,0.00013033,3.498e-05,0.50405702,8.864e-05,7.571e-05,4.264e-05,0.00010685,6.66e-05,4.935e-05,0.00010781,0.000138,8.289e-05,0.00010925,1.437e-05,0.00011644,3.737e-05,0.00010637,8.816e-05,5.558e-05,7.714e-05,6.469e-05,8.098e-05,0.00015621,8.337e-05,4.121e-05,3.594e-05,3.115e-05,1.485e-05,4.312e-05,4.31e-06,5.51e-05,6.037e-05,5.031e-05,1.294e-05,6.229e-05,7.67e-06,1.342e-05,1.485e-05,6.229e-05,0.00011979,4.169e-05,2.923e-05,9.248e-05,3.929e-05,1.677e-05,5.319e-05,0.00014518,1.342e-05,3.115e-05,4.408e-05,1.725e-05,2.012e-05,4.264e-05,3.833e-05,5.127e-05,4.121e-05,7.954e-05,7.19e-06,3.258e-05,3.83e-06,2.779e-05,7.19e-06,1.773e-05,6.71e-06,9.6e-07,2.635e-05,2.683e-05,2.827e-05
qqTetMont2,0.09890483,0.04856385,0.04783644,0.0247671,0.00227116,0.00302869,0.02495505,0.09494978,0.01041989,0.0129077,0.01496222,0.00109995,0.00197083,0.00198231,0.00244668,0.00975897,0.00046628,0.00031946,0.00334385,0.00055332,0.00139837,0.00825108,0.00026734,0.00036872,0.00036538,0.00073458,0.00055428,0.00174749,7.365e-05,0.00025538,3.969e-05,0.00039933,0.00083692,0.0012836,0.00036107,2.87e-06,7.078e-05,6.217e-05,0.00015208,0.00022047,0.00023242,8.56e-05,5.643e-05,0.00223816,1.865e-05,0.00107126,0.00046246,8.082e-05,6.456e-05,0.00117551,0.00021043,4.161e-05,0.00016882,0.00039503,0.0001143,0.00012386,0.00021664,8.321e-05,0.00028025,8.752e-05,0.00010952,0.00016643,0.00057484,0.00014825,4.256e-05,0.00017743,0.00013056,0.00012769,4.687e-05,6.648e-05,7.843e-05,0.00013725,0.00115112,0.00022525,8.178e-05,0.0002023,0.00020947,0.00015638,1.435e-05,0.00017886,6.934e-05,0.00013773,3.204e-05,0.00030607,6.552e-05,0.00162936,0.00014108,2.391e-05,0.00017551,1.052e-05,0.00038259,0.00069488,0.00050693,4.448e-05,4.017e-05,0.0002133,7.939e-05,1.291e-05,0.0003032,0.00051172,0.00010856,2.296e-05,3.252e-05,3.922e-05,0.00014634,0.00043329,0.00025538,0.00024868,0.00076997,6.552e-05,9.708e-05,0.00022095,6.217e-05,0.00014634,2.582e-05,0.00018173,0.00010856,8.61e-06,0.00028503,2.2e-05,0.0002922
qxSacCarc1,0.20518343,0.00549377,0.00677011,0.00453784,0.00226533,0.01160536,0.09796887,0.09801437,0.02031801,0.00292193,0.00050383,0.01200287,0.0045613,0.0002045,0.00051916,0.00614464,0.00066188,0.00013841,0.00031466,0.00028352,0.0009387,0.00223994,0.00018918,0.00115038,0.00029358,0.00056849,0.00012787,0.00040326,4.262e-05,0.00015469,0.00010967,0.0001499,0.00033908,0.0005273,9.914e-05,5.603e-05,0.00016379,9.962e-05,0.00153927,0.00010441,0.00022318,0.00019684,9.866e-05,7.711e-05,5.939e-05,0.00010153,0.00035872,0.00011446,0.0007318,6.609e-05,0.00012692,3.4e-05,0.0001523,0.00012548,2.395e-05,9.579e-05,0.00014224,3.448e-05,0.00036973,1.964e-05,0.0001772,0.00027299,0.00025,5.125e-05,0.00482567,0.00057998,2.73e-05,1.437e-05,3.879e-05,9.052e-05,5.556e-05,2.347e-05,7.807e-05,5.603e-05,7.184e-05,0.00010489,0.00018391,4.885e-05,1.868e-05,7.423e-05,5.316e-05,8.19e-05,1.149e-05,7.615e-05,0.00011351,3.161e-05,1.245e-05,9.243e-05,9.339e-05,0.00016188,0.00010824,4.119e-05,5.125e-05,7.711e-05,9.58e-06,5.412e-05,0.00010297,0.00017337,0.00010489,0.00070929,0.00016188,9.531e-05,2.826e-05,2.73e-05,6.034e-05,0.00012739,6.37e-05,7.807e-05,2.634e-05,6.944e-05,5.125e-05,6.274e-05,7.663e-05,0.00047031,0.00028736,0.00013506,1.724e-05,1.58e-05,6.13e-05,2.011e-05,5.27e-06
rZooViv1,0.04302723,0.27124654,0.01756617,0.00069709,0.0011333,0.00096178,0.00432107,0.00175251,0.00540516,0.00978643,0.03657334,0.00258098,0.00311371,0.00084233,0.00091161,0.00145819,0.00038414,0.00049116,0.0002494,0.02102819,0.00095079,0.0009054,0.00083134,0.00110989,0.0001376,0.00012852,0.00023889,0.00025084,0.00020258,0.00067654,0.00069852,0.00066316,0.00018825,0.00011515,6.737e-05,6.88e-05,1.577e-05,5.017e-05,0.00017439,0.0006087,6.785e-05,6.976e-05,0.00011037,0.00018681,1.433e-05,3.201e-05,8.027e-05,4.396e-05,7.167e-05,0.00017774,7.023e-05,6.88e-05,0.00030339,9.412e-05,6.068e-05,4.348e-05,6.02e-05,0.00017678,0.00027425,3.631e-05,1.959e-05,9.938e-05,0.00430483,8.839e-05,5.972e-05,0.00025179,2.341e-05,8.696e-05,2.293e-05,3.536e-05,5.208e-05,0.00048017,5.829e-05,0.00048686,9.46e-05,5.781e-05,7.979e-05,0.00037172,1.863e-05,0.00032537,0.00014238,5.017e-05,0.00014047,6.976e-05,3.583e-05,5.781e-05,6.88e-05,5.26e-06,2.532e-05,0.00012518,0.00029193,2.341e-05,4.204e-05,4.826e-05,0.0001548,7.358e-05,1.147e-05,2.628e-05,0.00010463,9.89e-05,3.774e-05,8.887e-05,0.0001806,1.577e-05,5.829e-05,0.00014142,0.00018729,7.64e-06,3.631e-05,7.17e-06,4.109e-05,0.00016722,4.348e-05,1.386e-05,1.338e-05,3.44e-05,9.08e-06,6.21e-06,4.3e-06,1.481e-05,0.0
sRajBra1,0.20227172,0.30544839,0.01152856,0.00445319,0.00099568,0.0013807,0.00245991,0.01620259,0.00086606,0.00269563,0.00857993,0.00146423,0.01481853,0.018723,0.03220691,0.00095103,0.00369659,0.00020115,0.0016313,0.00065675,0.00025204,0.00056649,0.00017091,0.00037734,0.00024004,0.00024484,0.00032597,0.0002482,0.00019923,0.0005036,0.0002434,0.00143351,0.000482,0.00014354,6.145e-05,7.777e-05,0.00022084,0.00014738,6.049e-05,0.00082813,0.00257993,0.00063754,5.953e-05,0.00016275,2.016e-05,8.593e-05,6.673e-05,8.593e-05,9.265e-05,0.00010802,3.553e-05,0.00104465,0.00015266,0.00013826,0.00057465,5.089e-05,0.00039462,0.00017139,0.00046183,5.905e-05,0.00018387,0.00016467,0.00038166,0.00011762,5.233e-05,0.00011234,7.153e-05,0.00016323,9.458e-05,7.057e-05,8.977e-05,8.353e-05,6.577e-05,0.00011234,0.00043591,2.784e-05,5.569e-05,8.401e-05,1.104e-05,0.00023668,0.00029813,7.153e-05,4.081e-05,0.0002794,0.0001181,0.00036774,0.0002242,1.68e-05,1.776e-05,0.00012674,3.985e-05,8.353e-05,4.753e-05,4.225e-05,4.753e-05,9.842e-05,6.481e-05,3.985e-05,4.081e-05,0.00024484,3.12e-05,1.92e-05,8.833e-05,6.961e-05,0.00013778,5.089e-05,0.00024964,0.00019347,0.0001013,4.081e-05,2.112e-05,0.00030389,4.033e-05,3.745e-05,5.28e-06,5.137e-05,1.92e-06,1.92e-05,0.00018675,5.28e-06,2.064e-05
tnLinLong1,0.0231833,0.0179333,0.00181814,0.38802399,0.12863676,0.00076823,0.0011977,0.05648656,0.00055278,0.00408973,0.00087428,0.0007572,0.00203311,0.00127975,0.00082102,0.00103407,0.00219146,8.253e-05,0.00078407,0.00033301,0.00011996,0.01109309,6.814e-05,0.00035845,0.00012332,0.0253858,9.309e-05,0.00029942,0.0001406,0.00013868,9.357e-05,0.00011132,0.00016363,0.07051008,3.551e-05,6.478e-05,5.95e-05,9.357e-05,0.00010173,0.00037524,5.47e-05,7.438e-05,3.311e-05,0.00014155,1.871e-05,6.766e-05,0.00085269,8.349e-05,0.00010077,0.00016651,0.00017562,7.534e-05,0.00015547,0.00025288,0.00028119,3.407e-05,6.862e-05,6.91e-05,0.00022553,0.00016219,0.00043858,0.0001262,7.102e-05,3.407e-05,0.00010077,8.205e-05,5.902e-05,5.566e-05,7.486e-05,0.00013196,0.00012428,7.102e-05,0.00023464,0.00010029,0.00010749,3.071e-05,0.00010845,3.743e-05,1.679e-05,0.00057054,2.399e-05,0.00015163,3.359e-05,2.543e-05,6.958e-05,3.359e-05,3.167e-05,0.00013868,4.655e-05,0.00010077,3.647e-05,3.455e-05,5.662e-05,1.056e-05,0.00013148,0.00022457,0.00045058,2.879e-05,3.839e-05,0.00014539,2.783e-05,5.902e-05,7.68e-06,1.104e-05,9.981e-05,2.255e-05,0.00016603,4.415e-05,0.00010749,2.447e-05,2.88e-06,8.16e-06,0.00010557,7.917e-05,7.68e-06,7.39e-05,2.495e-05,9.6e-07,6.862e-05,0.00015883,5.28e-06
tzBugNeri2,0.02536542,0.21060872,0.02851102,0.01375527,0.01260153,0.03161877,0.00273324,0.00957088,0.05580603,0.04670929,0.02650575,0.0005364,0.01110249,0.00172749,0.000534,0.00053448,0.00038793,0.01780556,0.11212739,0.0018046,0.00613649,0.00141954,0.00080843,0.00053784,0.00508429,0.00021791,0.00182663,0.02187883,0.00030508,0.00011973,0.00027586,9.435e-05,0.00012021,0.00056034,0.00054885,0.0001001,3.831e-05,0.00012452,0.00037404,0.00058046,0.00012069,3.305e-05,0.06412308,0.0011092,7.66e-06,0.00049856,6.657e-05,0.00013841,2.251e-05,0.00025814,4.406e-05,2.682e-05,0.00014176,0.00534243,0.00014128,4.023e-05,0.00012261,6.034e-05,0.00017625,5.46e-05,2.586e-05,7.615e-05,0.00012213,0.00085872,4.693e-05,2.969e-05,3.35e-06,0.00014416,2.107e-05,0.00050527,2.395e-05,4.741e-05,3.4e-05,4.741e-05,5.412e-05,6.23e-06,0.00019732,5.891e-05,8.573e-05,3.352e-05,2.874e-05,0.00018391,6.609e-05,2.874e-05,7.759e-05,0.00014224,2.203e-05,2.443e-05,9.818e-05,0.00012213,1.197e-05,7.66e-06,0.00114272,0.00016236,1.724e-05,5.077e-05,2.874e-05,0.00208908,0.00016188,0.00012883,0.02069828,0.0001001,7.663e-05,1.724e-05,0.00017098,0.00010489,0.00014607,4.646e-05,2.682e-05,1.389e-05,2.203e-05,1.628e-05,1.149e-05,1.916e-05,1.054e-05,2.778e-05,7.998e-05,1.437e-05,1.92e-06,3.496e-05,8.14e-06
tzBugStol2,0.0266606,0.04147966,0.00157444,0.00186501,0.2789057,0.00120153,0.0024045,0.00145428,0.00141072,0.00489325,0.00146242,0.00167831,0.13842173,0.00047104,0.00256295,0.00160843,0.00129679,0.00061321,0.00031307,0.00041407,0.00021972,0.00099617,0.00106223,0.00048396,0.00044567,0.00126424,0.00145237,0.00239253,5.74e-06,0.00043657,0.00020153,0.00013978,7.803e-05,0.00010101,0.00011058,2.872e-05,0.0003394,0.0015572,5.936e-05,0.00012207,5.601e-05,0.0001977,0.00029871,0.00041982,3.925e-05,0.00105218,0.0001776,0.00866683,0.00019579,0.00237961,6.462e-05,4.691e-05,0.00057875,0.00029536,4.835e-05,5.792e-05,0.00012303,9.382e-05,2.92e-05,0.00014744,0.00733317,0.00013643,0.00010005,0.00036764,0.00016754,0.00061991,0.0002068,0.00048779,0.00038727,0.00017042,2.393e-05,1.388e-05,0.00021972,0.00096601,4.835e-05,0.00022164,0.0004562,0.00014074,0.00103447,0.00017712,0.00058784,0.0003528,0.00014265,0.00028243,4.787e-05,4.5e-05,1.867e-05,4.643e-05,0.00022595,3.447e-05,0.00058305,8.473e-05,6.606e-05,0.00043705,0.00011202,9.574e-05,0.0001259,2.824e-05,0.00087171,9.861e-05,0.00011297,3.447e-05,3.35e-06,4.787e-05,0.00010819,6.175e-05,0.01921924,4.31e-06,3.064e-05,4.213e-05,2.776e-05,0.00033652,1.532e-05,0.00029775,0.00019435,4.26e-05,1.44e-06,4.787e-05,0.00012877,7.18e-06,3.877e-05
tzCryPall5,0.19792507,0.11198223,0.00218972,0.00064505,0.00096926,0.00317771,0.09139481,0.00524976,0.03828146,0.03724352,0.00069789,0.00794957,0.0252853,0.00017147,0.00070797,0.00091066,0.00404899,0.00018444,0.00021854,0.00025312,0.00048463,0.10445101,0.00010327,0.01087272,0.00038329,5.764e-05,7.973e-05,0.00071902,0.00011431,0.00019885,0.00014986,0.00016282,0.00211816,0.00011191,0.00015658,7.925e-05,0.00047743,0.00024736,0.00014073,0.00012248,7.925e-05,0.00017531,3.939e-05,8.357e-05,7.973e-05,0.00010183,0.00048415,4.131e-05,0.00099424,0.00029635,0.00069741,0.00036215,0.00014457,5.283e-05,3.218e-05,0.00083477,0.0001633,6.58e-05,0.00011239,6.292e-05,9.99e-05,0.00576369,0.00011431,0.00018156,0.00050961,0.00018924,3.65e-05,0.00097743,5.62e-05,3.987e-05,8.838e-05,8.934e-05,0.00014025,5.043e-05,4.131e-05,0.00071758,0.00013256,3.89e-05,6.916e-05,9.03e-05,7.68e-06,0.00016475,4.371e-05,2.93e-05,3.122e-05,0.00021662,0.00011527,1.729e-05,2.834e-05,0.00029731,5.86e-05,2.257e-05,0.00039433,0.00016715,2.4e-06,8.838e-05,1.44e-06,7.877e-05,4.371e-05,2.354e-05,2.978e-05,3.842e-05,2.88e-06,0.0001902,3.698e-05,7.493e-05,0.00617771,8.838e-05,3.362e-05,2.69e-05,7.012e-05,4.035e-05,0.00014073,5.76e-06,0.00169885,8.982e-05,1.681e-05,2.4e-06,7.2e-06,0.00022911,1.729e-05
tzMemMemb1,0.25026054,0.29487021,0.0025067,0.0080886,0.02664368,0.00168295,0.01356992,0.01510824,0.00177155,0.00252347,0.00891044,0.00238506,0.02344157,0.00125335,0.00185249,0.00102443,0.03176149,0.00020019,0.00083956,0.00033429,0.00070833,0.09468726,0.00017146,0.00054885,0.00015182,0.00169636,0.000909,0.00084387,0.00031322,0.00031322,0.0001863,0.00013362,0.01342193,0.00558573,4.885e-05,7.998e-05,0.00014847,0.00016044,0.00025766,0.00078113,0.0001499,0.00019061,0.00063027,0.00058716,8.62e-06,7.998e-05,0.00011446,4.885e-05,3.4e-05,0.00018295,0.00051772,6.657e-05,0.00039607,0.00203161,8.621e-05,4.262e-05,9.818e-05,0.00011734,0.00088697,3.448e-05,0.00011351,9.148e-05,0.000159,0.00014224,0.00116762,0.00104167,3.161e-05,0.00027107,1.724e-05,0.00024138,8.429e-05,3.257e-05,5.747e-05,0.00032615,5.843e-05,1.772e-05,0.00047126,0.00011734,3.975e-05,6.944e-05,2.155e-05,5.077e-05,1.341e-05,0.00078161,3.352e-05,0.00015613,1.102e-05,5.46e-05,0.00026533,5.603e-05,0.00016619,6.274e-05,0.00070977,3.736e-05,2.969e-05,0.00030172,1.437e-05,0.00011446,9.962e-05,0.00013602,0.00032184,9.531e-05,2.586e-05,5.077e-05,3.544e-05,0.00012931,4.454e-05,0.00015805,4.262e-05,0.00013506,0.00012596,0.00053448,1.245e-05,3.35e-06,1.772e-05,2.107e-05,4.8e-07,1.58e-05,3.784e-05,4.79e-06,4.8e-07
tzWatSuba1,0.17223254,0.14611579,0.00236459,0.00127608,0.19784211,0.00562536,0.00514306,0.00565789,0.10722679,0.07655885,0.00075263,0.00201292,0.0684933,0.00122823,0.0029689,0.0019445,0.02430287,0.00023541,0.00045167,0.00041053,0.00159282,0.00080048,0.00024833,0.0019689,0.00176938,0.00011962,8.038e-05,0.00044737,0.0002244,0.00021579,0.00024689,0.00015502,0.00040574,0.00012632,0.00019952,0.000111,4.211e-05,0.00016699,0.00032392,0.00010431,0.00012105,0.00013254,0.00040287,8.612e-05,4.498e-05,0.00019665,0.00012057,4.689e-05,3.014e-05,0.00010287,0.00022201,7.416e-05,8.278e-05,0.00011866,5.263e-05,0.00051866,0.00019761,0.0006311,0.00010813,5.598e-05,6.651e-05,0.00022727,3.876e-05,0.00012919,4.45e-05,0.00018278,5.215e-05,0.0073756,0.00055981,5.12e-05,3.349e-05,2.44e-05,5.694e-05,5.598e-05,2.679e-05,0.00026172,0.00010431,2.392e-05,8.421e-05,5.359e-05,0.00017177,0.00010813,4.354e-05,0.00013397,5.742e-05,2.679e-05,1.531e-05,2.39e-06,7.177e-05,6.842e-05,4.545e-05,7.225e-05,0.00010574,4.976e-05,1.005e-05,0.00019713,4.88e-05,2.775e-05,3.971e-05,4.641e-05,0.00011388,4.545e-05,9.187e-05,2.344e-05,1.292e-05,4.019e-05,0.00019426,5.789e-05,0.00012871,5.694e-05,6.507e-05,2.488e-05,5.981e-05,3.062e-05,0.00017656,2.201e-05,9.57e-06,4.163e-05,2.584e-05,4.306e-05,1.91e-06
ucDunPrim2,0.02143076,0.0084298,0.03183469,0.02669909,0.2571725,0.00370388,0.00166172,0.00154768,0.07526881,0.07981888,0.00951605,0.00036033,0.00399185,0.03212314,0.00100192,0.0010139,0.00043268,0.00689746,0.02247293,0.00024054,0.00023047,0.0006229,0.00020029,0.17183134,0.03549018,0.00027024,0.00063009,0.00046191,7.475e-05,0.00031049,0.00037518,9.727e-05,0.000207,0.00087638,0.00028606,0.00020795,6.996e-05,2.06e-05,0.0001035,0.00072017,0.00010062,9.919e-05,0.00198131,7.571e-05,9.535e-05,0.0001035,3.258e-05,4.169e-05,1.725e-05,0.00014518,2.587e-05,1.725e-05,8.05e-05,0.00031433,3.737e-05,5.462e-05,2.348e-05,6.756e-05,7.427e-05,2.06e-05,0.00015093,5.846e-05,0.0001701,0.00016962,3.45e-05,4.217e-05,3.115e-05,4.887e-05,4.36e-05,5.702e-05,4.121e-05,0.00024149,6.277e-05,0.00024102,1.342e-05,1.869e-05,0.00011835,3.881e-05,2.683e-05,2.156e-05,8.433e-05,9.296e-05,0.00013273,0.00026162,1.006e-05,3.785e-05,1.629e-05,0.00018064,2.587e-05,0.00016195,4.073e-05,1.342e-05,1.869e-05,1.965e-05,0.00013896,4.217e-05,2.492e-05,0.00012746,1.677e-05,0.00011644,6.037e-05,4.983e-05,9.1e-06,1.92e-06,4.36e-05,1.581e-05,0.00020029,1.294e-05,1.15e-05,1.581e-05,2.396e-05,7.667e-05,1.294e-05,3.258e-05,1.054e-05,2.06e-05,8.146e-05,4.696e-05,3.21e-05,8.15e-06,9.6e-07
ucMarCocc1,0.00454746,0.0290815,0.00640988,0.1018557,0.00142905,0.00072579,0.00207143,0.0011721,0.00123538,0.00413231,0.00179338,0.00027085,0.00036817,0.00026079,0.00020134,0.00019799,0.0001558,9.156e-05,0.00070805,0.00027277,0.00019271,0.00033317,0.00010882,0.00053404,0.00019511,0.00029434,0.000814,4.41e-05,5.129e-05,0.00011793,4.123e-05,0.0001069,9.54e-05,0.00041323,2.637e-05,9.779e-05,1.822e-05,3.5e-05,2.733e-05,7.143e-05,4.554e-05,3.691e-05,2.924e-05,7.143e-05,9.59e-06,3.02e-05,1.678e-05,4.41e-05,5.27e-06,8.245e-05,3.835e-05,0.00011026,4.554e-05,3.595e-05,4.602e-05,4.554e-05,1.246e-05,1.39e-05,3.308e-05,7.478e-05,3.979e-05,1.87e-05,2.972e-05,1.534e-05,3.84e-06,8.15e-06,1.582e-05,2.637e-05,4.79e-06,1.438e-05,1.918e-05,2.4e-06,1.007e-05,1.534e-05,0.42551294,1.63e-05,1.151e-05,1.198e-05,1.965e-05,5.753e-05,3.068e-05,2.253e-05,5.75e-06,2.4e-06,1.87e-05,1.151e-05,2.924e-05,5.75e-06,5.081e-05,2.589e-05,3.84e-06,8.15e-06,1.87e-05,5.27e-06,2.4e-06,2.589e-05,1.44e-06,2.828e-05,3.452e-05,2.301e-05,1.151e-05,1.055e-05,8.15e-06,0.0,2.109e-05,1.294e-05,9.11e-06,9.11e-06,1.246e-05,4.267e-05,1.342e-05,5.75e-06,1.39e-05,1.342e-05,9.59e-06,2.301e-05,0.0,1.92e-06,6.71e-06,9.59e-06,9.6e-07
ucPycProv1,0.02142878,0.04513193,0.01322897,0.01699331,0.00499283,0.00286998,0.00733174,0.00312763,0.00082409,0.02531549,0.0031152,0.00474283,0.03331836,0.00108461,0.10948662,0.00074522,0.00310899,0.00068308,0.0044804,0.00037428,0.00105019,0.00079493,0.0002022,0.00046702,9.034e-05,0.00021367,0.00051816,0.00085899,2.199e-05,0.00025621,0.00034226,0.00016252,0.00030593,0.00227868,0.00037859,0.00012906,9.512e-05,0.0035153,0.00017782,0.00028011,0.00019216,0.00043642,6.119e-05,0.00015488,0.00018786,0.00016444,8.6e-06,0.00014914,0.00032218,0.00011233,0.00046989,0.00040822,0.0001262,0.00010612,8.317e-05,0.00010755,0.0003456,0.00027533,0.000424,0.00038098,0.00030019,6.883e-05,0.00027342,0.00011998,8.795e-05,7.792e-05,6.931e-05,0.00049904,4.446e-05,0.00028776,9.56e-05,0.00011902,2.294e-05,0.00017878,0.00038289,2.438e-05,0.00025956,0.00021367,0.00021319,3.728e-05,6.692e-05,4.398e-05,4.541e-05,1.243e-05,2.82e-05,2.772e-05,5.593e-05,0.00104302,0.0001348,0.34300956,0.00011616,4.685e-05,0.00019837,0.00022801,0.00012046,7.839e-05,6.644e-05,8.6e-06,2.82e-05,0.00018977,1.243e-05,5.736e-05,5.736e-05,4.78e-05,2.868e-05,5.545e-05,8.939e-05,0.00020507,3.346e-05,7.792e-05,5.26e-06,0.00024379,2.533e-05,1.147e-05,5.26e-06,0.00010229,1.291e-05,3.155e-05,3.203e-05,2.87e-06,1.147e-05
wcApoIcte1,0.35872797,0.02658764,0.02593247,0.05624377,0.03137883,0.00665709,0.00295067,0.0229842,0.00360153,0.00191284,0.00155364,0.00171456,0.15011877,0.03484914,0.00125287,0.00191619,0.00063218,0.00125479,0.00288793,0.00497222,0.00118966,0.003534,0.00037213,0.00085249,0.00016092,0.00052347,0.00098851,0.00036398,8.19e-05,0.00054646,5.651e-05,7.567e-05,0.00070785,0.00057902,0.00027778,9.1e-05,0.00029358,0.00347079,0.00025096,0.00025623,0.00018199,0.00106561,0.00021695,0.00014559,2.203e-05,0.0008817,0.00040757,0.00079406,4.215e-05,0.00030364,8.573e-05,0.00010201,0.00090278,0.00026389,0.00014416,0.00022222,0.00014176,0.0047045,0.0002567,0.00253927,8.094e-05,5.172e-05,0.00018582,8.094e-05,4.454e-05,0.00014847,0.00013075,4.981e-05,2.921e-05,0.00020642,0.00029693,6.23e-06,9.58e-06,5.556e-05,0.00015948,0.00014511,0.0001183,3.065e-05,0.00023467,0.00022126,0.00022941,0.00093726,6.082e-05,8.956e-05,9.722e-05,6.753e-05,0.0005795,9.195e-05,0.00028831,0.00045354,5.651e-05,0.0001159,9.1e-05,0.00112356,1.293e-05,0.0002251,0.00013985,1.58e-05,0.0006772,6.657e-05,5.27e-06,3.209e-05,2.443e-05,6.7e-06,6.418e-05,9.866e-05,0.00013985,0.00019732,2.251e-05,1.58e-05,3.736e-05,3.784e-05,3.83e-06,2.969e-05,6.178e-05,3.257e-05,2.826e-05,1.006e-05,6.801e-05,7.902e-05,0.0
wcLumRube1,0.03317938,0.00638225,0.00747914,0.04679904,0.0018259,0.01404604,0.00268729,0.09894245,0.0025247,0.00258609,0.00098225,0.00145851,0.29232806,0.00098417,0.00101295,0.00147002,0.00053429,0.00037026,0.00439424,0.00245132,0.00330072,0.00089017,0.00189209,0.0003271,0.0031012,0.00164365,4.7e-05,0.00161966,4.077e-05,0.00054197,0.00017314,0.00019616,0.00037314,0.00104892,8.489e-05,3.981e-05,5.324e-05,0.00053717,0.00019472,0.00012758,0.00038609,7.386e-05,0.00035635,0.00013909,8.63e-06,0.00011703,8.537e-05,0.00032038,7.19e-06,0.00016739,6.954e-05,4.46e-05,0.000247,0.00015971,5.036e-05,0.00052854,0.00012614,0.00011942,0.00018369,4.748e-05,0.00015971,6.954e-05,0.00030743,0.00015204,0.00072278,0.00082158,5.276e-05,2.254e-05,1.583e-05,9.257e-05,7.05e-05,4.32e-06,0.00027098,7.962e-05,3.741e-05,2.686e-05,6.283e-05,6.139e-05,7.338e-05,0.00011607,2.014e-05,5.707e-05,0.00012806,0.00069544,2.542e-05,7.19e-06,0.00019185,0.0,0.00017602,5.132e-05,7.818e-05,0.00058417,9.736e-05,1.871e-05,0.00070743,5.755e-05,4.125e-05,7.434e-05,5.132e-05,4.029e-05,0.00019856,9.88e-05,3.741e-05,5.76e-06,0.00012422,7.818e-05,4.269e-05,0.00034293,0.00062062,9.736e-05,0.0003717,2.014e-05,2.254e-05,5.851e-05,0.0003482,5.995e-05,9.11e-06,2.35e-05,8.63e-06,1.871e-05,0.0
wcLumTerr1,0.31115352,0.00403061,0.02687422,0.04196461,0.15724008,0.00344046,0.01623338,0.0591143,0.0024022,0.00192444,0.00146198,0.00042276,0.17846007,0.00058345,0.00198231,0.00482209,0.00059015,0.0004132,0.00127738,0.00034003,0.00192348,0.00041989,9.134e-05,0.00024199,0.00026734,0.0002066,0.00089287,0.00102678,0.00014347,0.00054472,7.269e-05,0.00013199,0.0017494,0.00035772,0.00035677,0.00010665,6.169e-05,0.0002176,0.0002922,0.00031038,0.00017264,0.0002439,7.221e-05,0.00014156,1.1e-05,0.00021808,0.00014538,8.8e-05,4.161e-05,0.00013486,9.09e-06,1.53e-05,0.00010234,0.00027499,5.835e-05,0.00020995,8.56e-05,0.00086992,0.00010378,7.556e-05,0.00013725,6.743e-05,0.00010713,3.874e-05,9.039e-05,0.0001186,6.169e-05,0.00016643,1.291e-05,0.00016069,0.00015208,2.104e-05,7.7e-05,9.374e-05,2.582e-05,3.73e-05,3.396e-05,5.5e-05,0.00022621,3.969e-05,9.947e-05,3.109e-05,5.643e-05,0.00026781,0.00016595,4.83e-05,0.00037781,9.804e-05,0.00010665,1.004e-05,0.00011239,0.00018317,0.00012004,8.847e-05,3.348e-05,6.839e-05,4.161e-05,1.53e-05,0.00059015,2.104e-05,4.113e-05,4.83e-05,4.304e-05,9.09e-06,7.317e-05,2.439e-05,8.608e-05,0.00016834,0.00011191,9.374e-05,9.56e-06,1.243e-05,5.739e-05,6.121e-05,7.126e-05,0.00016547,5.691e-05,1.913e-05,3.109e-05,2.63e-05,1.43e-06
wdMagJohn1,0.10277592,0.18560296,0.01992308,0.08565552,0.00742045,0.01882131,0.00362207,0.06312518,0.01451409,0.00799427,0.01299713,0.05236073,0.00680554,0.00029909,0.0018452,0.00197707,0.00127281,0.16265934,0.00238127,0.00020784,0.00137936,0.00678118,0.0002924,0.00063784,0.00512088,0.00035499,0.00033063,0.00089154,0.00015624,0.00071524,0.00106976,9.556e-05,0.01208457,0.00063736,0.00047348,3.058e-05,2.962e-05,0.00019732,0.00012327,0.00236216,0.00041042,9.747e-05,0.00191209,0.00628046,9.6e-07,0.0001677,7.979e-05,0.00010225,0.00013187,0.01245007,0.00039847,3.392e-05,0.00014955,0.00111658,0.00036312,0.00014286,5.542e-05,6.45e-05,6.211e-05,0.00017057,7.406e-05,0.00015767,0.00047253,0.00011801,6.402e-05,8.648e-05,5.733e-05,0.00053559,2.102e-05,0.0148065,0.00011228,2.198e-05,0.00033445,0.00038796,0.00029909,1.72e-05,0.00037315,0.00010511,7.692e-05,2.914e-05,2.102e-05,8.648e-05,0.00071763,6.211e-05,3.44e-05,0.00016484,0.00022169,3.44e-05,5.781e-05,8.935e-05,0.00069852,0.00011562,0.00031964,6.498e-05,3.488e-05,0.00016101,4.013e-05,6.689e-05,3.727e-05,0.00014381,0.00023316,0.00020162,2.87e-06,2.723e-05,0.00027329,2.293e-05,0.00026756,5.733e-05,0.00017152,6.307e-05,1.386e-05,8.887e-05,3.822e-05,4.157e-05,7.17e-06,0.00016579,0.00015098,2.293e-05,9.317e-05,4.682e-05,4.8e-07
wkErpOcto2,0.03970749,0.02348319,0.12869693,0.0028463,0.01910807,0.01577618,0.00790826,0.00236455,0.00195005,0.0041585,0.01075744,0.00290826,0.01969164,0.00051873,0.00054515,0.00115082,0.00170893,0.07310086,0.00105187,0.00091114,0.00704179,0.00054131,0.00044044,0.00060615,0.00058165,8.069e-05,0.00150624,0.02287224,0.00024111,0.00198895,0.00018732,0.00012632,0.00013785,0.00034534,0.00014313,7.925e-05,4.515e-05,0.00015178,0.00018636,0.00020317,0.00059846,0.00019549,0.00093612,0.00068828,8.65e-06,0.00027137,3.602e-05,0.00417243,7.2e-06,0.00023919,0.00020413,0.00033333,0.00018492,0.00056772,0.00028818,0.00028963,1.729e-05,0.00208886,0.00010231,0.00016282,0.00019597,2.978e-05,0.00162728,0.00013737,3.266e-05,7.061e-05,3.65e-05,0.0006489,2.065e-05,0.00168252,2.065e-05,6.24e-06,0.00013641,0.00013353,0.00029587,0.0003487,6.58e-05,0.00039385,4.371e-05,0.00049616,0.00016619,0.00047695,0.00078674,0.00028146,8.646e-05,0.00023679,4.659e-05,9.99e-05,9.318e-05,9.318e-05,1.681e-05,8.17e-06,0.00026225,0.00013977,0.00978386,3.41e-05,5.764e-05,0.00089914,2.209e-05,7.781e-05,0.00044909,0.00013353,0.00021037,2.257e-05,8.79e-05,8.598e-05,0.00012392,0.00011431,0.00013112,1.441e-05,1.441e-05,2.065e-05,6.72e-06,2.882e-05,4.563e-05,6.24e-06,1.009e-05,7.2e-06,5.235e-05,3.65e-05,7.2e-06
wpAchSqua1,0.26554602,0.35801774,0.00860403,0.00150048,0.00404027,0.00196309,0.00199952,0.01880537,0.00720997,0.00270134,0.00253643,0.0373255,0.01655992,0.00038303,0.00113519,0.00071237,0.01183845,0.00401151,0.00052637,0.00141611,0.00048562,0.0045652,0.0002627,0.00138111,0.00041227,0.00016107,0.00021237,0.00089022,8.198e-05,0.0021534,0.00267018,0.00016347,0.00027613,0.00012464,0.00016299,0.00010163,3.212e-05,0.00013087,7.862e-05,0.00014669,0.0002023,0.00021285,0.0001117,0.00017641,9.11e-06,0.00013902,9.204e-05,0.00014813,4.362e-05,0.00058198,0.0003255,0.00090125,0.00019367,0.00017833,2.876e-05,9.588e-05,0.00031735,0.00169703,0.00015388,5.944e-05,0.00010786,0.00156136,0.00017066,0.00013471,7.191e-05,0.00023873,5.753e-05,0.00099664,2.445e-05,5.465e-05,2.78e-05,3.643e-05,0.00013806,0.00039837,0.0001745,0.00010115,4.362e-05,6.616e-05,1.486e-05,3.739e-05,0.00048706,2.013e-05,0.00019223,8.437e-05,9.396e-05,0.00021093,4.986e-05,1.63e-05,0.00010642,0.00011314,0.00012943,6.711e-05,1.246e-05,5.75e-06,3.643e-05,5.273e-05,2.88e-06,1.438e-05,0.00015964,6.999e-05,2.445e-05,0.00025503,0.00021381,5.896e-05,9.012e-05,0.0001558,6.807e-05,6.855e-05,3.739e-05,0.00011841,2.205e-05,5.801e-05,6.376e-05,5.081e-05,0.000128,2.013e-05,9.348e-05,6.71e-06,3.068e-05,0.00021381,6.71e-06
wpAleGela1,0.04802152,0.07084553,0.01270588,0.0042133,0.00559302,0.00139024,0.00663893,0.020912,0.00105548,0.01415591,0.00385653,0.00492492,0.01569632,0.00102343,0.00199761,0.00063271,0.03768341,0.01626686,0.00068436,0.00073553,0.0004945,0.00076375,0.00031516,0.00043855,0.00040603,0.00042181,0.00034242,0.00047537,6.074e-05,0.00080775,0.00034481,0.00052559,0.00042037,0.00039933,9.852e-05,0.00014969,0.0001076,0.00028264,0.00012912,0.00047824,0.00038498,9.947e-05,8.847e-05,0.00015973,1.91e-06,0.00032759,0.00018508,6.313e-05,0.00021138,0.00036346,0.00022429,0.00020469,0.00035055,0.00027594,4.017e-05,9.708e-05,0.00021234,0.55953993,0.00015591,0.00018221,0.00011526,0.00010426,0.00035103,7.843e-05,0.00021616,0.00010378,0.00027594,0.00316786,0.00012052,0.00014969,0.00017504,0.00015878,5.548e-05,0.00013582,0.00014586,3.587e-05,6.839e-05,0.00015495,6.934e-05,0.00015734,0.0001253,8.895e-05,8.8e-05,0.00020564,7.891e-05,0.00016451,2.63e-05,3.396e-05,7.604e-05,0.00015686,0.00013343,7.365e-05,3.682e-05,3.109e-05,3.443e-05,0.00025586,0.00013869,4.639e-05,6.361e-05,8.034e-05,3.587e-05,0.00010139,5.739e-05,1.626e-05,6.313e-05,9.565e-05,3.922e-05,2.869e-05,5.739e-05,5.117e-05,5.165e-05,4.017e-05,3.156e-05,1.243e-05,3.443e-05,1.435e-05,2.343e-05,9.56e-06,3.109e-05,2.535e-05,1.43e-06
wpAliVire1,0.22447358,0.2049635,0.00201969,0.00110327,0.25719837,0.00140442,0.00407349,0.00742747,0.00116907,0.00333718,0.00495197,0.01174592,0.04221614,0.0002536,0.00538713,0.00981796,0.00171422,0.00014553,0.00033525,0.00047502,0.00029059,0.00305235,0.00018444,0.00029683,0.00035687,0.00050144,0.00131844,0.0008511,4.707e-05,0.0019707,3.458e-05,0.00036071,0.00017579,7.109e-05,1.297e-05,2.498e-05,3.939e-05,0.00065226,0.00018348,0.00014409,0.00017723,8.453e-05,0.00013064,0.0001537,2.257e-05,7.012e-05,5.908e-05,0.00255716,4.563e-05,0.00010183,0.00078098,8.549e-05,0.00015994,0.00042939,4.227e-05,9.174e-05,0.00015466,7.925e-05,0.00071182,8.646e-05,0.00015082,6.1e-05,0.0002147,7.829e-05,0.00023535,0.00027329,0.00022334,0.00014697,3.554e-05,0.00026273,0.00010327,6.388e-05,0.00058549,0.00088377,4.035e-05,4.611e-05,0.00010327,0.00012632,0.00012056,0.00054275,0.00017387,0.00023967,0.00012824,3.026e-05,3.89e-05,6.24e-06,8.79e-05,4.035e-05,0.0002147,0.00010615,0.00012152,7.2e-06,0.00012152,0.00034534,5.476e-05,0.00012056,6.052e-05,0.00012008,0.00035303,0.00037608,2.017e-05,0.00010903,0.00010903,6.72e-06,3.698e-05,6.196e-05,9.846e-05,7.733e-05,6.388e-05,3.698e-05,0.00012968,4.371e-05,3.074e-05,6.964e-05,3.218e-05,2.642e-05,7.637e-05,2.88e-06,0.00034054,1.921e-05,1.297e-05
wpHarImpa5,0.27569175,0.27077085,0.00265053,0.00073011,0.09403643,0.00145686,0.0029185,0.01859108,0.00620326,0.00192474,0.03538591,0.06488111,0.01018648,0.00034851,0.00903979,0.00114813,0.01253356,0.00079722,0.00032023,0.00027709,0.0007977,0.01035235,0.00023873,0.00073634,0.00023106,0.00017977,0.00036433,0.0002488,8.006e-05,0.00039837,0.00022004,0.00025935,0.00015388,6.52e-05,7.191e-05,7.478e-05,8.437e-05,0.00106088,5.896e-05,0.00014094,3.979e-05,0.00030968,0.00010834,5.369e-05,6.23e-06,0.00020901,9.588e-05,0.00016874,0.00021429,0.00015724,0.00104075,0.00015628,6.424e-05,0.00011266,3.452e-05,4.986e-05,0.00032454,0.00030153,0.00028044,7.766e-05,0.00011026,0.00036721,9.54e-05,3.883e-05,0.00080393,0.0002675,0.00010978,0.00087872,1.007e-05,5.849e-05,2.109e-05,5.849e-05,3.595e-05,0.0013255,7.239e-05,3.212e-05,0.00115005,7.047e-05,2.876e-05,6.999e-05,3.595e-05,8.533e-05,0.00027421,8.437e-05,0.00011841,0.00021093,2.061e-05,2.253e-05,0.00012943,0.00015484,8.102e-05,3.979e-05,0.00015197,9.06e-05,9.348e-05,0.00014765,1.151e-05,3.547e-05,0.00010067,0.0001117,4.171e-05,0.0009185,2.828e-05,2.78e-05,5.944e-05,7.478e-05,4.602e-05,3.5e-05,1.103e-05,8.869e-05,1.342e-05,9.6e-07,0.00010067,8.533e-05,6.855e-05,1.438e-05,8.389e-05,4.506e-05,2.876e-05,5.27e-06,3.356e-05
wpSthLimi1,0.25155822,0.23327024,0.00285913,0.00132103,0.00991902,0.00421945,0.00346287,0.04903067,0.0223057,0.00156828,0.14248443,0.0074092,0.00288356,0.00036751,0.00341064,0.00049736,0.01917345,8.529e-05,0.00095208,0.00065644,0.00072113,0.00314375,0.00044562,0.00302971,0.00142022,8.289e-05,0.0002621,0.00014375,0.00013656,0.00047053,6.277e-05,8.194e-05,0.00183086,0.00017968,5.558e-05,1.054e-05,2.3e-05,0.00049784,0.00045184,0.00070388,0.00031433,0.00053378,0.0001035,0.00038045,6.71e-06,0.00022233,0.00020747,8.002e-05,0.00018879,0.0002712,0.00010877,0.00015812,0.00021275,0.00024389,2.779e-05,0.00014998,0.00013608,0.00011404,0.00017537,0.00026785,3.402e-05,5.079e-05,0.00011404,7.044e-05,8.864e-05,9.104e-05,1.342e-05,0.00029995,9.6e-07,2.779e-05,0.00010446,0.00025252,5.894e-05,0.0002482,7.667e-05,6.133e-05,0.00019789,0.00075803,4.696e-05,9.344e-05,0.0001792,3.929e-05,4.217e-05,5.175e-05,3.69e-05,0.00011883,2.156e-05,2.635e-05,0.00020364,0.00025635,1.773e-05,0.00028989,0.00012985,9.583e-05,4.79e-06,7.427e-05,0.00012841,4.696e-05,0.00011835,2.492e-05,5.223e-05,0.0002185,4.79e-06,0.00025204,0.00013512,5.414e-05,9.1e-06,0.0001701,0.00033637,1.437e-05,3.067e-05,1.821e-05,3.977e-05,1.917e-05,6.708e-05,2.971e-05,2.444e-05,1.92e-06,9.6e-07,0.00026833,4.8e-07
wrPisGeom1,0.10047841,0.01214779,0.06202399,0.00485605,0.01982342,0.01465259,0.12409405,0.00284741,0.01002063,0.0376238,0.00079846,0.09311036,0.01104559,0.00107534,0.00085893,0.0101881,0.00045202,0.00029079,0.00064155,0.00068426,0.00154846,0.00694098,0.0004261,0.00158109,0.00037044,0.00189827,0.00010269,0.00182582,0.00011228,0.00018714,0.00014587,8.349e-05,0.00150672,0.00278215,0.00042898,0.0001118,0.00010509,0.00022937,0.0001238,0.00024472,7.294e-05,9.261e-05,0.00011996,0.00034741,6.814e-05,0.00404942,0.00013004,0.00057582,0.00013724,0.00082821,0.00011564,2.207e-05,9.933e-05,0.00304223,9.645e-05,0.00012332,3.119e-05,3.407e-05,0.00047553,7.678e-05,7.869e-05,6.094e-05,4.655e-05,6.622e-05,0.00052063,8.109e-05,8.925e-05,2.927e-05,6.24e-06,0.06798896,0.00014107,2.879e-05,0.00011804,0.00010077,0.01871929,2.591e-05,0.00064251,3.743e-05,6.718e-05,1.823e-05,4.463e-05,9.213e-05,8.685e-05,3.263e-05,9.021e-05,2.495e-05,2.783e-05,0.0001286,0.00017083,0.00014827,1.008e-05,2.303e-05,6.334e-05,7.102e-05,4.655e-05,8.589e-05,8.589e-05,0.00025,0.0008023,3.455e-05,0.00125,0.00013868,1.44e-06,1.92e-06,0.00010461,0.00010605,3.935e-05,3.983e-05,2.447e-05,6.526e-05,4.8e-06,8.829e-05,2.111e-05,3.311e-05,0.00010365,9.12e-06,3.84e-06,3.215e-05,5.95e-05,6.238e-05,1.92e-06
wtTerLapi1,0.49049928,0.05531181,0.01586322,0.01162602,0.00752176,0.0102286,0.06351698,0.02288474,0.02610043,0.03638259,0.01117217,0.05431659,0.00310569,0.00021138,0.00179484,0.0021296,0.00309421,0.00011334,0.00987948,0.00022669,0.00147824,0.00143042,0.00010378,0.00781014,0.00425251,0.00018843,0.00106408,0.00060976,7.556e-05,0.00044763,0.00016738,6.074e-05,0.00017025,0.0006968,0.00065375,0.00013534,6.026e-05,0.00688809,0.00066667,0.00015304,0.0002659,0.00033859,0.00016834,0.00045242,1.196e-05,9.613e-05,4.352e-05,0.00053993,0.00045863,0.00019177,0.00047585,0.00027834,8.895e-05,0.00013534,2.2e-05,6.6e-05,8.274e-05,5.213e-05,0.00010856,0.00034481,3.443e-05,7.461e-05,1.722e-05,0.00046915,4.256e-05,5.548e-05,4.8e-07,0.00070732,5.882e-05,0.00015256,0.00011239,2.965e-05,0.0001406,2.63e-05,0.00012099,9.469e-05,0.00013152,0.00011526,0.00027116,0.00011095,0.00034099,2.487e-05,3.443e-05,1.865e-05,9.565e-05,0.00010378,0.00030225,7.174e-05,7.365e-05,0.00014969,4.304e-05,7.03e-05,0.0001956,0.00019656,3.3e-05,4.304e-05,1.578e-05,2.822e-05,0.00015591,3.587e-05,5.787e-05,0.00031899,0.0002396,0.00010569,4.4e-05,6.026e-05,5.261e-05,0.00033812,0.00022621,7.795e-05,4.782e-05,1.769e-05,0.00041607,2.056e-05,5.548e-05,7.939e-05,6.552e-05,1.052e-05,8.991e-05,3.922e-05,3.83e-06
xbArcSenh1,0.22830474,0.07012075,0.08186344,0.00157163,0.00230043,0.00254576,0.00921945,0.22009535,0.01384859,0.01188021,0.00127408,0.00316627,0.00165692,0.0002022,0.00113608,0.00149832,0.00107235,8.96e-05,0.00032726,0.00016387,0.00057547,0.00150503,0.00010685,0.00041064,0.00107762,0.00022329,0.00025635,0.00013943,2.923e-05,0.00040489,0.00048155,0.00019741,0.00016675,0.00011021,2.204e-05,0.00042885,0.00012506,0.00014806,0.00015477,4.792e-05,0.00022233,0.00021514,0.00014998,9.631e-05,3.546e-05,9.583e-05,0.00025156,0.00019406,0.00044034,0.00012362,5.079e-05,9.152e-05,0.00017345,0.00017968,2.779e-05,0.00096023,0.00042501,2.779e-05,0.0005999,0.00019023,9.056e-05,4.839e-05,5.798e-05,3.737e-05,0.00024629,0.00018927,0.00030474,7.187e-05,6.421e-05,0.00019454,5.75e-05,9.391e-05,6.852e-05,0.00014375,0.00013896,4.744e-05,0.00019262,0.00010206,2.012e-05,0.00015285,8.385e-05,0.00016291,8.864e-05,2.3e-05,3.21e-05,2.54e-05,3.402e-05,6.948e-05,2.779e-05,0.00012027,7.139e-05,3.833e-05,4.839e-05,4.983e-05,3.69e-05,6.804e-05,1.629e-05,0.00015621,1.533e-05,7.619e-05,5.414e-05,3.642e-05,1.054e-05,2.204e-05,1.006e-05,9.2e-05,0.00012841,4.169e-05,3.45e-05,0.00017729,6.325e-05,1.006e-05,0.00011069,3.162e-05,7.475e-05,1.294e-05,0.0,6.23e-06,0.00016531,3.115e-05,9.6e-07
xbAzoCham1,0.27014976,0.02323732,0.01760718,0.00332249,0.00235167,0.00238565,0.14065885,0.14541579,0.0009512,0.02384258,0.00103971,0.00038134,0.01880909,0.01969617,0.05068565,0.00125598,0.00091866,0.00017129,0.0009201,0.00037033,0.00068421,0.00087081,0.000189,0.00036938,0.00044402,0.00018852,9.713e-05,0.00110048,4.402e-05,0.00035215,0.0003799,0.00041531,0.00027321,0.00018038,0.00053876,0.00048852,0.00013923,0.00151196,0.00016651,0.00050191,0.00024258,0.00026746,0.00015837,5.885e-05,0.00069665,4.354e-05,4.641e-05,0.00014833,5.167e-05,0.00016459,1.483e-05,0.00016459,9.091e-05,0.0001177,0.00074641,4.928e-05,0.00023349,0.00028756,0.00011196,0.00010478,6.603e-05,0.00025694,7.033e-05,6.077e-05,0.00022105,0.00013828,9.282e-05,0.00017799,0.00020909,5.359e-05,8.612e-05,6.794e-05,0.00016842,0.00012105,6.986e-05,8.804e-05,1.818e-05,3.301e-05,4.976e-05,0.00011435,0.00022823,0.00021962,3.445e-05,2.392e-05,3.876e-05,2.584e-05,6.89e-05,1.962e-05,0.0002311,0.00577799,4.402e-05,8.565e-05,0.00072392,7.847e-05,1.77e-05,0.00047703,5.74e-06,4.45e-05,6.268e-05,0.00010048,1.292e-05,0.00021531,0.00056699,1.914e-05,3.301e-05,2.297e-05,2.967e-05,0.00032536,3.923e-05,0.00013876,4.785e-05,8.804e-05,7.66e-06,3.062e-05,3.35e-06,0.00019187,2.536e-05,0.0,8.182e-05,0.00017799,2.39e-06
xbCerEdul1,0.15204792,0.12614327,0.01449353,0.05594921,0.07575851,0.00265788,0.0106483,0.28306133,0.00104217,0.01600431,0.0015563,0.00187111,0.00165213,0.00053713,0.001069,0.00056397,0.00038189,0.00017585,0.00031289,0.00034835,0.00116339,0.00138716,0.00030426,0.00030091,0.00013321,0.00018064,0.00033589,0.00096406,0.00122568,0.00015668,0.0001792,0.00012027,0.00029324,0.00037949,0.00014662,0.00012218,0.00036368,3.929e-05,0.00013991,0.00014902,0.00018448,6.804e-05,0.00015189,0.00055151,2.252e-05,0.00019166,0.00016339,0.00044274,0.00024245,0.00017202,5.462e-05,3.115e-05,0.00048347,0.00028797,4.792e-05,0.00044034,0.00020556,2.012e-05,0.00082942,0.00053186,0.00011404,9.439e-05,0.00019502,0.00012554,0.00019933,0.00036272,0.00019262,4.456e-05,1.246e-05,0.00057451,4.36e-05,7.714e-05,0.00014375,9.248e-05,9.104e-05,9.439e-05,0.00010254,0.00013081,0.00010398,0.00029708,9.535e-05,0.00010877,0.00019214,0.00011116,9.1e-06,4.935e-05,0.00033781,0.00010637,0.00015764,6.421e-05,0.00016052,0.00031049,0.00020795,0.00020556,5.271e-05,0.00016866,0.0001931,0.00011739,0.0004207,5.846e-05,3.642e-05,4.217e-05,3.929e-05,9.056e-05,8.577e-05,0.0002185,0.00016962,0.0005999,4.6e-05,4.792e-05,0.00024389,4.935e-05,2.156e-05,4.696e-05,6.564e-05,0.0006138,7.19e-06,2.108e-05,9.871e-05,7.81e-05,1.437e-05
xbGarTell2,0.42282559,0.04185961,0.00733637,0.00715046,0.0822367,0.00124054,0.04376713,0.05567226,0.00220747,0.01469621,0.00624916,0.00091806,0.00363584,0.00436176,0.00347628,0.05140201,0.00038812,0.00017106,0.01200527,0.00071059,0.0003081,0.00460997,0.00044562,0.00048395,0.00024341,0.00064878,0.00097988,0.00056157,0.00014471,0.00018448,9.344e-05,0.00059368,0.00029276,0.00077432,0.00015621,0.00012985,2.444e-05,0.00022281,0.00022089,0.00048922,0.00019214,0.00020987,0.00021466,0.00026018,2.012e-05,0.00026162,0.00011452,0.00011644,9.248e-05,0.00019214,9.727e-05,3.881e-05,8.194e-05,0.00323,0.00021275,5.462e-05,0.0004001,2.54e-05,0.0002391,0.00027647,3.594e-05,0.00040153,0.00013704,0.00010973,0.00019981,7.571e-05,6.948e-05,2.108e-05,3.546e-05,0.00018543,6.229e-05,0.00060134,5.462e-05,0.00041255,0.00033014,2.587e-05,0.0004092,0.00024485,0.00014854,0.00010494,6.229e-05,0.00071107,0.00012985,9.487e-05,7.67e-06,0.00024006,0.00011787,1.581e-05,0.00021179,0.00063105,5.127e-05,2.444e-05,0.00038716,0.00015046,1.533e-05,0.00059032,2.827e-05,0.00167178,0.00027456,0.00024054,0.00015093,0.00096454,0.00012602,6.852e-05,4.696e-05,3.929e-05,0.0001907,8.625e-05,9.248e-05,0.00050934,3.45e-05,5.27e-06,5.75e-06,6.469e-05,1.725e-05,2.348e-05,4.073e-05,1.054e-05,0.00014135,5.319e-05,9.1e-06
xbLutLutr1,0.16680852,0.02338248,0.02807946,0.01069363,0.00451652,0.01706702,0.01327956,0.21818047,0.01298277,0.00147487,0.002236,0.00208281,0.01163475,0.00155146,0.00076065,0.00110436,0.01051939,0.00072954,0.00091,0.00054907,0.00120201,0.09230445,0.00014552,0.00085448,0.00092628,0.00147966,0.00220488,0.00358162,8.521e-05,0.00375969,0.00010148,8.425e-05,0.00064528,0.00095931,3.734e-05,0.00075969,2.393e-05,7.851e-05,0.00029727,0.00521924,0.00194112,0.00017951,0.00060747,0.00016563,0.00048396,0.00028435,0.00011776,0.00014265,3.303e-05,0.0006764,0.00012877,0.00018669,0.00011202,0.00023169,0.0002944,8.617e-05,0.00026616,0.00011776,0.00036955,3.59e-05,0.00037147,2.92e-05,0.00025467,6.367e-05,0.0004136,0.00151795,0.00013882,0.00019244,2.824e-05,3.399e-05,0.0001484,3.255e-05,6.223e-05,0.0001843,9.622e-05,2.25e-05,0.00021302,0.0001977,1.005e-05,7.851e-05,2.824e-05,0.00029009,3.207e-05,8.856e-05,8.042e-05,1.819e-05,3.734e-05,4.5e-05,6.175e-05,8.712e-05,5.888e-05,2.441e-05,0.00076783,0.00028435,3.83e-06,3.447e-05,4.213e-05,2.681e-05,2.872e-05,3.925e-05,0.00033605,5.84e-05,0.00014792,0.00014552,5.218e-05,8.62e-06,0.00030637,0.00099569,2.681e-05,6.22e-06,5.122e-05,2.202e-05,5.553e-05,7.851e-05,4.021e-05,5.266e-05,3.686e-05,1.723e-05,8.62e-06,9e-05,0.0
xbMagGiga1,0.14374187,0.04470554,0.05010803,0.0063566,0.01382075,0.00229015,0.00479828,0.16101673,0.00448231,0.00469407,0.00192256,0.00393547,0.00593117,0.00076816,0.00434799,0.00083174,0.03409751,0.00036233,0.00096511,0.01401386,0.00078346,0.00094168,0.00064771,0.00116874,0.00079493,0.00015488,0.00019694,0.00381979,0.0001912,0.0002782,0.00074904,0.00147132,0.00232935,0.00042161,0.0002022,0.00194742,4.398e-05,0.00011855,0.00021176,0.00109799,0.00112476,5.88e-05,0.00030784,0.00011616,4.35e-05,0.00029446,8.031e-05,7.935e-05,2.916e-05,0.00024618,0.00010086,0.00013145,0.00205784,0.00368738,5.784e-05,0.00010564,0.00016252,0.00046845,0.00038815,7.218e-05,0.00027533,0.00012285,0.00783413,0.00017447,0.00039771,0.00027533,0.0001348,0.0268695,0.00010946,3.633e-05,0.00015296,3.35e-06,0.00031979,0.00022849,1.912e-05,6.453e-05,0.00012333,0.00016205,3.346e-05,4.876e-05,7.505e-05,2.964e-05,1.004e-05,0.00052247,7.792e-05,0.00070029,1.577e-05,1.96e-05,0.0001912,4.828e-05,0.00115153,2.438e-05,0.00013098,5.21e-05,1.769e-05,2.151e-05,3.442e-05,0.00011807,5.306e-05,3.394e-05,4.35e-05,3.82e-06,3.346e-05,0.00014675,0.00010468,8.317e-05,0.00013241,2.868e-05,0.00030688,0.00011377,2.247e-05,0.00027247,1.243e-05,0.0003456,0.00017878,3.203e-05,0.00014675,4.8e-07,0.00025813,4.78e-05,1.482e-05
xbMimVari1,0.14748398,0.04728121,0.00500861,0.0008967,0.02184935,0.00248015,0.00786179,0.09321856,0.00327977,0.00715065,0.01630416,0.00103922,0.00640363,0.00027355,0.00345863,0.00077905,0.00061549,0.00052128,0.00018364,0.00028216,0.00036346,0.00615782,0.00010043,0.00076518,0.00061071,8.274e-05,0.05258011,0.0033362,3.682e-05,0.00054663,0.00021712,0.00651172,0.00020086,0.00020899,0.00067671,0.00100574,0.00015734,0.00087614,0.00027642,0.00034912,0.00021616,0.00025347,3.635e-05,0.00117695,0.00049593,0.0003429,6.169e-05,0.00014299,0.00172884,0.00014921,9.134e-05,3.396e-05,0.00032425,0.00026877,2.869e-05,2.822e-05,8.943e-05,8.13e-05,0.0001913,5.691e-05,0.00013869,0.00041416,0.00012243,4.017e-05,0.0002616,0.0001736,0.00010426,0.00012386,2.296e-05,0.00024582,6.648e-05,5.404e-05,5.452e-05,0.00119273,0.0027671,2.439e-05,0.00042372,0.00029747,0.00020277,0.00016882,1.483e-05,3.778e-05,1.722e-05,5.978e-05,0.00016499,0.00054089,2.582e-05,5.835e-05,0.0002836,0.00361789,0.00034529,4.304e-05,0.00025108,3.491e-05,1.004e-05,1.578e-05,3.348e-05,2.009e-05,0.00036203,0.00031325,9.56e-06,0.00551841,7.365e-05,3.061e-05,6.648e-05,5.835e-05,0.00032807,0.0001473,1.674e-05,1.1e-05,0.00011669,2.439e-05,5.26e-06,3.826e-05,3.252e-05,5.691e-05,6.313e-05,7.17e-06,0.00085557,1.817e-05,3.204e-05
xbMytEdul2,0.17199089,0.06569463,0.04964957,0.02913231,0.00217306,0.04367929,0.01939118,0.1741117,0.03910594,0.06064238,0.00116779,0.00085762,0.00204746,0.00029051,0.00071429,0.00174928,0.000279,0.00017881,0.00262128,0.00024305,0.00084564,0.00189933,0.00022819,0.00062752,0.00133269,0.01082454,0.00020949,0.00035283,4.89e-05,0.00033174,0.00022435,0.0001836,0.00026558,0.00080058,0.00027661,0.00031304,3.02e-05,7.191e-05,0.0001721,0.0002464,0.00033749,0.00011409,8.917e-05,0.00012752,1.151e-05,2.733e-05,0.00029051,0.00028955,0.00011937,0.00037824,5.705e-05,3.931e-05,0.00014334,0.00020614,4.41e-05,7.574e-05,7.67e-05,2.876e-05,0.00103883,0.00018696,0.00687057,0.00017066,9.875e-05,7.287e-05,0.00066635,0.00076222,0.00013567,6.472e-05,2.589e-05,4.314e-05,5.177e-05,0.00023011,0.00016203,3.739e-05,9.923e-05,3.02e-05,0.00015916,2.733e-05,4.746e-05,3.116e-05,6.759e-05,7.526e-05,4.314e-05,9.923e-05,0.00014669,0.00044199,0.00011841,4.314e-05,0.00019703,3.835e-05,6.711e-05,2.78e-05,0.00031304,3.835e-05,5.561e-05,3.595e-05,4.267e-05,2.349e-05,4.698e-05,0.00018936,0.00032598,4.938e-05,0.0002651,5.753e-05,6.999e-05,0.0001419,5.321e-05,3.739e-05,0.00011937,7.766e-05,9.779e-05,8.917e-05,5.657e-05,0.00586721,0.00017114,0.00011649,9.012e-05,3.212e-05,2.445e-05,5.417e-05,4.8e-07
xbOstEdul1,0.19035601,0.09592238,0.0114552,0.12850168,0.00901006,0.0041931,0.01357499,0.01342789,0.00504696,0.00270915,0.00308912,0.00106277,0.02029899,0.00167513,0.00656493,0.00105319,0.00061907,0.0007173,0.00647245,0.00077144,0.01461092,0.00167034,0.00127024,0.0004758,0.00089267,0.00030954,0.00082511,0.00073742,9.439e-05,0.00027599,0.00014806,0.00011452,0.00028558,0.00030618,3.067e-05,0.00074269,0.00066172,0.00021035,0.00036128,0.00018352,0.00032678,0.00024916,0.02387207,8.673e-05,8.15e-06,0.00014135,0.00012698,0.00021993,0.00012698,0.00015093,5.271e-05,0.00013608,0.00014614,0.00251701,4.935e-05,0.0005999,0.00128941,0.00019406,0.00015668,0.00010973,0.00031529,0.00064447,0.00022089,0.00062578,6.229e-05,0.00022329,0.00018208,0.00025683,0.00010685,0.00010877,1.342e-05,1.677e-05,6.373e-05,8.769e-05,0.00024054,0.00047341,0.00014279,9.535e-05,0.00033637,0.00018735,4.887e-05,0.00021993,6.804e-05,8.385e-05,0.00018016,0.00029851,3.833e-05,0.00030522,3.929e-05,0.00232103,0.00034595,0.00010637,0.00010254,6.996e-05,4.792e-05,2.252e-05,3.21e-05,0.00065597,5.223e-05,0.00054432,0.00033301,8.289e-05,0.00015333,1.198e-05,8.194e-05,6.181e-05,0.00029756,8.241e-05,7.379e-05,5.127e-05,0.00011739,2.396e-05,9.58e-06,0.0001725,6.469e-05,3.115e-05,9.056e-05,9.58e-06,7.762e-05,9.775e-05,4.31e-06
xbSpiSubt1,0.10134866,0.08235105,0.06789176,0.01345067,0.00303927,0.00255268,0.00280843,0.34836638,0.02690805,0.0042682,0.00172653,0.00130364,0.00487979,0.00044732,0.00074904,0.00377059,0.00050335,0.00011638,0.00044971,0.00023228,0.00011494,0.00141954,0.00021504,0.04653592,0.00036973,0.00265852,0.0001159,0.00050335,0.0002251,0.00061925,0.00049713,0.00010824,0.00120115,0.00088793,9.579e-05,6.849e-05,4.646e-05,7.759e-05,7.854e-05,0.000909,0.0003592,0.00017193,0.00023659,0.00010776,3.83e-06,3.017e-05,0.00018199,9.052e-05,0.00013697,0.00010489,0.00018439,0.00020067,4.502e-05,0.00015613,3.4e-05,0.0002591,0.00018822,5.699e-05,0.00017625,2.921e-05,0.00016236,6.849e-05,0.00015374,5.556e-05,7.711e-05,0.00094349,0.0001432,0.00019109,0.00030172,7.136e-05,3.83e-06,8.716e-05,0.00142912,0.00057471,8.908e-05,3.113e-05,0.00011303,5.603e-05,2.73e-05,8.812e-05,6.322e-05,4.741e-05,4.837e-05,0.00023372,0.0001705,0.00016331,3.736e-05,4.55e-05,0.00047845,0.0002045,4.071e-05,3.209e-05,0.00031082,9.626e-05,1.149e-05,0.00023946,1.149e-05,0.00015948,6.178e-05,0.00030125,0.00025479,4.454e-05,7.95e-05,1.341e-05,0.00032902,0.0001887,8.046e-05,1.149e-05,9.914e-05,4.837e-05,1.245e-05,0.00024521,9.6e-07,0.00013985,1.485e-05,3.831e-05,2.87e-06,1.149e-05,5.795e-05,0.0001523,7.66e-06
xgAniVort1,0.40573036,0.01915134,0.02268726,0.05289272,0.0252864,0.0188568,0.08611063,0.0614636,0.00264559,0.01196504,0.00279981,0.00160249,0.00338027,0.00102538,0.00061255,0.01608381,0.00030268,0.00039607,0.00328113,0.00143774,0.00044684,0.0453386,0.00027921,0.00135057,0.00028113,0.0004114,0.00035872,0.00038649,0.00018774,0.00026676,7.567e-05,0.00012692,0.00052634,0.00129167,0.00017816,4.55e-05,9.195e-05,0.00023851,0.00018582,0.0002409,0.00228305,0.00011973,0.00050431,0.0001001,5.077e-05,0.00021504,0.00015948,6.418e-05,0.0003295,0.00029167,0.00025335,3.544e-05,0.00011638,0.000216,2.921e-05,0.00017337,0.0001796,3.017e-05,0.00017002,5.651e-05,0.00062596,0.00015278,0.0002749,0.00015517,9.818e-05,0.00025718,4.454e-05,5.27e-06,0.00011351,0.00098515,2.874e-05,0.00014703,7.04e-05,0.00011207,0.00080795,4.023e-05,0.0004023,6.609e-05,2.39e-06,0.00022414,9.58e-06,0.00068774,4.454e-05,0.00017816,0.0004478,0.00010201,0.00012356,0.00101964,0.0001772,0.0001001,4.693e-05,2.155e-05,0.00018918,9.243e-05,5.891e-05,4.598e-05,0.00234818,0.00098898,0.00013649,0.00019349,0.00048228,4.31e-06,6.418e-05,1.676e-05,0.00012883,7.136e-05,0.00014272,3.352e-05,4.598e-05,0.00020594,3.592e-05,8.285e-05,0.00013937,1.868e-05,7.28e-05,3.736e-05,2.538e-05,5.27e-06,6.944e-05,2.586e-05,2.682e-05
xgGibMagu1,0.25993333,0.13580671,0.00425564,0.00643741,0.06842206,0.00238561,0.02402014,0.15243597,0.00067002,0.11418417,0.003753,0.00054676,0.00355683,0.00030647,0.0025976,0.00350839,0.00028393,0.00057266,0.00284844,0.00091799,0.00074868,0.00130024,0.00025324,0.00012278,0.00091079,0.00093669,0.00191127,0.00036978,5.084e-05,0.00060384,0.00015971,0.0001247,0.00055827,0.00047386,0.00014484,4.077e-05,0.00021823,0.0007506,0.0001223,0.00024556,0.00033429,0.00048729,0.00011031,0.00049257,0.00019616,0.00020959,0.00011175,5.899e-05,0.00010024,0.00017746,3.693e-05,3.885e-05,0.00110935,0.00130504,1.727e-05,0.00012326,0.00015348,0.00012422,0.00013957,0.00017362,0.0002518,3.405e-05,0.00081727,0.00013237,0.00025659,0.00016163,2.158e-05,3.213e-05,7.67e-06,0.00075156,1.727e-05,8.777e-05,0.00010552,0.00011942,0.00034532,4.844e-05,0.00028873,7.722e-05,4.508e-05,4.46e-05,3.501e-05,0.00010024,4.748e-05,0.00013813,0.00010168,1.631e-05,0.00011942,0.00037218,0.00019329,0.00032662,7.194e-05,0.00011655,0.00021583,4.221e-05,2.014e-05,0.00010504,2.878e-05,0.00016259,0.00190791,0.00024652,0.0001693,0.00016307,6.906e-05,1.583e-05,0.00020911,6.043e-05,2.686e-05,0.00010408,0.00010072,4.988e-05,8.297e-05,7.386e-05,1.823e-05,4.365e-05,2.446e-05,9.784e-05,1.775e-05,9.6e-07,0.00010743,1.966e-05,1.92e-06
xgPatDepr1,0.04498035,0.13394633,0.00642789,0.02009966,0.02568184,0.02238668,0.01271874,0.0558505,0.00527216,0.06289027,0.00467274,0.12804073,0.01031001,0.00034451,0.00052755,0.00058074,0.00133685,0.00015477,0.00023527,0.0002482,0.00060278,0.02200383,0.00112218,0.0004643,0.0002506,0.00078678,0.00034595,0.00057163,0.00012937,0.00017106,8.433e-05,0.0029861,0.00017777,0.00242118,3.546e-05,2.54e-05,5.319e-05,0.00016962,0.00034547,9.344e-05,3.737e-05,0.00042693,0.00028031,5.414e-05,1.965e-05,0.00041399,0.00054576,0.00022712,2.54e-05,0.00010781,0.00017393,2.108e-05,9.535e-05,0.00018352,4.312e-05,0.00012506,2.396e-05,1.246e-05,0.00536943,6.469e-05,0.00024916,7.858e-05,0.00012554,5.894e-05,0.21999329,0.00043364,4.408e-05,9.871e-05,0.00048586,9.104e-05,1.485e-05,5.223e-05,0.00011404,4.264e-05,6.373e-05,1.198e-05,0.00035553,0.00012698,3.785e-05,8.194e-05,9.58e-06,5.271e-05,5.654e-05,6.085e-05,0.00015668,0.00010829,6.23e-06,0.00017058,0.00011979,7.475e-05,3.019e-05,3.737e-05,0.0001725,3.737e-05,3.977e-05,2.108e-05,0.00018927,6.037e-05,3.833e-05,0.00011739,1.677e-05,1.869e-05,1.198e-05,7.67e-06,3.833e-05,3.881e-05,3.498e-05,3.546e-05,4.839e-05,1.054e-05,3.067e-05,2.156e-05,5.846e-05,2.348e-05,7.19e-06,8.62e-06,2.012e-05,3.83e-06,5.031e-05,1.39e-05,2.396e-05
xgPatPell1,0.31101055,0.05779472,0.00396067,0.07116115,0.04308825,0.00177746,0.00156259,0.13070887,0.00158369,0.00356163,0.00420528,0.00211223,0.00222734,0.00022782,0.00626859,0.00171655,0.00106475,8.106e-05,0.00158225,0.00040576,0.00031751,0.02617458,0.00012326,0.0009199,0.00022254,0.00032854,0.00032422,0.00109592,8.777e-05,0.00242254,0.00034197,0.00022782,0.00018082,0.00371031,0.00185612,0.00491511,9.305e-05,0.00037074,0.00011847,0.00063597,0.00056978,0.00010552,0.00013909,0.00076355,7.914e-05,7.29e-05,3.981e-05,0.00014532,9.4e-05,0.00078897,7.05e-05,0.00060288,0.00010695,0.00012134,4.029e-05,9.592e-05,4.029e-05,3.165e-05,0.00011175,0.0003554,0.00014101,6.283e-05,0.00016691,0.00010839,0.00014964,0.00011751,5.995e-05,0.00017506,1.583e-05,0.00020624,4.365e-05,5.947e-05,6.235e-05,0.00122302,0.0026446,7.77e-05,8.345e-05,0.00018177,0.00016691,0.00017794,0.0003247,5.036e-05,2.878e-05,9.832e-05,0.00140384,0.00071703,0.00019041,1.391e-05,8.585e-05,0.00087818,0.0001295,0.0001976,1.727e-05,2.926e-05,3.885e-05,8.681e-05,2.446e-05,4.412e-05,0.00011751,0.00042254,1.439e-05,0.00015971,3.501e-05,1.918e-05,0.00018321,0.00011942,3.597e-05,5.995e-05,0.00024077,3.453e-05,0.00021007,0.00019376,0.00011559,0.00012854,3.07e-05,0.00021199,1.103e-05,1.391e-05,6.24e-06,0.00031751,8.15e-06
xgPatUlys2,0.14683908,0.08341092,0.00547031,0.00424665,0.19687835,0.00522126,0.00299425,0.11919732,0.00892241,0.02356226,0.0186068,0.00051102,0.00133621,0.00026724,0.00059818,0.00177538,0.00047845,9.195e-05,0.00051341,0.00107232,0.00816954,0.0026092,0.00014751,0.00046648,0.00212261,0.00094684,0.00078544,0.0006705,0.00012787,0.00121264,3.64e-05,0.00064559,0.00018199,0.00023707,7.998e-05,0.00020498,3.688e-05,0.00014416,0.00037021,0.00029215,7.519e-05,0.00065421,8.285e-05,0.00104837,6.23e-06,0.00012452,0.00033046,0.00015757,9.1e-05,0.00045259,2.443e-05,7.471e-05,0.00469875,5.22e-05,1.58e-05,0.00012931,2.73e-05,6.178e-05,0.00011877,0.00015469,0.00010632,6.37e-05,0.00054646,0.00074713,0.00012548,0.00025575,2.874e-05,0.00011159,6.23e-06,0.00017481,9.195e-05,3.736e-05,0.00010489,8.86e-05,0.00010249,1.964e-05,4.741e-05,9.483e-05,0.00021121,0.0086705,0.00012883,1.245e-05,0.0001887,0.00037261,0.00030364,0.00015517,0.00016954,0.00018151,9.243e-05,2.874e-05,0.00012452,0.0007773,8.046e-05,2.011e-05,6.226e-05,0.00011015,6.657e-05,1.389e-05,0.00070019,0.00012883,2.299e-05,2.443e-05,4.646e-05,5.22e-05,0.00191092,0.00035057,0.00013027,2.299e-05,0.00011782,0.00015326,0.00020498,3.352e-05,3.784e-05,4.741e-05,1.868e-05,0.00712021,8.62e-06,1.92e-06,1.533e-05,0.00011351,3.113e-05
xgPhoLine1,0.31358429,0.04329119,0.00680603,0.00683812,0.11688793,0.00232998,0.0102318,0.00902299,0.00185153,0.00670738,0.00181801,0.0040067,0.00294684,0.00058477,0.00085297,0.07290517,0.00052874,0.00032232,0.00146169,0.00241092,0.00124808,0.00586303,0.00083716,0.00054741,0.00027011,0.00216762,0.00056418,0.00042433,7.088e-05,0.00019397,0.00028209,0.00029023,0.00020259,0.00070881,0.00012117,7.471e-05,0.00015038,0.00040469,0.00039943,0.00021935,0.00058621,0.00042385,0.00030843,0.00026341,2.969e-05,0.00405077,0.00025096,0.00027395,0.00036877,0.00029741,0.00023036,5.029e-05,0.00020738,0.00013266,3.065e-05,0.00015038,0.00086207,5.843e-05,0.00027347,0.00022893,0.00034818,0.00053544,0.00011063,0.00018008,0.00111159,0.00011782,3.448e-05,5.651e-05,4.837e-05,6.274e-05,0.00012021,0.00013602,0.00573563,0.00023755,0.0002251,6.466e-05,0.00119061,0.00024234,2.443e-05,0.00010153,2.538e-05,3.544e-05,4.55e-05,6.992e-05,0.00012117,0.00012356,2.011e-05,2.826e-05,0.0001523,0.00015421,9.339e-05,7.902e-05,0.00018439,0.00034914,4.31e-06,3.544e-05,0.0010249,2.49e-05,0.00015086,0.00010584,0.00020594,0.00029406,0.00011303,2.969e-05,0.00010105,7.04e-05,0.00019397,0.00022653,0.00036638,0.00015278,0.00016379,4.31e-06,3.017e-05,3.879e-05,2.682e-05,2.347e-05,1.964e-05,1.868e-05,9.818e-05,0.00044157,5.27e-06
PHORD0020b,0.04365598,0.0918799,0.01192153,0.00533397,0.00539139,0.37386507,0.00138756,0.00565981,0.00402153,0.02132871,0.00258373,0.00402727,0.00170335,0.00063636,0.00059665,0.00030861,0.00036507,0.0002244,0.00081005,0.00070813,0.00133971,0.01877703,0.00040239,0.00078373,0.00034258,0.00055311,0.00015742,0.00036411,0.00010287,6.89e-05,6.986e-05,0.00026938,0.00015167,0.00146746,7.656e-05,0.00014498,3.732e-05,6.89e-05,0.00024641,0.00012919,7.99e-05,4.019e-05,0.0001134,0.00045024,7.18e-06,0.00023493,0.00260191,0.00017225,5.598e-05,0.00037512,0.00011627,8.66e-05,0.00033158,0.0001488,4.163e-05,3.254e-05,0.00012344,3.828e-05,0.00030048,0.00123062,6.364e-05,5.694e-05,7.129e-05,0.00011914,4.976e-05,0.00024593,2.775e-05,3.062e-05,2.201e-05,0.00017321,3.206e-05,0.00010287,6.746e-05,3.301e-05,0.00015646,2.584e-05,0.00012297,7.273e-05,3.206e-05,0.00075598,2.105e-05,5.12e-05,2.297e-05,2.632e-05,0.00048565,6.555e-05,0.00028373,3.83e-06,3.923e-05,2.201e-05,3.493e-05,0.00011579,6.029e-05,4.45e-05,1.627e-05,0.00058947,1.722e-05,0.00032967,6.699e-05,0.00015502,5.407e-05,0.00014641,5.167e-05,3.83e-06,4.354e-05,3.589e-05,6.89e-05,7.895e-05,3.493e-05,1.866e-05,4.737e-05,6.316e-05,2.44e-05,6.029e-05,1.1e-05,0.00010909,1.531e-05,1.1e-05,6.029e-05,0.00014211,4.78e-06
PHORD0021b,0.05520594,0.15607567,0.0038817,0.05204885,0.00115134,0.36086398,0.00584579,0.09108046,0.00358285,0.00138314,0.00208621,0.00494732,0.00267337,0.00050431,0.00060824,0.00093534,0.00106801,0.00024713,0.00035536,0.00012404,0.00081705,0.00286686,0.00054167,0.0048908,0.00027586,0.00048755,0.00349377,0.0007931,0.00024186,0.00100287,0.00018822,0.00049521,0.0001681,0.00080843,7.28e-05,4.167e-05,0.0001317,0.00021695,9.626e-05,0.00040709,9.339e-05,0.00010345,0.00021216,0.00012644,1.341e-05,0.00054981,0.00017433,8.956e-05,0.00016475,0.00028065,0.00038458,5.125e-05,0.00064703,7.567e-05,7.615e-05,7.759e-05,0.00021983,7.328e-05,0.00012979,4.741e-05,0.00014751,0.00017433,5.46e-05,3.544e-05,0.00015326,0.00060345,2.538e-05,0.00031274,3.736e-05,0.00011111,6.944e-05,7.423e-05,0.00041667,8.142e-05,0.00202443,5.508e-05,0.0001408,1.197e-05,1.341e-05,9.004e-05,3.161e-05,0.00020354,5.556e-05,0.0001317,0.00016667,0.00010728,1.676e-05,0.00015421,0.000125,2.443e-05,6.944e-05,4.071e-05,0.00036255,5.508e-05,1.676e-05,5.268e-05,6.274e-05,4.454e-05,0.00019109,8.525e-05,9.291e-05,4.406e-05,1.676e-05,1.964e-05,7.663e-05,0.00030364,4.55e-05,0.00012739,1.389e-05,6.226e-05,6.23e-06,5.46e-05,0.00020259,3.927e-05,0.00012308,3.544e-05,1.437e-05,3.83e-06,0.00021073,2.299e-05,9.6e-07
PHORD0023b,0.11233141,0.15049353,0.01882878,0.01139808,0.00587866,0.4412024,0.00135108,0.00297602,0.00371127,0.03835875,0.00114245,0.00124125,0.00203549,0.00104125,0.00071511,0.00048201,0.00067338,0.00012614,0.00156211,0.00024556,0.00151847,0.00162878,0.00021247,0.00036691,0.00126811,0.0001223,0.00014772,0.00056355,0.00011175,0.00012422,0.00032758,0.00048249,9.976e-05,0.01418369,7.482e-05,9.832e-05,3.597e-05,0.00018753,0.00013525,0.0001036,9.209e-05,7.386e-05,0.00031655,5.612e-05,7.19e-06,0.00017986,0.00017314,0.00010887,0.00014964,0.00013237,6.667e-05,8.873e-05,6.283e-05,9.592e-05,8.873e-05,0.00011894,0.00387722,3.261e-05,0.00063981,0.00018849,0.00039424,0.00018273,7.482e-05,8.249e-05,0.00026906,0.00331847,0.00011463,7.818e-05,0.00015012,0.00029832,1.007e-05,6.331e-05,2.254e-05,4.892e-05,7.146e-05,0.00043357,3.309e-05,1.631e-05,2.062e-05,0.00049161,1.583e-05,0.00011799,4.46e-05,8.106e-05,5.755e-05,2.206e-05,4.796e-05,0.00013861,0.00025036,7.146e-05,3.741e-05,6.043e-05,1.966e-05,2.83e-05,6.475e-05,7.338e-05,3.213e-05,5.707e-05,2.782e-05,2.398e-05,1.535e-05,2.254e-05,1.535e-05,3.84e-06,3.933e-05,0.00021823,0.00026859,5.036e-05,2.158e-05,4.652e-05,3.789e-05,0.00010456,1.007e-05,0.0001247,8.633e-05,1.583e-05,4.077e-05,1.007e-05,3.36e-06,2.062e-05,1.439e-05
PHORD0024b,0.05114231,0.15202108,0.00655055,0.00971394,0.00244466,0.50002108,0.00465165,0.00341639,0.00300431,0.03385625,0.00933685,0.00114039,0.00067657,0.00023575,0.00064303,0.00047293,0.00029851,9.535e-05,0.0016344,0.00032391,0.0003632,0.00096694,0.0002022,0.00088788,0.00087015,0.00032535,0.0014873,0.00042022,0.00013991,0.00060565,0.00753282,0.00041782,0.00012506,0.00496502,0.00044705,0.00022712,4.025e-05,4.696e-05,0.00017825,0.00026449,0.00029229,0.00015908,5.942e-05,0.00030379,4.648e-05,0.0001955,0.00014806,7.523e-05,3.833e-05,9.487e-05,2.923e-05,7.235e-05,0.00013991,0.00010829,3.498e-05,8.433e-05,0.00019214,1.198e-05,0.00023191,7.762e-05,6.037e-05,4.169e-05,0.00029899,0.00012746,0.00012458,0.00014087,3.83e-06,5.462e-05,1.677e-05,5.079e-05,1.294e-05,2.06e-05,8.433e-05,5.079e-05,9.008e-05,4.744e-05,9.679e-05,0.00035314,1.006e-05,2.108e-05,6.564e-05,5.558e-05,3.354e-05,0.00020172,0.00028606,0.00030762,6.564e-05,3.69e-05,0.00016435,0.00012889,3.402e-05,1.677e-05,2.827e-05,0.00011739,1.677e-05,4.025e-05,5.462e-05,3.642e-05,3.402e-05,8.194e-05,7.092e-05,0.00026258,7.235e-05,5.894e-05,8.577e-05,8.577e-05,1.629e-05,0.00016675,8.15e-06,8.337e-05,7.092e-05,0.00020508,2.587e-05,3.354e-05,9.6e-07,8.433e-05,2.4e-06,1.342e-05,0.00011116,2.3e-05,6.23e-06
PHORD0030b,0.04775503,0.12710642,0.00324784,0.00296884,0.00128763,0.59551294,0.00474065,0.00393384,0.00430393,0.02287872,0.0008605,0.00100096,0.00282023,0.00032167,0.00082311,0.00089214,0.00077852,0.00012368,0.00036817,0.00021093,0.00560738,0.00188015,0.00027756,0.00085618,0.00122052,0.00080297,0.00054602,0.0006395,2.541e-05,0.00040556,0.0001999,0.00040748,0.00023058,0.00039597,0.00029722,4.698e-05,1.342e-05,0.00012752,9.684e-05,5.129e-05,0.00011889,0.00138063,0.00019511,0.0001093,4.554e-05,0.0003164,0.00010355,0.00033269,1.918e-05,8.773e-05,3.5e-05,8.293e-05,5.129e-05,0.00017881,6.903e-05,0.00011218,6.328e-05,0.00010067,7.287e-05,6.088e-05,0.000128,4.027e-05,8.437e-05,0.00027996,4.746e-05,0.00015292,3.979e-05,8.917e-05,3.308e-05,7.862e-05,0.00032982,0.00033174,9.588e-05,4.458e-05,0.00017354,1.438e-05,9.396e-05,3.212e-05,3.02e-05,0.0002838,6.04e-05,5.034e-05,2.397e-05,0.00012848,0.00010738,7.095e-05,0.00011649,3.36e-06,9.3e-05,1.87e-05,0.00012176,2.157e-05,6.376e-05,0.00013567,4.506e-05,3.691e-05,3.787e-05,2.493e-05,4.458e-05,0.00013375,7.718e-05,3.979e-05,3.308e-05,2.493e-05,0.00012224,0.00017593,0.00013327,8.15e-05,3.404e-05,4.794e-05,2.493e-05,3.164e-05,0.00020949,0.00010307,0.00010211,2.109e-05,9.6e-07,2.109e-05,0.00024113,5.609e-05,2.445e-05
PHORD0031b,0.06610458,0.13911843,0.00634623,0.04987058,0.00314995,0.54960315,0.00459456,0.00294413,0.0016638,0.00561796,0.00133763,0.00053773,0.00268052,0.00168195,0.00053391,0.00059599,0.00047708,0.00019389,0.00100621,0.00027746,0.00033763,0.0017192,0.00011366,0.00022588,0.00110172,0.00043935,0.0004021,0.0003596,0.00010745,0.00030277,0.00011032,0.00107307,0.00027985,0.00035817,8.023e-05,6.638e-05,6.638e-05,3.964e-05,0.00042311,0.00011652,0.00021347,2.579e-05,6.59e-05,0.00018768,2.87e-06,0.0001533,0.00012798,6.16e-05,0.0002001,0.00016523,5.396e-05,6.208e-05,0.00053152,0.00011175,0.00159551,4.489e-05,3.438e-05,1.815e-05,0.00011223,0.00015234,0.00029083,0.00030946,5.826e-05,2.865e-05,5.635e-05,8.453e-05,0.00010888,6.877e-05,3.152e-05,1.528e-05,7.832e-05,9.217e-05,4.728e-05,5.205e-05,0.0002426,3.2e-05,0.00016523,2.579e-05,2.101e-05,0.00265138,6.781e-05,0.00011748,6.69e-06,7.163e-05,0.00010888,0.00013372,2.053e-05,0.00011127,7.402e-05,1.862e-05,0.00010888,3.534e-05,2.436e-05,4.346e-05,8.6e-06,0.00018434,2.674e-05,5.635e-05,0.00020821,0.0002106,2.149e-05,3.343e-05,4.967e-05,3.82e-06,1.815e-05,2.483e-05,6.686e-05,3.916e-05,4.585e-05,8.071e-05,4.728e-05,4.68e-05,1.91e-06,0.00011605,3.295e-05,6.972e-05,6.21e-06,4.78e-06,3.534e-05,6.495e-05,0.0
PHORD0034b,0.06972889,0.13583205,0.00677687,0.0013834,0.00234309,0.45090115,0.00671113,0.02068618,0.00476488,0.07058589,0.03777207,0.00140355,0.00104702,0.00020393,0.00147985,0.00302111,0.00063052,7.246e-05,0.00024472,0.00037044,0.0006214,0.00170585,9.981e-05,0.00057246,0.00737188,0.00020633,0.00017898,0.00117466,9.261e-05,0.00029127,0.00011468,0.00014107,0.00032582,0.00016843,0.00015067,5.95e-05,0.00012716,7.246e-05,9.933e-05,0.00024712,0.00016843,3.743e-05,6.958e-05,0.00028551,9.6e-06,4.798e-05,0.00032342,0.00036324,0.0001094,0.00017226,4.798e-05,0.00010797,0.0008738,0.00012188,5.614e-05,0.00308109,4.175e-05,4.271e-05,0.00017083,0.00010701,0.00012236,7.821e-05,0.00030038,2.207e-05,0.00010557,0.00023177,6.094e-05,0.00033685,1.056e-05,0.00049232,2.975e-05,2.303e-05,0.00052927,0.00022745,0.00017706,0.00019146,0.00030086,6.286e-05,0.00010509,0.00121305,7.006e-05,0.00013484,0.00014107,0.00011084,6.046e-05,0.00014587,1.488e-05,2.591e-05,0.00018714,2.927e-05,8.349e-05,5.614e-05,0.00031574,0.00012524,0.00020681,2.591e-05,0.00010125,3.647e-05,0.00017274,9.549e-05,3.551e-05,5.95e-05,5.662e-05,2.495e-05,0.00011948,0.00062812,7.15e-05,7.726e-05,0.00026056,1.775e-05,5.566e-05,1.679e-05,4.559e-05,0.00011132,9.981e-05,2.975e-05,2.783e-05,1.44e-06,1.392e-05,0.00015643,6.24e-06
PHORD0038b,0.04777436,0.1288579,0.012976,0.00432597,0.00545175,0.58181229,0.00157897,0.0118675,0.00534373,0.06201056,0.00162026,0.00118627,0.00070331,0.00168123,0.0012554,0.00045751,0.00048248,9.217e-05,0.0006073,0.00214738,0.00030773,0.00210034,0.00045223,0.00165867,0.00034181,0.00015795,0.00012866,0.00028565,0.00013682,0.00055689,9.169e-05,0.00012194,0.00028277,0.0001517,0.00033749,0.00010178,0.00015458,0.00027364,3.265e-05,0.00021171,0.0020072,2.688e-05,0.00031253,0.00019587,6.72e-06,3.457e-05,0.00014978,9.938e-05,0.00022324,0.00012002,6.049e-05,0.00016179,0.00031637,4.081e-05,4.465e-05,0.00012914,0.00011138,1.968e-05,0.00017571,0.00018579,1.536e-05,8.16e-06,0.00022996,5.857e-05,3.601e-05,0.00026788,5.665e-05,4.993e-05,2.832e-05,0.00014114,1.632e-05,2.544e-05,0.00013202,8.305e-05,3.361e-05,8.257e-05,5.665e-05,0.00010034,0.00010466,0.00024724,3.697e-05,1.68e-05,4.081e-05,0.00014162,0.00015554,0.00110994,2.976e-05,1.2e-05,0.00014162,4.273e-05,1.92e-05,1.92e-05,8.64e-06,8.64e-06,2.496e-05,3.985e-05,7.681e-05,1.92e-05,6.961e-05,3.217e-05,8.065e-05,1.392e-05,7.633e-05,0.0001469,5.953e-05,0.00064762,6.241e-05,0.00017859,9.6e-06,1.632e-05,5.281e-05,7.201e-05,2.256e-05,6.24e-06,2.64e-05,6.72e-06,6.72e-06,0.0,6.049e-05,1.392e-05,7.68e-06
PHORD0051b,0.07012237,0.12728824,0.0047022,0.00381071,0.00317161,0.60362141,0.00169885,0.00156644,0.00876386,0.0123805,0.00057887,0.00045985,0.00158509,0.00166348,0.00075765,0.00045841,0.00103776,0.00015727,0.00067925,0.0005435,0.0003217,0.00103776,0.00044551,0.00255163,0.00038719,0.00027055,0.00024809,0.00046033,3.155e-05,0.00070746,0.00015727,0.00014866,0.00026338,0.00013767,0.00031979,8.078e-05,8.13e-06,5.545e-05,0.00018595,0.00010612,0.00030115,0.00027916,0.00146845,0.00011281,2.916e-05,3.107e-05,8.604e-05,5.832e-05,0.00017639,0.00015631,6.023e-05,9.99e-05,4.732e-05,0.00010468,0.00010038,6.74e-05,0.00011472,6.453e-05,7.218e-05,2.008e-05,4.398e-05,6.692e-05,0.00010755,0.00010086,5.593e-05,0.00055306,0.00020937,7.696e-05,0.00020363,4.111e-05,7.457e-05,2.342e-05,2.055e-05,8.27e-05,0.0,5.26e-06,5.019e-05,7.6e-05,7.122e-05,9.847e-05,8.748e-05,4.541e-05,9.08e-06,0.00013719,0.00010325,9.465e-05,2.725e-05,3.681e-05,0.00013384,5.736e-05,1.434e-05,3.107e-05,4.35e-05,3.776e-05,1.147e-05,0.00011042,2.772e-05,2.008e-05,9.704e-05,0.00016444,5.449e-05,9.895e-05,3.728e-05,2.151e-05,5.354e-05,0.00015153,5.449e-05,0.00015727,2.581e-05,3.681e-05,2.533e-05,4.78e-06,2.772e-05,0.00012285,3.82e-06,3.537e-05,9.6e-07,2.87e-06,7.075e-05,1.434e-05,9.6e-07
PHORD0058b,0.06433652,0.12527733,0.01206396,0.04248687,0.00241527,0.46959427,0.00535704,0.02791647,0.0166463,0.06402243,0.00158043,0.00131885,0.00102816,0.00015704,0.00035084,0.00062291,0.00038998,0.00015084,0.00024248,0.0003432,0.00098186,0.00066539,0.00022912,0.00037661,0.01646921,0.00057661,0.00107017,0.00060668,0.0001957,0.00073461,0.00456897,6.348e-05,0.00030788,0.00012363,0.0002463,0.00050644,0.00031599,0.00014797,0.00011647,0.00050263,8.878e-05,0.00076038,0.00016181,0.00856229,4.248e-05,0.00017041,0.00012697,5.919e-05,0.00040907,0.00025823,9.069e-05,2.768e-05,0.00032411,0.00039666,2.578e-05,0.00043246,4.248e-05,2.148e-05,0.00014702,0.00017232,8.64e-05,0.00014749,0.00036802,7.924e-05,0.00014463,5.203e-05,7.208e-05,0.00017757,3.198e-05,5.632e-05,0.0001074,0.00011981,6.587e-05,0.00010501,0.00015513,2.912e-05,0.00014129,8.735e-05,9.594e-05,0.0001685,3.389e-05,5.107e-05,0.00019761,3.15e-05,8.353e-05,0.00018473,0.00010167,2.434e-05,6.301e-05,7.876e-05,0.00039952,0.00098854,7.733e-05,9.976e-05,3.055e-05,6.683e-05,1.48e-05,3.437e-05,5.06e-05,8.449e-05,5.442e-05,4.2e-05,1.002e-05,5.537e-05,0.00021432,0.00018091,1.862e-05,7.78e-05,5.73e-06,2.768e-05,0.00018329,3.58e-05,3.675e-05,7.112e-05,3.389e-05,0.00040955,6.587e-05,0.0,1.289e-05,8.59e-06,5.73e-06
PHORD0060b,0.09485961,0.03575946,0.00788884,0.00214279,0.00210589,0.55437997,0.00712027,0.03917633,0.00112171,0.11363632,0.00061763,0.00082463,0.00865788,0.0009195,0.00105942,0.00079444,0.00051797,0.00015908,0.00046095,0.0009195,0.00039291,0.00072448,0.00015046,0.00039051,0.00061332,0.00010637,5.51e-05,0.00155295,0.00013081,0.00049114,0.00015046,7.187e-05,0.00122856,0.00022856,0.00015621,2.396e-05,6.23e-06,0.00016148,0.0003723,0.00018975,0.00093388,0.00020556,5.606e-05,0.00015716,0.00011979,6.66e-05,0.00012171,3.785e-05,5.079e-05,0.0001126,4.073e-05,5.079e-05,9.631e-05,0.00025491,0.00010829,0.00408241,0.00015716,5.079e-05,0.00020556,7.571e-05,2.731e-05,0.00030043,0.00042549,9.919e-05,0.0001725,5.606e-05,1.773e-05,0.00011356,4.31e-06,7.427e-05,0.00011787,1.581e-05,4.744e-05,3.546e-05,1.294e-05,6.71e-06,5.846e-05,6.037e-05,5.462e-05,6.564e-05,5.702e-05,1.102e-05,0.00013416,0.00014231,2.156e-05,4.504e-05,0.0002597,3.35e-06,9.104e-05,7.139e-05,1.821e-05,5.462e-05,0.00088644,4.456e-05,5.271e-05,3.594e-05,0.0001586,0.00010254,4.6e-05,0.00013177,4.217e-05,1.246e-05,9.535e-05,0.00024581,8.289e-05,0.00011308,0.00038285,0.00029612,5.271e-05,3.115e-05,0.00018016,9.58e-06,9.58e-06,2.971e-05,1.677e-05,0.000161,4.8e-07,3.35e-06,1.677e-05,9.296e-05,1.39e-05
xgPhoLine2,0.25824148,0.05070715,0.00472588,0.08494335,0.10805569,0.1514844,0.00230581,0.1151493,0.0017254,0.03802832,0.00035382,0.01068171,0.00270571,0.00030533,0.00185742,0.00210274,0.00715602,0.00055065,0.00034902,0.00030773,0.00038934,0.00278012,0.00031253,0.00027604,0.00599232,0.03849016,7.825e-05,0.00021795,4.657e-05,8.209e-05,0.00014018,0.00028036,0.00021411,0.00104609,0.00190687,3.985e-05,9.313e-05,0.00035094,0.00045463,0.00019827,0.00010034,0.00016515,5.233e-05,7.921e-05,3.841e-05,0.0001253,0.00015266,5.137e-05,0.01222324,8.881e-05,0.00070715,6.337e-05,3.265e-05,6.913e-05,1.536e-05,7.585e-05,0.00015266,0.00014546,0.00017091,3.985e-05,0.00028469,0.00011762,0.00014354,3.553e-05,6.001e-05,6.049e-05,3.745e-05,0.00011906,0.00012914,0.0001469,3.217e-05,3.601e-05,0.00028805,0.0001277,7.729e-05,0.00010562,0.00011522,7.057e-05,9.6e-06,0.00013298,5.041e-05,6.481e-05,7.009e-05,3.505e-05,4.225e-05,2.208e-05,2.304e-05,6.193e-05,0.0001301,0.00092319,3.217e-05,9.6e-06,7.297e-05,0.0001061,3.024e-05,1.68e-05,1.728e-05,6.817e-05,6.097e-05,1.104e-05,6.481e-05,1.68e-05,3.889e-05,1.2e-05,8.593e-05,3.024e-05,0.00027652,1.824e-05,5.809e-05,8.977e-05,1.632e-05,8.16e-06,2.976e-05,0.00010514,3.072e-05,4.561e-05,4.32e-06,1.488e-05,8.449e-05,1.872e-05,0.0
xgSteCine2,0.16694724,0.12083789,0.02084221,0.0355458,0.01169544,0.00397938,0.0043012,0.13482158,0.00113333,0.0096988,0.00435588,0.00074436,0.00119472,0.00031079,0.00065276,0.00357794,0.00032662,0.00024508,0.001047,0.00033909,0.00077458,0.00782014,0.00015779,0.00050743,0.00014532,0.0605482,0.00055156,0.00043885,4.317e-05,0.00042158,0.00022974,0.00051894,0.00013189,0.00065947,0.00036307,0.00031127,0.0001036,5.899e-05,0.00014964,0.00026331,0.00014101,0.0004494,4.94e-05,0.00063405,5.468e-05,0.00098801,0.00022782,2.59e-05,0.00126619,0.00026475,5.564e-05,0.00045516,0.00058561,0.00016595,7.67e-06,9.305e-05,4.508e-05,3.453e-05,0.00014149,0.00019808,0.00014436,7.194e-05,0.00031703,0.00015827,9.544e-05,0.00012902,2.158e-05,4.029e-05,3.693e-05,0.0012518,1.631e-05,4.46e-05,8.585e-05,4.556e-05,0.00026091,2.878e-05,0.00020144,0.00036163,8.15e-06,0.0001952,0.00011271,3.405e-05,4.7e-05,0.00010168,0.00045851,0.00029832,9.496e-05,4.892e-05,0.00011847,6.235e-05,1.631e-05,6.763e-05,4.556e-05,5.612e-05,2.254e-05,7.626e-05,3.597e-05,6.331e-05,3.933e-05,8.633e-05,0.0001271,7.626e-05,2.926e-05,3.645e-05,0.0002446,0.0001554,0.00014484,0.00017026,9.448e-05,4.173e-05,3.357e-05,2.83e-05,8.393e-05,0.00030072,4.32e-06,3.741e-05,7.67e-06,1.92e-06,2.302e-05,5.18e-05,2.11e-05
xpLepCine2,0.38316651,0.02612249,0.01068756,0.00204115,0.00105502,0.00312153,0.05781292,0.19987703,0.00081148,0.00469761,0.01710766,0.00177799,0.00440144,0.00066938,0.00634593,0.00789474,0.00051531,0.00025646,0.00286077,0.00055981,0.00051579,0.00072679,0.00019139,0.00028421,0.00079187,0.00016603,0.00155981,0.00049713,0.00031005,0.00035885,6.89e-05,0.00041675,0.00056411,0.0003445,7.464e-05,6.842e-05,0.00043732,0.0025488,0.00430383,0.00033349,0.00052823,0.00085742,0.00017273,0.0001555,0.0001622,6.89e-05,0.00082105,0.00011483,0.00012488,0.00012679,6.316e-05,7.608e-05,0.00013158,0.00026651,3.541e-05,0.00047464,0.00037416,4.737e-05,0.0018201,0.00071483,0.00036938,0.00042344,0.00013349,0.00027416,0.00012919,7.703e-05,0.00021244,7.895e-05,4.641e-05,2.775e-05,0.00064833,0.00024067,5.359e-05,5.407e-05,0.00052919,0.00037081,0.00048756,9.761e-05,0.00024402,0.00024737,3.971e-05,5.502e-05,6.986e-05,0.00046459,0.00023349,0.00015311,0.00010383,0.00049569,0.00032632,0.00024737,9.569e-05,0.00017656,0.00078708,0.00032919,4.163e-05,8.278e-05,0.00026172,7.66e-06,0.00010144,0.00014115,8.13e-06,9.57e-06,0.00021053,0.00037081,0.00012488,9.426e-05,0.00014928,0.00036364,0.00012392,0.00011148,1.77e-05,7.56e-05,0.00051722,0.00020096,3.828e-05,9.426e-05,0.0003689,4.8e-07,0.00013493,0.00015502,4.067e-05
